ISO-10303-21;
HEADER;
FILE_DESCRIPTION(('Open CASCADE Model'),'2;1');
FILE_NAME('Open CASCADE Shape Model','2026-02-04T08:45:00',('Author'),(
    'Open CASCADE'),'Open CASCADE STEP processor 7.8','Open CASCADE 7.8'
  ,'Unknown');
FILE_SCHEMA(('AUTOMOTIVE_DESIGN { 1 0 10303 214 1 1 1 1 }'));
ENDSEC;
DATA;
#1 = APPLICATION_PROTOCOL_DEFINITION('international standard',
  'automotive_design',2000,#2);
#2 = APPLICATION_CONTEXT(
  'core data for automotive mechanical design processes');
#3 = SHAPE_DEFINITION_REPRESENTATION(#4,#10);
#4 = PRODUCT_DEFINITION_SHAPE('','',#5);
#5 = PRODUCT_DEFINITION('design','',#6,#9);
#6 = PRODUCT_DEFINITION_FORMATION('','',#7);
#7 = PRODUCT('Open CASCADE STEP translator 7.8 1',
  'Open CASCADE STEP translator 7.8 1','',(#8));
#8 = PRODUCT_CONTEXT('',#2,'mechanical');
#9 = PRODUCT_DEFINITION_CONTEXT('part definition',#2,'design');
#10 = ADVANCED_BREP_SHAPE_REPRESENTATION('',(#11,#15),#2723);
#11 = AXIS2_PLACEMENT_3D('',#12,#13,#14);
#12 = CARTESIAN_POINT('',(0.,0.,0.));
#13 = DIRECTION('',(0.,0.,1.));
#14 = DIRECTION('',(1.,0.,-0.));
#15 = MANIFOLD_SOLID_BREP('',#16);
#16 = CLOSED_SHELL('',(#17,#135,#213,#609,#663,#788,#815,#842,#869,#896,
    #903,#980,#1029,#1078,#1132,#1186,#1235,#1284,#1312,#1545,#1622,
    #1676,#1731,#1785,#1840,#1894,#1949,#1981,#2060,#2108,#2161,#2209,
    #2262,#2310,#2363,#2390,#2515,#2591,#2640,#2689,#2716));
#17 = ADVANCED_FACE('',(#18),#32,.F.);
#18 = FACE_BOUND('',#19,.F.);
#19 = EDGE_LOOP('',(#20,#55,#83,#111));
#20 = ORIENTED_EDGE('',*,*,#21,.F.);
#21 = EDGE_CURVE('',#22,#24,#26,.T.);
#22 = VERTEX_POINT('',#23);
#23 = CARTESIAN_POINT('',(-310.,-220.,0.));
#24 = VERTEX_POINT('',#25);
#25 = CARTESIAN_POINT('',(-310.,-220.,29.));
#26 = SURFACE_CURVE('',#27,(#31,#43),.PCURVE_S1.);
#27 = LINE('',#28,#29);
#28 = CARTESIAN_POINT('',(-310.,-220.,0.));
#29 = VECTOR('',#30,1.);
#30 = DIRECTION('',(0.,0.,1.));
#31 = PCURVE('',#32,#37);
#32 = PLANE('',#33);
#33 = AXIS2_PLACEMENT_3D('',#34,#35,#36);
#34 = CARTESIAN_POINT('',(-310.,-260.,0.));
#35 = DIRECTION('',(1.,0.,0.));
#36 = DIRECTION('',(0.,0.,1.));
#37 = DEFINITIONAL_REPRESENTATION('',(#38),#42);
#38 = LINE('',#39,#40);
#39 = CARTESIAN_POINT('',(0.,-40.));
#40 = VECTOR('',#41,1.);
#41 = DIRECTION('',(1.,0.));
#42 = ( GEOMETRIC_REPRESENTATION_CONTEXT(2) 
PARAMETRIC_REPRESENTATION_CONTEXT() REPRESENTATION_CONTEXT('2D SPACE',''
  ) );
#43 = PCURVE('',#44,#49);
#44 = CYLINDRICAL_SURFACE('',#45,40.);
#45 = AXIS2_PLACEMENT_3D('',#46,#47,#48);
#46 = CARTESIAN_POINT('',(-270.,-220.,0.));
#47 = DIRECTION('',(0.,0.,1.));
#48 = DIRECTION('',(-1.,-0.,0.));
#49 = DEFINITIONAL_REPRESENTATION('',(#50),#54);
#50 = LINE('',#51,#52);
#51 = CARTESIAN_POINT('',(0.,0.));
#52 = VECTOR('',#53,1.);
#53 = DIRECTION('',(0.,1.));
#54 = ( GEOMETRIC_REPRESENTATION_CONTEXT(2) 
PARAMETRIC_REPRESENTATION_CONTEXT() REPRESENTATION_CONTEXT('2D SPACE',''
  ) );
#55 = ORIENTED_EDGE('',*,*,#56,.T.);
#56 = EDGE_CURVE('',#22,#57,#59,.T.);
#57 = VERTEX_POINT('',#58);
#58 = CARTESIAN_POINT('',(-310.,220.,0.));
#59 = SURFACE_CURVE('',#60,(#64,#71),.PCURVE_S1.);
#60 = LINE('',#61,#62);
#61 = CARTESIAN_POINT('',(-310.,-260.,0.));
#62 = VECTOR('',#63,1.);
#63 = DIRECTION('',(0.,1.,0.));
#64 = PCURVE('',#32,#65);
#65 = DEFINITIONAL_REPRESENTATION('',(#66),#70);
#66 = LINE('',#67,#68);
#67 = CARTESIAN_POINT('',(0.,0.));
#68 = VECTOR('',#69,1.);
#69 = DIRECTION('',(0.,-1.));
#70 = ( GEOMETRIC_REPRESENTATION_CONTEXT(2) 
PARAMETRIC_REPRESENTATION_CONTEXT() REPRESENTATION_CONTEXT('2D SPACE',''
  ) );
#71 = PCURVE('',#72,#77);
#72 = PLANE('',#73);
#73 = AXIS2_PLACEMENT_3D('',#74,#75,#76);
#74 = CARTESIAN_POINT('',(-310.,-260.,0.));
#75 = DIRECTION('',(0.,0.,1.));
#76 = DIRECTION('',(1.,0.,0.));
#77 = DEFINITIONAL_REPRESENTATION('',(#78),#82);
#78 = LINE('',#79,#80);
#79 = CARTESIAN_POINT('',(0.,0.));
#80 = VECTOR('',#81,1.);
#81 = DIRECTION('',(0.,1.));
#82 = ( GEOMETRIC_REPRESENTATION_CONTEXT(2) 
PARAMETRIC_REPRESENTATION_CONTEXT() REPRESENTATION_CONTEXT('2D SPACE',''
  ) );
#83 = ORIENTED_EDGE('',*,*,#84,.T.);
#84 = EDGE_CURVE('',#57,#85,#87,.T.);
#85 = VERTEX_POINT('',#86);
#86 = CARTESIAN_POINT('',(-310.,220.,29.));
#87 = SURFACE_CURVE('',#88,(#92,#99),.PCURVE_S1.);
#88 = LINE('',#89,#90);
#89 = CARTESIAN_POINT('',(-310.,220.,0.));
#90 = VECTOR('',#91,1.);
#91 = DIRECTION('',(0.,0.,1.));
#92 = PCURVE('',#32,#93);
#93 = DEFINITIONAL_REPRESENTATION('',(#94),#98);
#94 = LINE('',#95,#96);
#95 = CARTESIAN_POINT('',(0.,-480.));
#96 = VECTOR('',#97,1.);
#97 = DIRECTION('',(1.,0.));
#98 = ( GEOMETRIC_REPRESENTATION_CONTEXT(2) 
PARAMETRIC_REPRESENTATION_CONTEXT() REPRESENTATION_CONTEXT('2D SPACE',''
  ) );
#99 = PCURVE('',#100,#105);
#100 = CYLINDRICAL_SURFACE('',#101,40.);
#101 = AXIS2_PLACEMENT_3D('',#102,#103,#104);
#102 = CARTESIAN_POINT('',(-270.,220.,0.));
#103 = DIRECTION('',(0.,0.,1.));
#104 = DIRECTION('',(-1.,-0.,0.));
#105 = DEFINITIONAL_REPRESENTATION('',(#106),#110);
#106 = LINE('',#107,#108);
#107 = CARTESIAN_POINT('',(-0.,0.));
#108 = VECTOR('',#109,1.);
#109 = DIRECTION('',(-0.,1.));
#110 = ( GEOMETRIC_REPRESENTATION_CONTEXT(2) 
PARAMETRIC_REPRESENTATION_CONTEXT() REPRESENTATION_CONTEXT('2D SPACE',''
  ) );
#111 = ORIENTED_EDGE('',*,*,#112,.T.);
#112 = EDGE_CURVE('',#85,#24,#113,.T.);
#113 = SURFACE_CURVE('',#114,(#118,#124),.PCURVE_S1.);
#114 = LINE('',#115,#116);
#115 = CARTESIAN_POINT('',(-310.,-262.5,29.));
#116 = VECTOR('',#117,1.);
#117 = DIRECTION('',(0.,-1.,0.));
#118 = PCURVE('',#32,#119);
#119 = DEFINITIONAL_REPRESENTATION('',(#120),#123);
#120 = B_SPLINE_CURVE_WITH_KNOTS('',1,(#121,#122),.UNSPECIFIED.,.F.,.F.,
  (2,2),(-482.5,-42.5),.PIECEWISE_BEZIER_KNOTS.);
#121 = CARTESIAN_POINT('',(29.,-480.));
#122 = CARTESIAN_POINT('',(29.,-40.));
#123 = ( GEOMETRIC_REPRESENTATION_CONTEXT(2) 
PARAMETRIC_REPRESENTATION_CONTEXT() REPRESENTATION_CONTEXT('2D SPACE',''
  ) );
#124 = PCURVE('',#125,#130);
#125 = PLANE('',#126);
#126 = AXIS2_PLACEMENT_3D('',#127,#128,#129);
#127 = CARTESIAN_POINT('',(-315.,-265.,29.));
#128 = DIRECTION('',(0.,0.,1.));
#129 = DIRECTION('',(1.,0.,0.));
#130 = DEFINITIONAL_REPRESENTATION('',(#131),#134);
#131 = B_SPLINE_CURVE_WITH_KNOTS('',1,(#132,#133),.UNSPECIFIED.,.F.,.F.,
  (2,2),(-482.5,-42.5),.PIECEWISE_BEZIER_KNOTS.);
#132 = CARTESIAN_POINT('',(5.,485.));
#133 = CARTESIAN_POINT('',(5.,45.));
#134 = ( GEOMETRIC_REPRESENTATION_CONTEXT(2) 
PARAMETRIC_REPRESENTATION_CONTEXT() REPRESENTATION_CONTEXT('2D SPACE',''
  ) );
#135 = ADVANCED_FACE('',(#136),#44,.T.);
#136 = FACE_BOUND('',#137,.T.);
#137 = EDGE_LOOP('',(#138,#139,#163,#191));
#138 = ORIENTED_EDGE('',*,*,#21,.F.);
#139 = ORIENTED_EDGE('',*,*,#140,.T.);
#140 = EDGE_CURVE('',#22,#141,#143,.T.);
#141 = VERTEX_POINT('',#142);
#142 = CARTESIAN_POINT('',(-270.,-260.,0.));
#143 = SURFACE_CURVE('',#144,(#149,#156),.PCURVE_S1.);
#144 = CIRCLE('',#145,40.);
#145 = AXIS2_PLACEMENT_3D('',#146,#147,#148);
#146 = CARTESIAN_POINT('',(-270.,-220.,0.));
#147 = DIRECTION('',(0.,0.,1.));
#148 = DIRECTION('',(0.,-1.,0.));
#149 = PCURVE('',#44,#150);
#150 = DEFINITIONAL_REPRESENTATION('',(#151),#155);
#151 = LINE('',#152,#153);
#152 = CARTESIAN_POINT('',(-4.712388980385,0.));
#153 = VECTOR('',#154,1.);
#154 = DIRECTION('',(1.,0.));
#155 = ( GEOMETRIC_REPRESENTATION_CONTEXT(2) 
PARAMETRIC_REPRESENTATION_CONTEXT() REPRESENTATION_CONTEXT('2D SPACE',''
  ) );
#156 = PCURVE('',#72,#157);
#157 = DEFINITIONAL_REPRESENTATION('',(#158),#162);
#158 = CIRCLE('',#159,40.);
#159 = AXIS2_PLACEMENT_2D('',#160,#161);
#160 = CARTESIAN_POINT('',(40.,40.));
#161 = DIRECTION('',(0.,-1.));
#162 = ( GEOMETRIC_REPRESENTATION_CONTEXT(2) 
PARAMETRIC_REPRESENTATION_CONTEXT() REPRESENTATION_CONTEXT('2D SPACE',''
  ) );
#163 = ORIENTED_EDGE('',*,*,#164,.T.);
#164 = EDGE_CURVE('',#141,#165,#167,.T.);
#165 = VERTEX_POINT('',#166);
#166 = CARTESIAN_POINT('',(-270.,-260.,29.));
#167 = SURFACE_CURVE('',#168,(#172,#179),.PCURVE_S1.);
#168 = LINE('',#169,#170);
#169 = CARTESIAN_POINT('',(-270.,-260.,0.));
#170 = VECTOR('',#171,1.);
#171 = DIRECTION('',(0.,0.,1.));
#172 = PCURVE('',#44,#173);
#173 = DEFINITIONAL_REPRESENTATION('',(#174),#178);
#174 = LINE('',#175,#176);
#175 = CARTESIAN_POINT('',(1.570796326795,0.));
#176 = VECTOR('',#177,1.);
#177 = DIRECTION('',(0.,1.));
#178 = ( GEOMETRIC_REPRESENTATION_CONTEXT(2) 
PARAMETRIC_REPRESENTATION_CONTEXT() REPRESENTATION_CONTEXT('2D SPACE',''
  ) );
#179 = PCURVE('',#180,#185);
#180 = PLANE('',#181);
#181 = AXIS2_PLACEMENT_3D('',#182,#183,#184);
#182 = CARTESIAN_POINT('',(-310.,-260.,0.));
#183 = DIRECTION('',(0.,1.,0.));
#184 = DIRECTION('',(0.,0.,1.));
#185 = DEFINITIONAL_REPRESENTATION('',(#186),#190);
#186 = LINE('',#187,#188);
#187 = CARTESIAN_POINT('',(0.,40.));
#188 = VECTOR('',#189,1.);
#189 = DIRECTION('',(1.,0.));
#190 = ( GEOMETRIC_REPRESENTATION_CONTEXT(2) 
PARAMETRIC_REPRESENTATION_CONTEXT() REPRESENTATION_CONTEXT('2D SPACE',''
  ) );
#191 = ORIENTED_EDGE('',*,*,#192,.F.);
#192 = EDGE_CURVE('',#24,#165,#193,.T.);
#193 = SURFACE_CURVE('',#194,(#199,#206),.PCURVE_S1.);
#194 = CIRCLE('',#195,40.);
#195 = AXIS2_PLACEMENT_3D('',#196,#197,#198);
#196 = CARTESIAN_POINT('',(-270.,-220.,29.));
#197 = DIRECTION('',(0.,0.,1.));
#198 = DIRECTION('',(-1.,-0.,0.));
#199 = PCURVE('',#44,#200);
#200 = DEFINITIONAL_REPRESENTATION('',(#201),#205);
#201 = LINE('',#202,#203);
#202 = CARTESIAN_POINT('',(0.,29.));
#203 = VECTOR('',#204,1.);
#204 = DIRECTION('',(1.,0.));
#205 = ( GEOMETRIC_REPRESENTATION_CONTEXT(2) 
PARAMETRIC_REPRESENTATION_CONTEXT() REPRESENTATION_CONTEXT('2D SPACE',''
  ) );
#206 = PCURVE('',#125,#207);
#207 = DEFINITIONAL_REPRESENTATION('',(#208),#212);
#208 = CIRCLE('',#209,40.);
#209 = AXIS2_PLACEMENT_2D('',#210,#211);
#210 = CARTESIAN_POINT('',(45.,45.));
#211 = DIRECTION('',(-1.,0.));
#212 = ( GEOMETRIC_REPRESENTATION_CONTEXT(2) 
PARAMETRIC_REPRESENTATION_CONTEXT() REPRESENTATION_CONTEXT('2D SPACE',''
  ) );
#213 = ADVANCED_FACE('',(#214,#371),#125,.T.);
#214 = FACE_BOUND('',#215,.T.);
#215 = EDGE_LOOP('',(#216,#240,#241,#242,#263,#292,#318,#347));
#216 = ORIENTED_EDGE('',*,*,#217,.T.);
#217 = EDGE_CURVE('',#218,#85,#220,.T.);
#218 = VERTEX_POINT('',#219);
#219 = CARTESIAN_POINT('',(-270.,260.,29.));
#220 = SURFACE_CURVE('',#221,(#226,#233),.PCURVE_S1.);
#221 = CIRCLE('',#222,40.);
#222 = AXIS2_PLACEMENT_3D('',#223,#224,#225);
#223 = CARTESIAN_POINT('',(-270.,220.,29.));
#224 = DIRECTION('',(0.,0.,1.));
#225 = DIRECTION('',(-1.,-0.,0.));
#226 = PCURVE('',#125,#227);
#227 = DEFINITIONAL_REPRESENTATION('',(#228),#232);
#228 = CIRCLE('',#229,40.);
#229 = AXIS2_PLACEMENT_2D('',#230,#231);
#230 = CARTESIAN_POINT('',(45.,485.));
#231 = DIRECTION('',(-1.,0.));
#232 = ( GEOMETRIC_REPRESENTATION_CONTEXT(2) 
PARAMETRIC_REPRESENTATION_CONTEXT() REPRESENTATION_CONTEXT('2D SPACE',''
  ) );
#233 = PCURVE('',#100,#234);
#234 = DEFINITIONAL_REPRESENTATION('',(#235),#239);
#235 = LINE('',#236,#237);
#236 = CARTESIAN_POINT('',(-6.28318530718,29.));
#237 = VECTOR('',#238,1.);
#238 = DIRECTION('',(1.,-0.));
#239 = ( GEOMETRIC_REPRESENTATION_CONTEXT(2) 
PARAMETRIC_REPRESENTATION_CONTEXT() REPRESENTATION_CONTEXT('2D SPACE',''
  ) );
#240 = ORIENTED_EDGE('',*,*,#112,.T.);
#241 = ORIENTED_EDGE('',*,*,#192,.T.);
#242 = ORIENTED_EDGE('',*,*,#243,.T.);
#243 = EDGE_CURVE('',#165,#244,#246,.T.);
#244 = VERTEX_POINT('',#245);
#245 = CARTESIAN_POINT('',(270.,-260.,29.));
#246 = SURFACE_CURVE('',#247,(#251,#257),.PCURVE_S1.);
#247 = LINE('',#248,#249);
#248 = CARTESIAN_POINT('',(-312.5,-260.,29.));
#249 = VECTOR('',#250,1.);
#250 = DIRECTION('',(1.,0.,0.));
#251 = PCURVE('',#125,#252);
#252 = DEFINITIONAL_REPRESENTATION('',(#253),#256);
#253 = B_SPLINE_CURVE_WITH_KNOTS('',1,(#254,#255),.UNSPECIFIED.,.F.,.F.,
  (2,2),(42.5,582.5),.PIECEWISE_BEZIER_KNOTS.);
#254 = CARTESIAN_POINT('',(45.,5.));
#255 = CARTESIAN_POINT('',(585.,5.));
#256 = ( GEOMETRIC_REPRESENTATION_CONTEXT(2) 
PARAMETRIC_REPRESENTATION_CONTEXT() REPRESENTATION_CONTEXT('2D SPACE',''
  ) );
#257 = PCURVE('',#180,#258);
#258 = DEFINITIONAL_REPRESENTATION('',(#259),#262);
#259 = B_SPLINE_CURVE_WITH_KNOTS('',1,(#260,#261),.UNSPECIFIED.,.F.,.F.,
  (2,2),(42.5,582.5),.PIECEWISE_BEZIER_KNOTS.);
#260 = CARTESIAN_POINT('',(29.,40.));
#261 = CARTESIAN_POINT('',(29.,580.));
#262 = ( GEOMETRIC_REPRESENTATION_CONTEXT(2) 
PARAMETRIC_REPRESENTATION_CONTEXT() REPRESENTATION_CONTEXT('2D SPACE',''
  ) );
#263 = ORIENTED_EDGE('',*,*,#264,.T.);
#264 = EDGE_CURVE('',#244,#265,#267,.T.);
#265 = VERTEX_POINT('',#266);
#266 = CARTESIAN_POINT('',(310.,-220.,29.));
#267 = SURFACE_CURVE('',#268,(#273,#280),.PCURVE_S1.);
#268 = CIRCLE('',#269,40.);
#269 = AXIS2_PLACEMENT_3D('',#270,#271,#272);
#270 = CARTESIAN_POINT('',(270.,-220.,29.));
#271 = DIRECTION('',(0.,0.,1.));
#272 = DIRECTION('',(1.,0.,-0.));
#273 = PCURVE('',#125,#274);
#274 = DEFINITIONAL_REPRESENTATION('',(#275),#279);
#275 = CIRCLE('',#276,40.);
#276 = AXIS2_PLACEMENT_2D('',#277,#278);
#277 = CARTESIAN_POINT('',(585.,45.));
#278 = DIRECTION('',(1.,0.));
#279 = ( GEOMETRIC_REPRESENTATION_CONTEXT(2) 
PARAMETRIC_REPRESENTATION_CONTEXT() REPRESENTATION_CONTEXT('2D SPACE',''
  ) );
#280 = PCURVE('',#281,#286);
#281 = CYLINDRICAL_SURFACE('',#282,40.);
#282 = AXIS2_PLACEMENT_3D('',#283,#284,#285);
#283 = CARTESIAN_POINT('',(270.,-220.,0.));
#284 = DIRECTION('',(0.,0.,1.));
#285 = DIRECTION('',(1.,0.,-0.));
#286 = DEFINITIONAL_REPRESENTATION('',(#287),#291);
#287 = LINE('',#288,#289);
#288 = CARTESIAN_POINT('',(-6.28318530718,29.));
#289 = VECTOR('',#290,1.);
#290 = DIRECTION('',(1.,-0.));
#291 = ( GEOMETRIC_REPRESENTATION_CONTEXT(2) 
PARAMETRIC_REPRESENTATION_CONTEXT() REPRESENTATION_CONTEXT('2D SPACE',''
  ) );
#292 = ORIENTED_EDGE('',*,*,#293,.F.);
#293 = EDGE_CURVE('',#294,#265,#296,.T.);
#294 = VERTEX_POINT('',#295);
#295 = CARTESIAN_POINT('',(310.,220.,29.));
#296 = SURFACE_CURVE('',#297,(#301,#307),.PCURVE_S1.);
#297 = LINE('',#298,#299);
#298 = CARTESIAN_POINT('',(310.,-262.5,29.));
#299 = VECTOR('',#300,1.);
#300 = DIRECTION('',(0.,-1.,0.));
#301 = PCURVE('',#125,#302);
#302 = DEFINITIONAL_REPRESENTATION('',(#303),#306);
#303 = B_SPLINE_CURVE_WITH_KNOTS('',1,(#304,#305),.UNSPECIFIED.,.F.,.F.,
  (2,2),(-482.5,-42.5),.PIECEWISE_BEZIER_KNOTS.);
#304 = CARTESIAN_POINT('',(625.,485.));
#305 = CARTESIAN_POINT('',(625.,45.));
#306 = ( GEOMETRIC_REPRESENTATION_CONTEXT(2) 
PARAMETRIC_REPRESENTATION_CONTEXT() REPRESENTATION_CONTEXT('2D SPACE',''
  ) );
#307 = PCURVE('',#308,#313);
#308 = PLANE('',#309);
#309 = AXIS2_PLACEMENT_3D('',#310,#311,#312);
#310 = CARTESIAN_POINT('',(310.,-260.,0.));
#311 = DIRECTION('',(1.,0.,0.));
#312 = DIRECTION('',(0.,0.,1.));
#313 = DEFINITIONAL_REPRESENTATION('',(#314),#317);
#314 = B_SPLINE_CURVE_WITH_KNOTS('',1,(#315,#316),.UNSPECIFIED.,.F.,.F.,
  (2,2),(-482.5,-42.5),.PIECEWISE_BEZIER_KNOTS.);
#315 = CARTESIAN_POINT('',(29.,-480.));
#316 = CARTESIAN_POINT('',(29.,-40.));
#317 = ( GEOMETRIC_REPRESENTATION_CONTEXT(2) 
PARAMETRIC_REPRESENTATION_CONTEXT() REPRESENTATION_CONTEXT('2D SPACE',''
  ) );
#318 = ORIENTED_EDGE('',*,*,#319,.T.);
#319 = EDGE_CURVE('',#294,#320,#322,.T.);
#320 = VERTEX_POINT('',#321);
#321 = CARTESIAN_POINT('',(270.,260.,29.));
#322 = SURFACE_CURVE('',#323,(#328,#335),.PCURVE_S1.);
#323 = CIRCLE('',#324,40.);
#324 = AXIS2_PLACEMENT_3D('',#325,#326,#327);
#325 = CARTESIAN_POINT('',(270.,220.,29.));
#326 = DIRECTION('',(0.,0.,1.));
#327 = DIRECTION('',(1.,0.,-0.));
#328 = PCURVE('',#125,#329);
#329 = DEFINITIONAL_REPRESENTATION('',(#330),#334);
#330 = CIRCLE('',#331,40.);
#331 = AXIS2_PLACEMENT_2D('',#332,#333);
#332 = CARTESIAN_POINT('',(585.,485.));
#333 = DIRECTION('',(1.,0.));
#334 = ( GEOMETRIC_REPRESENTATION_CONTEXT(2) 
PARAMETRIC_REPRESENTATION_CONTEXT() REPRESENTATION_CONTEXT('2D SPACE',''
  ) );
#335 = PCURVE('',#336,#341);
#336 = CYLINDRICAL_SURFACE('',#337,40.);
#337 = AXIS2_PLACEMENT_3D('',#338,#339,#340);
#338 = CARTESIAN_POINT('',(270.,220.,0.));
#339 = DIRECTION('',(0.,0.,1.));
#340 = DIRECTION('',(1.,0.,-0.));
#341 = DEFINITIONAL_REPRESENTATION('',(#342),#346);
#342 = LINE('',#343,#344);
#343 = CARTESIAN_POINT('',(0.,29.));
#344 = VECTOR('',#345,1.);
#345 = DIRECTION('',(1.,0.));
#346 = ( GEOMETRIC_REPRESENTATION_CONTEXT(2) 
PARAMETRIC_REPRESENTATION_CONTEXT() REPRESENTATION_CONTEXT('2D SPACE',''
  ) );
#347 = ORIENTED_EDGE('',*,*,#348,.F.);
#348 = EDGE_CURVE('',#218,#320,#349,.T.);
#349 = SURFACE_CURVE('',#350,(#354,#360),.PCURVE_S1.);
#350 = LINE('',#351,#352);
#351 = CARTESIAN_POINT('',(-312.5,260.,29.));
#352 = VECTOR('',#353,1.);
#353 = DIRECTION('',(1.,0.,0.));
#354 = PCURVE('',#125,#355);
#355 = DEFINITIONAL_REPRESENTATION('',(#356),#359);
#356 = B_SPLINE_CURVE_WITH_KNOTS('',1,(#357,#358),.UNSPECIFIED.,.F.,.F.,
  (2,2),(42.5,582.5),.PIECEWISE_BEZIER_KNOTS.);
#357 = CARTESIAN_POINT('',(45.,525.));
#358 = CARTESIAN_POINT('',(585.,525.));
#359 = ( GEOMETRIC_REPRESENTATION_CONTEXT(2) 
PARAMETRIC_REPRESENTATION_CONTEXT() REPRESENTATION_CONTEXT('2D SPACE',''
  ) );
#360 = PCURVE('',#361,#366);
#361 = PLANE('',#362);
#362 = AXIS2_PLACEMENT_3D('',#363,#364,#365);
#363 = CARTESIAN_POINT('',(-310.,260.,0.));
#364 = DIRECTION('',(0.,1.,0.));
#365 = DIRECTION('',(0.,0.,1.));
#366 = DEFINITIONAL_REPRESENTATION('',(#367),#370);
#367 = B_SPLINE_CURVE_WITH_KNOTS('',1,(#368,#369),.UNSPECIFIED.,.F.,.F.,
  (2,2),(42.5,582.5),.PIECEWISE_BEZIER_KNOTS.);
#368 = CARTESIAN_POINT('',(29.,40.));
#369 = CARTESIAN_POINT('',(29.,580.));
#370 = ( GEOMETRIC_REPRESENTATION_CONTEXT(2) 
PARAMETRIC_REPRESENTATION_CONTEXT() REPRESENTATION_CONTEXT('2D SPACE',''
  ) );
#371 = FACE_BOUND('',#372,.T.);
#372 = EDGE_LOOP('',(#373,#404,#432,#465,#493,#522,#550,#583));
#373 = ORIENTED_EDGE('',*,*,#374,.F.);
#374 = EDGE_CURVE('',#375,#377,#379,.T.);
#375 = VERTEX_POINT('',#376);
#376 = CARTESIAN_POINT('',(-308.5,-220.,29.));
#377 = VERTEX_POINT('',#378);
#378 = CARTESIAN_POINT('',(-270.,-258.5,29.));
#379 = SURFACE_CURVE('',#380,(#385,#392),.PCURVE_S1.);
#380 = CIRCLE('',#381,38.5);
#381 = AXIS2_PLACEMENT_3D('',#382,#383,#384);
#382 = CARTESIAN_POINT('',(-270.,-220.,29.));
#383 = DIRECTION('',(0.,0.,1.));
#384 = DIRECTION('',(0.,-1.,0.));
#385 = PCURVE('',#125,#386);
#386 = DEFINITIONAL_REPRESENTATION('',(#387),#391);
#387 = CIRCLE('',#388,38.5);
#388 = AXIS2_PLACEMENT_2D('',#389,#390);
#389 = CARTESIAN_POINT('',(45.,45.));
#390 = DIRECTION('',(0.,-1.));
#391 = ( GEOMETRIC_REPRESENTATION_CONTEXT(2) 
PARAMETRIC_REPRESENTATION_CONTEXT() REPRESENTATION_CONTEXT('2D SPACE',''
  ) );
#392 = PCURVE('',#393,#398);
#393 = CYLINDRICAL_SURFACE('',#394,38.5);
#394 = AXIS2_PLACEMENT_3D('',#395,#396,#397);
#395 = CARTESIAN_POINT('',(-270.,-220.,29.));
#396 = DIRECTION('',(0.,0.,1.));
#397 = DIRECTION('',(-1.,-0.,0.));
#398 = DEFINITIONAL_REPRESENTATION('',(#399),#403);
#399 = LINE('',#400,#401);
#400 = CARTESIAN_POINT('',(-4.712388980385,0.));
#401 = VECTOR('',#402,1.);
#402 = DIRECTION('',(1.,0.));
#403 = ( GEOMETRIC_REPRESENTATION_CONTEXT(2) 
PARAMETRIC_REPRESENTATION_CONTEXT() REPRESENTATION_CONTEXT('2D SPACE',''
  ) );
#404 = ORIENTED_EDGE('',*,*,#405,.T.);
#405 = EDGE_CURVE('',#375,#406,#408,.T.);
#406 = VERTEX_POINT('',#407);
#407 = CARTESIAN_POINT('',(-308.5,220.,29.));
#408 = SURFACE_CURVE('',#409,(#413,#420),.PCURVE_S1.);
#409 = LINE('',#410,#411);
#410 = CARTESIAN_POINT('',(-308.5,-258.5,29.));
#411 = VECTOR('',#412,1.);
#412 = DIRECTION('',(0.,1.,0.));
#413 = PCURVE('',#125,#414);
#414 = DEFINITIONAL_REPRESENTATION('',(#415),#419);
#415 = LINE('',#416,#417);
#416 = CARTESIAN_POINT('',(6.5,6.5));
#417 = VECTOR('',#418,1.);
#418 = DIRECTION('',(0.,1.));
#419 = ( GEOMETRIC_REPRESENTATION_CONTEXT(2) 
PARAMETRIC_REPRESENTATION_CONTEXT() REPRESENTATION_CONTEXT('2D SPACE',''
  ) );
#420 = PCURVE('',#421,#426);
#421 = PLANE('',#422);
#422 = AXIS2_PLACEMENT_3D('',#423,#424,#425);
#423 = CARTESIAN_POINT('',(-308.5,-258.5,29.));
#424 = DIRECTION('',(1.,0.,0.));
#425 = DIRECTION('',(0.,0.,1.));
#426 = DEFINITIONAL_REPRESENTATION('',(#427),#431);
#427 = LINE('',#428,#429);
#428 = CARTESIAN_POINT('',(0.,0.));
#429 = VECTOR('',#430,1.);
#430 = DIRECTION('',(0.,-1.));
#431 = ( GEOMETRIC_REPRESENTATION_CONTEXT(2) 
PARAMETRIC_REPRESENTATION_CONTEXT() REPRESENTATION_CONTEXT('2D SPACE',''
  ) );
#432 = ORIENTED_EDGE('',*,*,#433,.T.);
#433 = EDGE_CURVE('',#406,#434,#436,.T.);
#434 = VERTEX_POINT('',#435);
#435 = CARTESIAN_POINT('',(-270.,258.5,29.));
#436 = SURFACE_CURVE('',#437,(#442,#453),.PCURVE_S1.);
#437 = CIRCLE('',#438,38.5);
#438 = AXIS2_PLACEMENT_3D('',#439,#440,#441);
#439 = CARTESIAN_POINT('',(-270.,220.,29.));
#440 = DIRECTION('',(-0.,-0.,-1.));
#441 = DIRECTION('',(0.,-1.,0.));
#442 = PCURVE('',#125,#443);
#443 = DEFINITIONAL_REPRESENTATION('',(#444),#452);
#444 = ( BOUNDED_CURVE() B_SPLINE_CURVE(2,(#445,#446,#447,#448,#449,#450
,#451),.UNSPECIFIED.,.T.,.F.) B_SPLINE_CURVE_WITH_KNOTS((1,2,2,2,2,1),(
    -2.094395102393,0.,2.094395102393,4.188790204786,6.28318530718,
8.377580409573),.UNSPECIFIED.) CURVE() GEOMETRIC_REPRESENTATION_ITEM() 
RATIONAL_B_SPLINE_CURVE((1.,0.5,1.,0.5,1.,0.5,1.)) REPRESENTATION_ITEM(
  '') );
#445 = CARTESIAN_POINT('',(45.,446.5));
#446 = CARTESIAN_POINT('',(-21.6839560914,446.5));
#447 = CARTESIAN_POINT('',(11.658021954299,504.25));
#448 = CARTESIAN_POINT('',(45.,562.));
#449 = CARTESIAN_POINT('',(78.341978045701,504.25));
#450 = CARTESIAN_POINT('',(111.6839560914,446.5));
#451 = CARTESIAN_POINT('',(45.,446.5));
#452 = ( GEOMETRIC_REPRESENTATION_CONTEXT(2) 
PARAMETRIC_REPRESENTATION_CONTEXT() REPRESENTATION_CONTEXT('2D SPACE',''
  ) );
#453 = PCURVE('',#454,#459);
#454 = CYLINDRICAL_SURFACE('',#455,38.5);
#455 = AXIS2_PLACEMENT_3D('',#456,#457,#458);
#456 = CARTESIAN_POINT('',(-270.,220.,29.));
#457 = DIRECTION('',(0.,0.,1.));
#458 = DIRECTION('',(-1.,-0.,0.));
#459 = DEFINITIONAL_REPRESENTATION('',(#460),#464);
#460 = LINE('',#461,#462);
#461 = CARTESIAN_POINT('',(1.570796326795,-0.));
#462 = VECTOR('',#463,1.);
#463 = DIRECTION('',(-1.,0.));
#464 = ( GEOMETRIC_REPRESENTATION_CONTEXT(2) 
PARAMETRIC_REPRESENTATION_CONTEXT() REPRESENTATION_CONTEXT('2D SPACE',''
  ) );
#465 = ORIENTED_EDGE('',*,*,#466,.T.);
#466 = EDGE_CURVE('',#434,#467,#469,.T.);
#467 = VERTEX_POINT('',#468);
#468 = CARTESIAN_POINT('',(270.,258.5,29.));
#469 = SURFACE_CURVE('',#470,(#474,#481),.PCURVE_S1.);
#470 = LINE('',#471,#472);
#471 = CARTESIAN_POINT('',(-308.5,258.5,29.));
#472 = VECTOR('',#473,1.);
#473 = DIRECTION('',(1.,0.,0.));
#474 = PCURVE('',#125,#475);
#475 = DEFINITIONAL_REPRESENTATION('',(#476),#480);
#476 = LINE('',#477,#478);
#477 = CARTESIAN_POINT('',(6.5,523.5));
#478 = VECTOR('',#479,1.);
#479 = DIRECTION('',(1.,0.));
#480 = ( GEOMETRIC_REPRESENTATION_CONTEXT(2) 
PARAMETRIC_REPRESENTATION_CONTEXT() REPRESENTATION_CONTEXT('2D SPACE',''
  ) );
#481 = PCURVE('',#482,#487);
#482 = PLANE('',#483);
#483 = AXIS2_PLACEMENT_3D('',#484,#485,#486);
#484 = CARTESIAN_POINT('',(-308.5,258.5,29.));
#485 = DIRECTION('',(0.,1.,0.));
#486 = DIRECTION('',(0.,0.,1.));
#487 = DEFINITIONAL_REPRESENTATION('',(#488),#492);
#488 = LINE('',#489,#490);
#489 = CARTESIAN_POINT('',(0.,0.));
#490 = VECTOR('',#491,1.);
#491 = DIRECTION('',(0.,1.));
#492 = ( GEOMETRIC_REPRESENTATION_CONTEXT(2) 
PARAMETRIC_REPRESENTATION_CONTEXT() REPRESENTATION_CONTEXT('2D SPACE',''
  ) );
#493 = ORIENTED_EDGE('',*,*,#494,.F.);
#494 = EDGE_CURVE('',#495,#467,#497,.T.);
#495 = VERTEX_POINT('',#496);
#496 = CARTESIAN_POINT('',(308.5,220.,29.));
#497 = SURFACE_CURVE('',#498,(#503,#510),.PCURVE_S1.);
#498 = CIRCLE('',#499,38.5);
#499 = AXIS2_PLACEMENT_3D('',#500,#501,#502);
#500 = CARTESIAN_POINT('',(270.,220.,29.));
#501 = DIRECTION('',(0.,0.,1.));
#502 = DIRECTION('',(0.,-1.,0.));
#503 = PCURVE('',#125,#504);
#504 = DEFINITIONAL_REPRESENTATION('',(#505),#509);
#505 = CIRCLE('',#506,38.5);
#506 = AXIS2_PLACEMENT_2D('',#507,#508);
#507 = CARTESIAN_POINT('',(585.,485.));
#508 = DIRECTION('',(0.,-1.));
#509 = ( GEOMETRIC_REPRESENTATION_CONTEXT(2) 
PARAMETRIC_REPRESENTATION_CONTEXT() REPRESENTATION_CONTEXT('2D SPACE',''
  ) );
#510 = PCURVE('',#511,#516);
#511 = CYLINDRICAL_SURFACE('',#512,38.5);
#512 = AXIS2_PLACEMENT_3D('',#513,#514,#515);
#513 = CARTESIAN_POINT('',(270.,220.,29.));
#514 = DIRECTION('',(0.,0.,1.));
#515 = DIRECTION('',(1.,0.,-0.));
#516 = DEFINITIONAL_REPRESENTATION('',(#517),#521);
#517 = LINE('',#518,#519);
#518 = CARTESIAN_POINT('',(-1.570796326795,0.));
#519 = VECTOR('',#520,1.);
#520 = DIRECTION('',(1.,0.));
#521 = ( GEOMETRIC_REPRESENTATION_CONTEXT(2) 
PARAMETRIC_REPRESENTATION_CONTEXT() REPRESENTATION_CONTEXT('2D SPACE',''
  ) );
#522 = ORIENTED_EDGE('',*,*,#523,.F.);
#523 = EDGE_CURVE('',#524,#495,#526,.T.);
#524 = VERTEX_POINT('',#525);
#525 = CARTESIAN_POINT('',(308.5,-220.,29.));
#526 = SURFACE_CURVE('',#527,(#531,#538),.PCURVE_S1.);
#527 = LINE('',#528,#529);
#528 = CARTESIAN_POINT('',(308.5,-258.5,29.));
#529 = VECTOR('',#530,1.);
#530 = DIRECTION('',(0.,1.,0.));
#531 = PCURVE('',#125,#532);
#532 = DEFINITIONAL_REPRESENTATION('',(#533),#537);
#533 = LINE('',#534,#535);
#534 = CARTESIAN_POINT('',(623.5,6.5));
#535 = VECTOR('',#536,1.);
#536 = DIRECTION('',(0.,1.));
#537 = ( GEOMETRIC_REPRESENTATION_CONTEXT(2) 
PARAMETRIC_REPRESENTATION_CONTEXT() REPRESENTATION_CONTEXT('2D SPACE',''
  ) );
#538 = PCURVE('',#539,#544);
#539 = PLANE('',#540);
#540 = AXIS2_PLACEMENT_3D('',#541,#542,#543);
#541 = CARTESIAN_POINT('',(308.5,-258.5,29.));
#542 = DIRECTION('',(1.,0.,0.));
#543 = DIRECTION('',(0.,0.,1.));
#544 = DEFINITIONAL_REPRESENTATION('',(#545),#549);
#545 = LINE('',#546,#547);
#546 = CARTESIAN_POINT('',(0.,0.));
#547 = VECTOR('',#548,1.);
#548 = DIRECTION('',(0.,-1.));
#549 = ( GEOMETRIC_REPRESENTATION_CONTEXT(2) 
PARAMETRIC_REPRESENTATION_CONTEXT() REPRESENTATION_CONTEXT('2D SPACE',''
  ) );
#550 = ORIENTED_EDGE('',*,*,#551,.T.);
#551 = EDGE_CURVE('',#524,#552,#554,.T.);
#552 = VERTEX_POINT('',#553);
#553 = CARTESIAN_POINT('',(270.,-258.5,29.));
#554 = SURFACE_CURVE('',#555,(#560,#571),.PCURVE_S1.);
#555 = CIRCLE('',#556,38.5);
#556 = AXIS2_PLACEMENT_3D('',#557,#558,#559);
#557 = CARTESIAN_POINT('',(270.,-220.,29.));
#558 = DIRECTION('',(-0.,-0.,-1.));
#559 = DIRECTION('',(0.,-1.,0.));
#560 = PCURVE('',#125,#561);
#561 = DEFINITIONAL_REPRESENTATION('',(#562),#570);
#562 = ( BOUNDED_CURVE() B_SPLINE_CURVE(2,(#563,#564,#565,#566,#567,#568
,#569),.UNSPECIFIED.,.T.,.F.) B_SPLINE_CURVE_WITH_KNOTS((1,2,2,2,2,1),(
    -2.094395102393,0.,2.094395102393,4.188790204786,6.28318530718,
8.377580409573),.UNSPECIFIED.) CURVE() GEOMETRIC_REPRESENTATION_ITEM() 
RATIONAL_B_SPLINE_CURVE((1.,0.5,1.,0.5,1.,0.5,1.)) REPRESENTATION_ITEM(
  '') );
#563 = CARTESIAN_POINT('',(585.,6.5));
#564 = CARTESIAN_POINT('',(518.31604390859,6.5));
#565 = CARTESIAN_POINT('',(551.65802195429,64.25));
#566 = CARTESIAN_POINT('',(585.,122.));
#567 = CARTESIAN_POINT('',(618.3419780457,64.25));
#568 = CARTESIAN_POINT('',(651.6839560914,6.5));
#569 = CARTESIAN_POINT('',(585.,6.5));
#570 = ( GEOMETRIC_REPRESENTATION_CONTEXT(2) 
PARAMETRIC_REPRESENTATION_CONTEXT() REPRESENTATION_CONTEXT('2D SPACE',''
  ) );
#571 = PCURVE('',#572,#577);
#572 = CYLINDRICAL_SURFACE('',#573,38.5);
#573 = AXIS2_PLACEMENT_3D('',#574,#575,#576);
#574 = CARTESIAN_POINT('',(270.,-220.,29.));
#575 = DIRECTION('',(0.,0.,1.));
#576 = DIRECTION('',(1.,0.,-0.));
#577 = DEFINITIONAL_REPRESENTATION('',(#578),#582);
#578 = LINE('',#579,#580);
#579 = CARTESIAN_POINT('',(4.712388980385,-0.));
#580 = VECTOR('',#581,1.);
#581 = DIRECTION('',(-1.,0.));
#582 = ( GEOMETRIC_REPRESENTATION_CONTEXT(2) 
PARAMETRIC_REPRESENTATION_CONTEXT() REPRESENTATION_CONTEXT('2D SPACE',''
  ) );
#583 = ORIENTED_EDGE('',*,*,#584,.F.);
#584 = EDGE_CURVE('',#377,#552,#585,.T.);
#585 = SURFACE_CURVE('',#586,(#590,#597),.PCURVE_S1.);
#586 = LINE('',#587,#588);
#587 = CARTESIAN_POINT('',(-308.5,-258.5,29.));
#588 = VECTOR('',#589,1.);
#589 = DIRECTION('',(1.,0.,0.));
#590 = PCURVE('',#125,#591);
#591 = DEFINITIONAL_REPRESENTATION('',(#592),#596);
#592 = LINE('',#593,#594);
#593 = CARTESIAN_POINT('',(6.5,6.5));
#594 = VECTOR('',#595,1.);
#595 = DIRECTION('',(1.,0.));
#596 = ( GEOMETRIC_REPRESENTATION_CONTEXT(2) 
PARAMETRIC_REPRESENTATION_CONTEXT() REPRESENTATION_CONTEXT('2D SPACE',''
  ) );
#597 = PCURVE('',#598,#603);
#598 = PLANE('',#599);
#599 = AXIS2_PLACEMENT_3D('',#600,#601,#602);
#600 = CARTESIAN_POINT('',(-308.5,-258.5,29.));
#601 = DIRECTION('',(0.,1.,0.));
#602 = DIRECTION('',(0.,0.,1.));
#603 = DEFINITIONAL_REPRESENTATION('',(#604),#608);
#604 = LINE('',#605,#606);
#605 = CARTESIAN_POINT('',(0.,0.));
#606 = VECTOR('',#607,1.);
#607 = DIRECTION('',(0.,1.));
#608 = ( GEOMETRIC_REPRESENTATION_CONTEXT(2) 
PARAMETRIC_REPRESENTATION_CONTEXT() REPRESENTATION_CONTEXT('2D SPACE',''
  ) );
#609 = ADVANCED_FACE('',(#610),#100,.T.);
#610 = FACE_BOUND('',#611,.F.);
#611 = EDGE_LOOP('',(#612,#613,#641,#662));
#612 = ORIENTED_EDGE('',*,*,#84,.F.);
#613 = ORIENTED_EDGE('',*,*,#614,.T.);
#614 = EDGE_CURVE('',#57,#615,#617,.T.);
#615 = VERTEX_POINT('',#616);
#616 = CARTESIAN_POINT('',(-270.,260.,0.));
#617 = SURFACE_CURVE('',#618,(#623,#630),.PCURVE_S1.);
#618 = CIRCLE('',#619,40.);
#619 = AXIS2_PLACEMENT_3D('',#620,#621,#622);
#620 = CARTESIAN_POINT('',(-270.,220.,0.));
#621 = DIRECTION('',(-0.,-0.,-1.));
#622 = DIRECTION('',(0.,-1.,0.));
#623 = PCURVE('',#100,#624);
#624 = DEFINITIONAL_REPRESENTATION('',(#625),#629);
#625 = LINE('',#626,#627);
#626 = CARTESIAN_POINT('',(1.570796326795,-0.));
#627 = VECTOR('',#628,1.);
#628 = DIRECTION('',(-1.,0.));
#629 = ( GEOMETRIC_REPRESENTATION_CONTEXT(2) 
PARAMETRIC_REPRESENTATION_CONTEXT() REPRESENTATION_CONTEXT('2D SPACE',''
  ) );
#630 = PCURVE('',#72,#631);
#631 = DEFINITIONAL_REPRESENTATION('',(#632),#640);
#632 = ( BOUNDED_CURVE() B_SPLINE_CURVE(2,(#633,#634,#635,#636,#637,#638
,#639),.UNSPECIFIED.,.T.,.F.) B_SPLINE_CURVE_WITH_KNOTS((1,2,2,2,2,1),(
    -2.094395102393,0.,2.094395102393,4.188790204786,6.28318530718,
8.377580409573),.UNSPECIFIED.) CURVE() GEOMETRIC_REPRESENTATION_ITEM() 
RATIONAL_B_SPLINE_CURVE((1.,0.5,1.,0.5,1.,0.5,1.)) REPRESENTATION_ITEM(
  '') );
#633 = CARTESIAN_POINT('',(40.,440.));
#634 = CARTESIAN_POINT('',(-29.28203230275,440.));
#635 = CARTESIAN_POINT('',(5.358983848622,500.));
#636 = CARTESIAN_POINT('',(40.,560.));
#637 = CARTESIAN_POINT('',(74.641016151378,500.));
#638 = CARTESIAN_POINT('',(109.28203230275,440.));
#639 = CARTESIAN_POINT('',(40.,440.));
#640 = ( GEOMETRIC_REPRESENTATION_CONTEXT(2) 
PARAMETRIC_REPRESENTATION_CONTEXT() REPRESENTATION_CONTEXT('2D SPACE',''
  ) );
#641 = ORIENTED_EDGE('',*,*,#642,.T.);
#642 = EDGE_CURVE('',#615,#218,#643,.T.);
#643 = SURFACE_CURVE('',#644,(#648,#655),.PCURVE_S1.);
#644 = LINE('',#645,#646);
#645 = CARTESIAN_POINT('',(-270.,260.,0.));
#646 = VECTOR('',#647,1.);
#647 = DIRECTION('',(0.,0.,1.));
#648 = PCURVE('',#100,#649);
#649 = DEFINITIONAL_REPRESENTATION('',(#650),#654);
#650 = LINE('',#651,#652);
#651 = CARTESIAN_POINT('',(-1.570796326795,0.));
#652 = VECTOR('',#653,1.);
#653 = DIRECTION('',(-0.,1.));
#654 = ( GEOMETRIC_REPRESENTATION_CONTEXT(2) 
PARAMETRIC_REPRESENTATION_CONTEXT() REPRESENTATION_CONTEXT('2D SPACE',''
  ) );
#655 = PCURVE('',#361,#656);
#656 = DEFINITIONAL_REPRESENTATION('',(#657),#661);
#657 = LINE('',#658,#659);
#658 = CARTESIAN_POINT('',(0.,40.));
#659 = VECTOR('',#660,1.);
#660 = DIRECTION('',(1.,0.));
#661 = ( GEOMETRIC_REPRESENTATION_CONTEXT(2) 
PARAMETRIC_REPRESENTATION_CONTEXT() REPRESENTATION_CONTEXT('2D SPACE',''
  ) );
#662 = ORIENTED_EDGE('',*,*,#217,.T.);
#663 = ADVANCED_FACE('',(#664),#72,.F.);
#664 = FACE_BOUND('',#665,.F.);
#665 = EDGE_LOOP('',(#666,#667,#668,#691,#719,#742,#766,#787));
#666 = ORIENTED_EDGE('',*,*,#56,.F.);
#667 = ORIENTED_EDGE('',*,*,#140,.T.);
#668 = ORIENTED_EDGE('',*,*,#669,.T.);
#669 = EDGE_CURVE('',#141,#670,#672,.T.);
#670 = VERTEX_POINT('',#671);
#671 = CARTESIAN_POINT('',(270.,-260.,0.));
#672 = SURFACE_CURVE('',#673,(#677,#684),.PCURVE_S1.);
#673 = LINE('',#674,#675);
#674 = CARTESIAN_POINT('',(-310.,-260.,0.));
#675 = VECTOR('',#676,1.);
#676 = DIRECTION('',(1.,0.,0.));
#677 = PCURVE('',#72,#678);
#678 = DEFINITIONAL_REPRESENTATION('',(#679),#683);
#679 = LINE('',#680,#681);
#680 = CARTESIAN_POINT('',(0.,0.));
#681 = VECTOR('',#682,1.);
#682 = DIRECTION('',(1.,0.));
#683 = ( GEOMETRIC_REPRESENTATION_CONTEXT(2) 
PARAMETRIC_REPRESENTATION_CONTEXT() REPRESENTATION_CONTEXT('2D SPACE',''
  ) );
#684 = PCURVE('',#180,#685);
#685 = DEFINITIONAL_REPRESENTATION('',(#686),#690);
#686 = LINE('',#687,#688);
#687 = CARTESIAN_POINT('',(0.,0.));
#688 = VECTOR('',#689,1.);
#689 = DIRECTION('',(0.,1.));
#690 = ( GEOMETRIC_REPRESENTATION_CONTEXT(2) 
PARAMETRIC_REPRESENTATION_CONTEXT() REPRESENTATION_CONTEXT('2D SPACE',''
  ) );
#691 = ORIENTED_EDGE('',*,*,#692,.F.);
#692 = EDGE_CURVE('',#693,#670,#695,.T.);
#693 = VERTEX_POINT('',#694);
#694 = CARTESIAN_POINT('',(310.,-220.,0.));
#695 = SURFACE_CURVE('',#696,(#701,#712),.PCURVE_S1.);
#696 = CIRCLE('',#697,40.);
#697 = AXIS2_PLACEMENT_3D('',#698,#699,#700);
#698 = CARTESIAN_POINT('',(270.,-220.,0.));
#699 = DIRECTION('',(-0.,-0.,-1.));
#700 = DIRECTION('',(0.,-1.,0.));
#701 = PCURVE('',#72,#702);
#702 = DEFINITIONAL_REPRESENTATION('',(#703),#711);
#703 = ( BOUNDED_CURVE() B_SPLINE_CURVE(2,(#704,#705,#706,#707,#708,#709
,#710),.UNSPECIFIED.,.T.,.F.) B_SPLINE_CURVE_WITH_KNOTS((1,2,2,2,2,1),(
    -2.094395102393,0.,2.094395102393,4.188790204786,6.28318530718,
8.377580409573),.UNSPECIFIED.) CURVE() GEOMETRIC_REPRESENTATION_ITEM() 
RATIONAL_B_SPLINE_CURVE((1.,0.5,1.,0.5,1.,0.5,1.)) REPRESENTATION_ITEM(
  '') );
#704 = CARTESIAN_POINT('',(580.,0.));
#705 = CARTESIAN_POINT('',(510.71796769724,0.));
#706 = CARTESIAN_POINT('',(545.35898384862,60.));
#707 = CARTESIAN_POINT('',(580.,120.));
#708 = CARTESIAN_POINT('',(614.64101615137,60.));
#709 = CARTESIAN_POINT('',(649.28203230275,6.394884621841E-14));
#710 = CARTESIAN_POINT('',(580.,0.));
#711 = ( GEOMETRIC_REPRESENTATION_CONTEXT(2) 
PARAMETRIC_REPRESENTATION_CONTEXT() REPRESENTATION_CONTEXT('2D SPACE',''
  ) );
#712 = PCURVE('',#281,#713);
#713 = DEFINITIONAL_REPRESENTATION('',(#714),#718);
#714 = LINE('',#715,#716);
#715 = CARTESIAN_POINT('',(4.712388980385,-0.));
#716 = VECTOR('',#717,1.);
#717 = DIRECTION('',(-1.,0.));
#718 = ( GEOMETRIC_REPRESENTATION_CONTEXT(2) 
PARAMETRIC_REPRESENTATION_CONTEXT() REPRESENTATION_CONTEXT('2D SPACE',''
  ) );
#719 = ORIENTED_EDGE('',*,*,#720,.T.);
#720 = EDGE_CURVE('',#693,#721,#723,.T.);
#721 = VERTEX_POINT('',#722);
#722 = CARTESIAN_POINT('',(310.,220.,0.));
#723 = SURFACE_CURVE('',#724,(#728,#735),.PCURVE_S1.);
#724 = LINE('',#725,#726);
#725 = CARTESIAN_POINT('',(310.,-260.,0.));
#726 = VECTOR('',#727,1.);
#727 = DIRECTION('',(0.,1.,0.));
#728 = PCURVE('',#72,#729);
#729 = DEFINITIONAL_REPRESENTATION('',(#730),#734);
#730 = LINE('',#731,#732);
#731 = CARTESIAN_POINT('',(620.,0.));
#732 = VECTOR('',#733,1.);
#733 = DIRECTION('',(0.,1.));
#734 = ( GEOMETRIC_REPRESENTATION_CONTEXT(2) 
PARAMETRIC_REPRESENTATION_CONTEXT() REPRESENTATION_CONTEXT('2D SPACE',''
  ) );
#735 = PCURVE('',#308,#736);
#736 = DEFINITIONAL_REPRESENTATION('',(#737),#741);
#737 = LINE('',#738,#739);
#738 = CARTESIAN_POINT('',(0.,0.));
#739 = VECTOR('',#740,1.);
#740 = DIRECTION('',(0.,-1.));
#741 = ( GEOMETRIC_REPRESENTATION_CONTEXT(2) 
PARAMETRIC_REPRESENTATION_CONTEXT() REPRESENTATION_CONTEXT('2D SPACE',''
  ) );
#742 = ORIENTED_EDGE('',*,*,#743,.T.);
#743 = EDGE_CURVE('',#721,#744,#746,.T.);
#744 = VERTEX_POINT('',#745);
#745 = CARTESIAN_POINT('',(270.,260.,0.));
#746 = SURFACE_CURVE('',#747,(#752,#759),.PCURVE_S1.);
#747 = CIRCLE('',#748,40.);
#748 = AXIS2_PLACEMENT_3D('',#749,#750,#751);
#749 = CARTESIAN_POINT('',(270.,220.,0.));
#750 = DIRECTION('',(0.,0.,1.));
#751 = DIRECTION('',(0.,-1.,0.));
#752 = PCURVE('',#72,#753);
#753 = DEFINITIONAL_REPRESENTATION('',(#754),#758);
#754 = CIRCLE('',#755,40.);
#755 = AXIS2_PLACEMENT_2D('',#756,#757);
#756 = CARTESIAN_POINT('',(580.,480.));
#757 = DIRECTION('',(0.,-1.));
#758 = ( GEOMETRIC_REPRESENTATION_CONTEXT(2) 
PARAMETRIC_REPRESENTATION_CONTEXT() REPRESENTATION_CONTEXT('2D SPACE',''
  ) );
#759 = PCURVE('',#336,#760);
#760 = DEFINITIONAL_REPRESENTATION('',(#761),#765);
#761 = LINE('',#762,#763);
#762 = CARTESIAN_POINT('',(-1.570796326795,0.));
#763 = VECTOR('',#764,1.);
#764 = DIRECTION('',(1.,0.));
#765 = ( GEOMETRIC_REPRESENTATION_CONTEXT(2) 
PARAMETRIC_REPRESENTATION_CONTEXT() REPRESENTATION_CONTEXT('2D SPACE',''
  ) );
#766 = ORIENTED_EDGE('',*,*,#767,.F.);
#767 = EDGE_CURVE('',#615,#744,#768,.T.);
#768 = SURFACE_CURVE('',#769,(#773,#780),.PCURVE_S1.);
#769 = LINE('',#770,#771);
#770 = CARTESIAN_POINT('',(-310.,260.,0.));
#771 = VECTOR('',#772,1.);
#772 = DIRECTION('',(1.,0.,0.));
#773 = PCURVE('',#72,#774);
#774 = DEFINITIONAL_REPRESENTATION('',(#775),#779);
#775 = LINE('',#776,#777);
#776 = CARTESIAN_POINT('',(0.,520.));
#777 = VECTOR('',#778,1.);
#778 = DIRECTION('',(1.,0.));
#779 = ( GEOMETRIC_REPRESENTATION_CONTEXT(2) 
PARAMETRIC_REPRESENTATION_CONTEXT() REPRESENTATION_CONTEXT('2D SPACE',''
  ) );
#780 = PCURVE('',#361,#781);
#781 = DEFINITIONAL_REPRESENTATION('',(#782),#786);
#782 = LINE('',#783,#784);
#783 = CARTESIAN_POINT('',(0.,0.));
#784 = VECTOR('',#785,1.);
#785 = DIRECTION('',(0.,1.));
#786 = ( GEOMETRIC_REPRESENTATION_CONTEXT(2) 
PARAMETRIC_REPRESENTATION_CONTEXT() REPRESENTATION_CONTEXT('2D SPACE',''
  ) );
#787 = ORIENTED_EDGE('',*,*,#614,.F.);
#788 = ADVANCED_FACE('',(#789),#180,.F.);
#789 = FACE_BOUND('',#790,.F.);
#790 = EDGE_LOOP('',(#791,#792,#793,#794));
#791 = ORIENTED_EDGE('',*,*,#669,.F.);
#792 = ORIENTED_EDGE('',*,*,#164,.T.);
#793 = ORIENTED_EDGE('',*,*,#243,.T.);
#794 = ORIENTED_EDGE('',*,*,#795,.F.);
#795 = EDGE_CURVE('',#670,#244,#796,.T.);
#796 = SURFACE_CURVE('',#797,(#801,#808),.PCURVE_S1.);
#797 = LINE('',#798,#799);
#798 = CARTESIAN_POINT('',(270.,-260.,0.));
#799 = VECTOR('',#800,1.);
#800 = DIRECTION('',(0.,0.,1.));
#801 = PCURVE('',#180,#802);
#802 = DEFINITIONAL_REPRESENTATION('',(#803),#807);
#803 = LINE('',#804,#805);
#804 = CARTESIAN_POINT('',(0.,580.));
#805 = VECTOR('',#806,1.);
#806 = DIRECTION('',(1.,0.));
#807 = ( GEOMETRIC_REPRESENTATION_CONTEXT(2) 
PARAMETRIC_REPRESENTATION_CONTEXT() REPRESENTATION_CONTEXT('2D SPACE',''
  ) );
#808 = PCURVE('',#281,#809);
#809 = DEFINITIONAL_REPRESENTATION('',(#810),#814);
#810 = LINE('',#811,#812);
#811 = CARTESIAN_POINT('',(-1.570796326795,0.));
#812 = VECTOR('',#813,1.);
#813 = DIRECTION('',(-0.,1.));
#814 = ( GEOMETRIC_REPRESENTATION_CONTEXT(2) 
PARAMETRIC_REPRESENTATION_CONTEXT() REPRESENTATION_CONTEXT('2D SPACE',''
  ) );
#815 = ADVANCED_FACE('',(#816),#361,.T.);
#816 = FACE_BOUND('',#817,.T.);
#817 = EDGE_LOOP('',(#818,#819,#820,#821));
#818 = ORIENTED_EDGE('',*,*,#767,.F.);
#819 = ORIENTED_EDGE('',*,*,#642,.T.);
#820 = ORIENTED_EDGE('',*,*,#348,.T.);
#821 = ORIENTED_EDGE('',*,*,#822,.F.);
#822 = EDGE_CURVE('',#744,#320,#823,.T.);
#823 = SURFACE_CURVE('',#824,(#828,#835),.PCURVE_S1.);
#824 = LINE('',#825,#826);
#825 = CARTESIAN_POINT('',(270.,260.,0.));
#826 = VECTOR('',#827,1.);
#827 = DIRECTION('',(0.,0.,1.));
#828 = PCURVE('',#361,#829);
#829 = DEFINITIONAL_REPRESENTATION('',(#830),#834);
#830 = LINE('',#831,#832);
#831 = CARTESIAN_POINT('',(0.,580.));
#832 = VECTOR('',#833,1.);
#833 = DIRECTION('',(1.,0.));
#834 = ( GEOMETRIC_REPRESENTATION_CONTEXT(2) 
PARAMETRIC_REPRESENTATION_CONTEXT() REPRESENTATION_CONTEXT('2D SPACE',''
  ) );
#835 = PCURVE('',#336,#836);
#836 = DEFINITIONAL_REPRESENTATION('',(#837),#841);
#837 = LINE('',#838,#839);
#838 = CARTESIAN_POINT('',(1.570796326795,0.));
#839 = VECTOR('',#840,1.);
#840 = DIRECTION('',(0.,1.));
#841 = ( GEOMETRIC_REPRESENTATION_CONTEXT(2) 
PARAMETRIC_REPRESENTATION_CONTEXT() REPRESENTATION_CONTEXT('2D SPACE',''
  ) );
#842 = ADVANCED_FACE('',(#843),#336,.T.);
#843 = FACE_BOUND('',#844,.T.);
#844 = EDGE_LOOP('',(#845,#866,#867,#868));
#845 = ORIENTED_EDGE('',*,*,#846,.F.);
#846 = EDGE_CURVE('',#721,#294,#847,.T.);
#847 = SURFACE_CURVE('',#848,(#852,#859),.PCURVE_S1.);
#848 = LINE('',#849,#850);
#849 = CARTESIAN_POINT('',(310.,220.,0.));
#850 = VECTOR('',#851,1.);
#851 = DIRECTION('',(0.,0.,1.));
#852 = PCURVE('',#336,#853);
#853 = DEFINITIONAL_REPRESENTATION('',(#854),#858);
#854 = LINE('',#855,#856);
#855 = CARTESIAN_POINT('',(0.,0.));
#856 = VECTOR('',#857,1.);
#857 = DIRECTION('',(0.,1.));
#858 = ( GEOMETRIC_REPRESENTATION_CONTEXT(2) 
PARAMETRIC_REPRESENTATION_CONTEXT() REPRESENTATION_CONTEXT('2D SPACE',''
  ) );
#859 = PCURVE('',#308,#860);
#860 = DEFINITIONAL_REPRESENTATION('',(#861),#865);
#861 = LINE('',#862,#863);
#862 = CARTESIAN_POINT('',(0.,-480.));
#863 = VECTOR('',#864,1.);
#864 = DIRECTION('',(1.,0.));
#865 = ( GEOMETRIC_REPRESENTATION_CONTEXT(2) 
PARAMETRIC_REPRESENTATION_CONTEXT() REPRESENTATION_CONTEXT('2D SPACE',''
  ) );
#866 = ORIENTED_EDGE('',*,*,#743,.T.);
#867 = ORIENTED_EDGE('',*,*,#822,.T.);
#868 = ORIENTED_EDGE('',*,*,#319,.F.);
#869 = ADVANCED_FACE('',(#870),#308,.T.);
#870 = FACE_BOUND('',#871,.T.);
#871 = EDGE_LOOP('',(#872,#893,#894,#895));
#872 = ORIENTED_EDGE('',*,*,#873,.F.);
#873 = EDGE_CURVE('',#693,#265,#874,.T.);
#874 = SURFACE_CURVE('',#875,(#879,#886),.PCURVE_S1.);
#875 = LINE('',#876,#877);
#876 = CARTESIAN_POINT('',(310.,-220.,0.));
#877 = VECTOR('',#878,1.);
#878 = DIRECTION('',(0.,0.,1.));
#879 = PCURVE('',#308,#880);
#880 = DEFINITIONAL_REPRESENTATION('',(#881),#885);
#881 = LINE('',#882,#883);
#882 = CARTESIAN_POINT('',(0.,-40.));
#883 = VECTOR('',#884,1.);
#884 = DIRECTION('',(1.,0.));
#885 = ( GEOMETRIC_REPRESENTATION_CONTEXT(2) 
PARAMETRIC_REPRESENTATION_CONTEXT() REPRESENTATION_CONTEXT('2D SPACE',''
  ) );
#886 = PCURVE('',#281,#887);
#887 = DEFINITIONAL_REPRESENTATION('',(#888),#892);
#888 = LINE('',#889,#890);
#889 = CARTESIAN_POINT('',(-0.,0.));
#890 = VECTOR('',#891,1.);
#891 = DIRECTION('',(-0.,1.));
#892 = ( GEOMETRIC_REPRESENTATION_CONTEXT(2) 
PARAMETRIC_REPRESENTATION_CONTEXT() REPRESENTATION_CONTEXT('2D SPACE',''
  ) );
#893 = ORIENTED_EDGE('',*,*,#720,.T.);
#894 = ORIENTED_EDGE('',*,*,#846,.T.);
#895 = ORIENTED_EDGE('',*,*,#293,.T.);
#896 = ADVANCED_FACE('',(#897),#281,.T.);
#897 = FACE_BOUND('',#898,.F.);
#898 = EDGE_LOOP('',(#899,#900,#901,#902));
#899 = ORIENTED_EDGE('',*,*,#873,.F.);
#900 = ORIENTED_EDGE('',*,*,#692,.T.);
#901 = ORIENTED_EDGE('',*,*,#795,.T.);
#902 = ORIENTED_EDGE('',*,*,#264,.T.);
#903 = ADVANCED_FACE('',(#904),#393,.T.);
#904 = FACE_BOUND('',#905,.T.);
#905 = EDGE_LOOP('',(#906,#907,#930,#959));
#906 = ORIENTED_EDGE('',*,*,#374,.T.);
#907 = ORIENTED_EDGE('',*,*,#908,.T.);
#908 = EDGE_CURVE('',#377,#909,#911,.T.);
#909 = VERTEX_POINT('',#910);
#910 = CARTESIAN_POINT('',(-270.,-258.5,31.));
#911 = SURFACE_CURVE('',#912,(#916,#923),.PCURVE_S1.);
#912 = LINE('',#913,#914);
#913 = CARTESIAN_POINT('',(-270.,-258.5,29.));
#914 = VECTOR('',#915,1.);
#915 = DIRECTION('',(0.,0.,1.));
#916 = PCURVE('',#393,#917);
#917 = DEFINITIONAL_REPRESENTATION('',(#918),#922);
#918 = LINE('',#919,#920);
#919 = CARTESIAN_POINT('',(1.570796326795,0.));
#920 = VECTOR('',#921,1.);
#921 = DIRECTION('',(0.,1.));
#922 = ( GEOMETRIC_REPRESENTATION_CONTEXT(2) 
PARAMETRIC_REPRESENTATION_CONTEXT() REPRESENTATION_CONTEXT('2D SPACE',''
  ) );
#923 = PCURVE('',#598,#924);
#924 = DEFINITIONAL_REPRESENTATION('',(#925),#929);
#925 = LINE('',#926,#927);
#926 = CARTESIAN_POINT('',(0.,38.5));
#927 = VECTOR('',#928,1.);
#928 = DIRECTION('',(1.,0.));
#929 = ( GEOMETRIC_REPRESENTATION_CONTEXT(2) 
PARAMETRIC_REPRESENTATION_CONTEXT() REPRESENTATION_CONTEXT('2D SPACE',''
  ) );
#930 = ORIENTED_EDGE('',*,*,#931,.F.);
#931 = EDGE_CURVE('',#932,#909,#934,.T.);
#932 = VERTEX_POINT('',#933);
#933 = CARTESIAN_POINT('',(-308.5,-220.,31.));
#934 = SURFACE_CURVE('',#935,(#940,#947),.PCURVE_S1.);
#935 = CIRCLE('',#936,38.5);
#936 = AXIS2_PLACEMENT_3D('',#937,#938,#939);
#937 = CARTESIAN_POINT('',(-270.,-220.,31.));
#938 = DIRECTION('',(0.,0.,1.));
#939 = DIRECTION('',(0.,-1.,0.));
#940 = PCURVE('',#393,#941);
#941 = DEFINITIONAL_REPRESENTATION('',(#942),#946);
#942 = LINE('',#943,#944);
#943 = CARTESIAN_POINT('',(-4.712388980385,2.));
#944 = VECTOR('',#945,1.);
#945 = DIRECTION('',(1.,0.));
#946 = ( GEOMETRIC_REPRESENTATION_CONTEXT(2) 
PARAMETRIC_REPRESENTATION_CONTEXT() REPRESENTATION_CONTEXT('2D SPACE',''
  ) );
#947 = PCURVE('',#948,#953);
#948 = PLANE('',#949);
#949 = AXIS2_PLACEMENT_3D('',#950,#951,#952);
#950 = CARTESIAN_POINT('',(-315.,-265.,31.));
#951 = DIRECTION('',(0.,0.,1.));
#952 = DIRECTION('',(1.,0.,0.));
#953 = DEFINITIONAL_REPRESENTATION('',(#954),#958);
#954 = CIRCLE('',#955,38.5);
#955 = AXIS2_PLACEMENT_2D('',#956,#957);
#956 = CARTESIAN_POINT('',(45.,45.));
#957 = DIRECTION('',(0.,-1.));
#958 = ( GEOMETRIC_REPRESENTATION_CONTEXT(2) 
PARAMETRIC_REPRESENTATION_CONTEXT() REPRESENTATION_CONTEXT('2D SPACE',''
  ) );
#959 = ORIENTED_EDGE('',*,*,#960,.F.);
#960 = EDGE_CURVE('',#375,#932,#961,.T.);
#961 = SURFACE_CURVE('',#962,(#966,#973),.PCURVE_S1.);
#962 = LINE('',#963,#964);
#963 = CARTESIAN_POINT('',(-308.5,-220.,29.));
#964 = VECTOR('',#965,1.);
#965 = DIRECTION('',(0.,0.,1.));
#966 = PCURVE('',#393,#967);
#967 = DEFINITIONAL_REPRESENTATION('',(#968),#972);
#968 = LINE('',#969,#970);
#969 = CARTESIAN_POINT('',(0.,0.));
#970 = VECTOR('',#971,1.);
#971 = DIRECTION('',(0.,1.));
#972 = ( GEOMETRIC_REPRESENTATION_CONTEXT(2) 
PARAMETRIC_REPRESENTATION_CONTEXT() REPRESENTATION_CONTEXT('2D SPACE',''
  ) );
#973 = PCURVE('',#421,#974);
#974 = DEFINITIONAL_REPRESENTATION('',(#975),#979);
#975 = LINE('',#976,#977);
#976 = CARTESIAN_POINT('',(0.,-38.5));
#977 = VECTOR('',#978,1.);
#978 = DIRECTION('',(1.,0.));
#979 = ( GEOMETRIC_REPRESENTATION_CONTEXT(2) 
PARAMETRIC_REPRESENTATION_CONTEXT() REPRESENTATION_CONTEXT('2D SPACE',''
  ) );
#980 = ADVANCED_FACE('',(#981),#421,.F.);
#981 = FACE_BOUND('',#982,.F.);
#982 = EDGE_LOOP('',(#983,#1006,#1007,#1008));
#983 = ORIENTED_EDGE('',*,*,#984,.F.);
#984 = EDGE_CURVE('',#932,#985,#987,.T.);
#985 = VERTEX_POINT('',#986);
#986 = CARTESIAN_POINT('',(-308.5,220.,31.));
#987 = SURFACE_CURVE('',#988,(#992,#999),.PCURVE_S1.);
#988 = LINE('',#989,#990);
#989 = CARTESIAN_POINT('',(-308.5,-258.5,31.));
#990 = VECTOR('',#991,1.);
#991 = DIRECTION('',(0.,1.,0.));
#992 = PCURVE('',#421,#993);
#993 = DEFINITIONAL_REPRESENTATION('',(#994),#998);
#994 = LINE('',#995,#996);
#995 = CARTESIAN_POINT('',(2.,0.));
#996 = VECTOR('',#997,1.);
#997 = DIRECTION('',(0.,-1.));
#998 = ( GEOMETRIC_REPRESENTATION_CONTEXT(2) 
PARAMETRIC_REPRESENTATION_CONTEXT() REPRESENTATION_CONTEXT('2D SPACE',''
  ) );
#999 = PCURVE('',#948,#1000);
#1000 = DEFINITIONAL_REPRESENTATION('',(#1001),#1005);
#1001 = LINE('',#1002,#1003);
#1002 = CARTESIAN_POINT('',(6.5,6.5));
#1003 = VECTOR('',#1004,1.);
#1004 = DIRECTION('',(0.,1.));
#1005 = ( GEOMETRIC_REPRESENTATION_CONTEXT(2) 
PARAMETRIC_REPRESENTATION_CONTEXT() REPRESENTATION_CONTEXT('2D SPACE',''
  ) );
#1006 = ORIENTED_EDGE('',*,*,#960,.F.);
#1007 = ORIENTED_EDGE('',*,*,#405,.T.);
#1008 = ORIENTED_EDGE('',*,*,#1009,.T.);
#1009 = EDGE_CURVE('',#406,#985,#1010,.T.);
#1010 = SURFACE_CURVE('',#1011,(#1015,#1022),.PCURVE_S1.);
#1011 = LINE('',#1012,#1013);
#1012 = CARTESIAN_POINT('',(-308.5,220.,29.));
#1013 = VECTOR('',#1014,1.);
#1014 = DIRECTION('',(0.,0.,1.));
#1015 = PCURVE('',#421,#1016);
#1016 = DEFINITIONAL_REPRESENTATION('',(#1017),#1021);
#1017 = LINE('',#1018,#1019);
#1018 = CARTESIAN_POINT('',(0.,-478.5));
#1019 = VECTOR('',#1020,1.);
#1020 = DIRECTION('',(1.,0.));
#1021 = ( GEOMETRIC_REPRESENTATION_CONTEXT(2) 
PARAMETRIC_REPRESENTATION_CONTEXT() REPRESENTATION_CONTEXT('2D SPACE',''
  ) );
#1022 = PCURVE('',#454,#1023);
#1023 = DEFINITIONAL_REPRESENTATION('',(#1024),#1028);
#1024 = LINE('',#1025,#1026);
#1025 = CARTESIAN_POINT('',(-0.,0.));
#1026 = VECTOR('',#1027,1.);
#1027 = DIRECTION('',(-0.,1.));
#1028 = ( GEOMETRIC_REPRESENTATION_CONTEXT(2) 
PARAMETRIC_REPRESENTATION_CONTEXT() REPRESENTATION_CONTEXT('2D SPACE',''
  ) );
#1029 = ADVANCED_FACE('',(#1030),#598,.F.);
#1030 = FACE_BOUND('',#1031,.F.);
#1031 = EDGE_LOOP('',(#1032,#1033,#1034,#1057));
#1032 = ORIENTED_EDGE('',*,*,#584,.F.);
#1033 = ORIENTED_EDGE('',*,*,#908,.T.);
#1034 = ORIENTED_EDGE('',*,*,#1035,.T.);
#1035 = EDGE_CURVE('',#909,#1036,#1038,.T.);
#1036 = VERTEX_POINT('',#1037);
#1037 = CARTESIAN_POINT('',(270.,-258.5,31.));
#1038 = SURFACE_CURVE('',#1039,(#1043,#1050),.PCURVE_S1.);
#1039 = LINE('',#1040,#1041);
#1040 = CARTESIAN_POINT('',(-308.5,-258.5,31.));
#1041 = VECTOR('',#1042,1.);
#1042 = DIRECTION('',(1.,0.,0.));
#1043 = PCURVE('',#598,#1044);
#1044 = DEFINITIONAL_REPRESENTATION('',(#1045),#1049);
#1045 = LINE('',#1046,#1047);
#1046 = CARTESIAN_POINT('',(2.,0.));
#1047 = VECTOR('',#1048,1.);
#1048 = DIRECTION('',(0.,1.));
#1049 = ( GEOMETRIC_REPRESENTATION_CONTEXT(2) 
PARAMETRIC_REPRESENTATION_CONTEXT() REPRESENTATION_CONTEXT('2D SPACE',''
  ) );
#1050 = PCURVE('',#948,#1051);
#1051 = DEFINITIONAL_REPRESENTATION('',(#1052),#1056);
#1052 = LINE('',#1053,#1054);
#1053 = CARTESIAN_POINT('',(6.5,6.5));
#1054 = VECTOR('',#1055,1.);
#1055 = DIRECTION('',(1.,0.));
#1056 = ( GEOMETRIC_REPRESENTATION_CONTEXT(2) 
PARAMETRIC_REPRESENTATION_CONTEXT() REPRESENTATION_CONTEXT('2D SPACE',''
  ) );
#1057 = ORIENTED_EDGE('',*,*,#1058,.F.);
#1058 = EDGE_CURVE('',#552,#1036,#1059,.T.);
#1059 = SURFACE_CURVE('',#1060,(#1064,#1071),.PCURVE_S1.);
#1060 = LINE('',#1061,#1062);
#1061 = CARTESIAN_POINT('',(270.,-258.5,29.));
#1062 = VECTOR('',#1063,1.);
#1063 = DIRECTION('',(0.,0.,1.));
#1064 = PCURVE('',#598,#1065);
#1065 = DEFINITIONAL_REPRESENTATION('',(#1066),#1070);
#1066 = LINE('',#1067,#1068);
#1067 = CARTESIAN_POINT('',(0.,578.5));
#1068 = VECTOR('',#1069,1.);
#1069 = DIRECTION('',(1.,0.));
#1070 = ( GEOMETRIC_REPRESENTATION_CONTEXT(2) 
PARAMETRIC_REPRESENTATION_CONTEXT() REPRESENTATION_CONTEXT('2D SPACE',''
  ) );
#1071 = PCURVE('',#572,#1072);
#1072 = DEFINITIONAL_REPRESENTATION('',(#1073),#1077);
#1073 = LINE('',#1074,#1075);
#1074 = CARTESIAN_POINT('',(-1.570796326795,0.));
#1075 = VECTOR('',#1076,1.);
#1076 = DIRECTION('',(-0.,1.));
#1077 = ( GEOMETRIC_REPRESENTATION_CONTEXT(2) 
PARAMETRIC_REPRESENTATION_CONTEXT() REPRESENTATION_CONTEXT('2D SPACE',''
  ) );
#1078 = ADVANCED_FACE('',(#1079),#454,.T.);
#1079 = FACE_BOUND('',#1080,.F.);
#1080 = EDGE_LOOP('',(#1081,#1082,#1105,#1131));
#1081 = ORIENTED_EDGE('',*,*,#433,.T.);
#1082 = ORIENTED_EDGE('',*,*,#1083,.T.);
#1083 = EDGE_CURVE('',#434,#1084,#1086,.T.);
#1084 = VERTEX_POINT('',#1085);
#1085 = CARTESIAN_POINT('',(-270.,258.5,31.));
#1086 = SURFACE_CURVE('',#1087,(#1091,#1098),.PCURVE_S1.);
#1087 = LINE('',#1088,#1089);
#1088 = CARTESIAN_POINT('',(-270.,258.5,29.));
#1089 = VECTOR('',#1090,1.);
#1090 = DIRECTION('',(0.,0.,1.));
#1091 = PCURVE('',#454,#1092);
#1092 = DEFINITIONAL_REPRESENTATION('',(#1093),#1097);
#1093 = LINE('',#1094,#1095);
#1094 = CARTESIAN_POINT('',(-1.570796326795,0.));
#1095 = VECTOR('',#1096,1.);
#1096 = DIRECTION('',(-0.,1.));
#1097 = ( GEOMETRIC_REPRESENTATION_CONTEXT(2) 
PARAMETRIC_REPRESENTATION_CONTEXT() REPRESENTATION_CONTEXT('2D SPACE',''
  ) );
#1098 = PCURVE('',#482,#1099);
#1099 = DEFINITIONAL_REPRESENTATION('',(#1100),#1104);
#1100 = LINE('',#1101,#1102);
#1101 = CARTESIAN_POINT('',(0.,38.5));
#1102 = VECTOR('',#1103,1.);
#1103 = DIRECTION('',(1.,0.));
#1104 = ( GEOMETRIC_REPRESENTATION_CONTEXT(2) 
PARAMETRIC_REPRESENTATION_CONTEXT() REPRESENTATION_CONTEXT('2D SPACE',''
  ) );
#1105 = ORIENTED_EDGE('',*,*,#1106,.F.);
#1106 = EDGE_CURVE('',#985,#1084,#1107,.T.);
#1107 = SURFACE_CURVE('',#1108,(#1113,#1120),.PCURVE_S1.);
#1108 = CIRCLE('',#1109,38.5);
#1109 = AXIS2_PLACEMENT_3D('',#1110,#1111,#1112);
#1110 = CARTESIAN_POINT('',(-270.,220.,31.));
#1111 = DIRECTION('',(-0.,-0.,-1.));
#1112 = DIRECTION('',(0.,-1.,0.));
#1113 = PCURVE('',#454,#1114);
#1114 = DEFINITIONAL_REPRESENTATION('',(#1115),#1119);
#1115 = LINE('',#1116,#1117);
#1116 = CARTESIAN_POINT('',(1.570796326795,2.));
#1117 = VECTOR('',#1118,1.);
#1118 = DIRECTION('',(-1.,0.));
#1119 = ( GEOMETRIC_REPRESENTATION_CONTEXT(2) 
PARAMETRIC_REPRESENTATION_CONTEXT() REPRESENTATION_CONTEXT('2D SPACE',''
  ) );
#1120 = PCURVE('',#948,#1121);
#1121 = DEFINITIONAL_REPRESENTATION('',(#1122),#1130);
#1122 = ( BOUNDED_CURVE() B_SPLINE_CURVE(2,(#1123,#1124,#1125,#1126,
#1127,#1128,#1129),.UNSPECIFIED.,.T.,.F.) B_SPLINE_CURVE_WITH_KNOTS((1,2
    ,2,2,2,1),(-2.094395102393,0.,2.094395102393,4.188790204786,
6.28318530718,8.377580409573),.UNSPECIFIED.) CURVE() 
GEOMETRIC_REPRESENTATION_ITEM() RATIONAL_B_SPLINE_CURVE((1.,0.5,1.,0.5,
1.,0.5,1.)) REPRESENTATION_ITEM('') );
#1123 = CARTESIAN_POINT('',(45.,446.5));
#1124 = CARTESIAN_POINT('',(-21.6839560914,446.5));
#1125 = CARTESIAN_POINT('',(11.658021954299,504.25));
#1126 = CARTESIAN_POINT('',(45.,562.));
#1127 = CARTESIAN_POINT('',(78.341978045701,504.25));
#1128 = CARTESIAN_POINT('',(111.6839560914,446.5));
#1129 = CARTESIAN_POINT('',(45.,446.5));
#1130 = ( GEOMETRIC_REPRESENTATION_CONTEXT(2) 
PARAMETRIC_REPRESENTATION_CONTEXT() REPRESENTATION_CONTEXT('2D SPACE',''
  ) );
#1131 = ORIENTED_EDGE('',*,*,#1009,.F.);
#1132 = ADVANCED_FACE('',(#1133),#572,.T.);
#1133 = FACE_BOUND('',#1134,.F.);
#1134 = EDGE_LOOP('',(#1135,#1136,#1137,#1165));
#1135 = ORIENTED_EDGE('',*,*,#551,.T.);
#1136 = ORIENTED_EDGE('',*,*,#1058,.T.);
#1137 = ORIENTED_EDGE('',*,*,#1138,.F.);
#1138 = EDGE_CURVE('',#1139,#1036,#1141,.T.);
#1139 = VERTEX_POINT('',#1140);
#1140 = CARTESIAN_POINT('',(308.5,-220.,31.));
#1141 = SURFACE_CURVE('',#1142,(#1147,#1154),.PCURVE_S1.);
#1142 = CIRCLE('',#1143,38.5);
#1143 = AXIS2_PLACEMENT_3D('',#1144,#1145,#1146);
#1144 = CARTESIAN_POINT('',(270.,-220.,31.));
#1145 = DIRECTION('',(-0.,-0.,-1.));
#1146 = DIRECTION('',(0.,-1.,0.));
#1147 = PCURVE('',#572,#1148);
#1148 = DEFINITIONAL_REPRESENTATION('',(#1149),#1153);
#1149 = LINE('',#1150,#1151);
#1150 = CARTESIAN_POINT('',(4.712388980385,2.));
#1151 = VECTOR('',#1152,1.);
#1152 = DIRECTION('',(-1.,0.));
#1153 = ( GEOMETRIC_REPRESENTATION_CONTEXT(2) 
PARAMETRIC_REPRESENTATION_CONTEXT() REPRESENTATION_CONTEXT('2D SPACE',''
  ) );
#1154 = PCURVE('',#948,#1155);
#1155 = DEFINITIONAL_REPRESENTATION('',(#1156),#1164);
#1156 = ( BOUNDED_CURVE() B_SPLINE_CURVE(2,(#1157,#1158,#1159,#1160,
#1161,#1162,#1163),.UNSPECIFIED.,.T.,.F.) B_SPLINE_CURVE_WITH_KNOTS((1,2
    ,2,2,2,1),(-2.094395102393,0.,2.094395102393,4.188790204786,
6.28318530718,8.377580409573),.UNSPECIFIED.) CURVE() 
GEOMETRIC_REPRESENTATION_ITEM() RATIONAL_B_SPLINE_CURVE((1.,0.5,1.,0.5,
1.,0.5,1.)) REPRESENTATION_ITEM('') );
#1157 = CARTESIAN_POINT('',(585.,6.5));
#1158 = CARTESIAN_POINT('',(518.31604390859,6.5));
#1159 = CARTESIAN_POINT('',(551.65802195429,64.25));
#1160 = CARTESIAN_POINT('',(585.,122.));
#1161 = CARTESIAN_POINT('',(618.3419780457,64.25));
#1162 = CARTESIAN_POINT('',(651.6839560914,6.5));
#1163 = CARTESIAN_POINT('',(585.,6.5));
#1164 = ( GEOMETRIC_REPRESENTATION_CONTEXT(2) 
PARAMETRIC_REPRESENTATION_CONTEXT() REPRESENTATION_CONTEXT('2D SPACE',''
  ) );
#1165 = ORIENTED_EDGE('',*,*,#1166,.F.);
#1166 = EDGE_CURVE('',#524,#1139,#1167,.T.);
#1167 = SURFACE_CURVE('',#1168,(#1172,#1179),.PCURVE_S1.);
#1168 = LINE('',#1169,#1170);
#1169 = CARTESIAN_POINT('',(308.5,-220.,29.));
#1170 = VECTOR('',#1171,1.);
#1171 = DIRECTION('',(0.,0.,1.));
#1172 = PCURVE('',#572,#1173);
#1173 = DEFINITIONAL_REPRESENTATION('',(#1174),#1178);
#1174 = LINE('',#1175,#1176);
#1175 = CARTESIAN_POINT('',(-0.,0.));
#1176 = VECTOR('',#1177,1.);
#1177 = DIRECTION('',(-0.,1.));
#1178 = ( GEOMETRIC_REPRESENTATION_CONTEXT(2) 
PARAMETRIC_REPRESENTATION_CONTEXT() REPRESENTATION_CONTEXT('2D SPACE',''
  ) );
#1179 = PCURVE('',#539,#1180);
#1180 = DEFINITIONAL_REPRESENTATION('',(#1181),#1185);
#1181 = LINE('',#1182,#1183);
#1182 = CARTESIAN_POINT('',(0.,-38.5));
#1183 = VECTOR('',#1184,1.);
#1184 = DIRECTION('',(1.,0.));
#1185 = ( GEOMETRIC_REPRESENTATION_CONTEXT(2) 
PARAMETRIC_REPRESENTATION_CONTEXT() REPRESENTATION_CONTEXT('2D SPACE',''
  ) );
#1186 = ADVANCED_FACE('',(#1187),#482,.T.);
#1187 = FACE_BOUND('',#1188,.T.);
#1188 = EDGE_LOOP('',(#1189,#1190,#1191,#1214));
#1189 = ORIENTED_EDGE('',*,*,#466,.F.);
#1190 = ORIENTED_EDGE('',*,*,#1083,.T.);
#1191 = ORIENTED_EDGE('',*,*,#1192,.T.);
#1192 = EDGE_CURVE('',#1084,#1193,#1195,.T.);
#1193 = VERTEX_POINT('',#1194);
#1194 = CARTESIAN_POINT('',(270.,258.5,31.));
#1195 = SURFACE_CURVE('',#1196,(#1200,#1207),.PCURVE_S1.);
#1196 = LINE('',#1197,#1198);
#1197 = CARTESIAN_POINT('',(-308.5,258.5,31.));
#1198 = VECTOR('',#1199,1.);
#1199 = DIRECTION('',(1.,0.,0.));
#1200 = PCURVE('',#482,#1201);
#1201 = DEFINITIONAL_REPRESENTATION('',(#1202),#1206);
#1202 = LINE('',#1203,#1204);
#1203 = CARTESIAN_POINT('',(2.,0.));
#1204 = VECTOR('',#1205,1.);
#1205 = DIRECTION('',(0.,1.));
#1206 = ( GEOMETRIC_REPRESENTATION_CONTEXT(2) 
PARAMETRIC_REPRESENTATION_CONTEXT() REPRESENTATION_CONTEXT('2D SPACE',''
  ) );
#1207 = PCURVE('',#948,#1208);
#1208 = DEFINITIONAL_REPRESENTATION('',(#1209),#1213);
#1209 = LINE('',#1210,#1211);
#1210 = CARTESIAN_POINT('',(6.5,523.5));
#1211 = VECTOR('',#1212,1.);
#1212 = DIRECTION('',(1.,0.));
#1213 = ( GEOMETRIC_REPRESENTATION_CONTEXT(2) 
PARAMETRIC_REPRESENTATION_CONTEXT() REPRESENTATION_CONTEXT('2D SPACE',''
  ) );
#1214 = ORIENTED_EDGE('',*,*,#1215,.F.);
#1215 = EDGE_CURVE('',#467,#1193,#1216,.T.);
#1216 = SURFACE_CURVE('',#1217,(#1221,#1228),.PCURVE_S1.);
#1217 = LINE('',#1218,#1219);
#1218 = CARTESIAN_POINT('',(270.,258.5,29.));
#1219 = VECTOR('',#1220,1.);
#1220 = DIRECTION('',(0.,0.,1.));
#1221 = PCURVE('',#482,#1222);
#1222 = DEFINITIONAL_REPRESENTATION('',(#1223),#1227);
#1223 = LINE('',#1224,#1225);
#1224 = CARTESIAN_POINT('',(0.,578.5));
#1225 = VECTOR('',#1226,1.);
#1226 = DIRECTION('',(1.,0.));
#1227 = ( GEOMETRIC_REPRESENTATION_CONTEXT(2) 
PARAMETRIC_REPRESENTATION_CONTEXT() REPRESENTATION_CONTEXT('2D SPACE',''
  ) );
#1228 = PCURVE('',#511,#1229);
#1229 = DEFINITIONAL_REPRESENTATION('',(#1230),#1234);
#1230 = LINE('',#1231,#1232);
#1231 = CARTESIAN_POINT('',(1.570796326795,0.));
#1232 = VECTOR('',#1233,1.);
#1233 = DIRECTION('',(0.,1.));
#1234 = ( GEOMETRIC_REPRESENTATION_CONTEXT(2) 
PARAMETRIC_REPRESENTATION_CONTEXT() REPRESENTATION_CONTEXT('2D SPACE',''
  ) );
#1235 = ADVANCED_FACE('',(#1236),#539,.T.);
#1236 = FACE_BOUND('',#1237,.T.);
#1237 = EDGE_LOOP('',(#1238,#1261,#1262,#1263));
#1238 = ORIENTED_EDGE('',*,*,#1239,.F.);
#1239 = EDGE_CURVE('',#1139,#1240,#1242,.T.);
#1240 = VERTEX_POINT('',#1241);
#1241 = CARTESIAN_POINT('',(308.5,220.,31.));
#1242 = SURFACE_CURVE('',#1243,(#1247,#1254),.PCURVE_S1.);
#1243 = LINE('',#1244,#1245);
#1244 = CARTESIAN_POINT('',(308.5,-258.5,31.));
#1245 = VECTOR('',#1246,1.);
#1246 = DIRECTION('',(0.,1.,0.));
#1247 = PCURVE('',#539,#1248);
#1248 = DEFINITIONAL_REPRESENTATION('',(#1249),#1253);
#1249 = LINE('',#1250,#1251);
#1250 = CARTESIAN_POINT('',(2.,0.));
#1251 = VECTOR('',#1252,1.);
#1252 = DIRECTION('',(0.,-1.));
#1253 = ( GEOMETRIC_REPRESENTATION_CONTEXT(2) 
PARAMETRIC_REPRESENTATION_CONTEXT() REPRESENTATION_CONTEXT('2D SPACE',''
  ) );
#1254 = PCURVE('',#948,#1255);
#1255 = DEFINITIONAL_REPRESENTATION('',(#1256),#1260);
#1256 = LINE('',#1257,#1258);
#1257 = CARTESIAN_POINT('',(623.5,6.5));
#1258 = VECTOR('',#1259,1.);
#1259 = DIRECTION('',(0.,1.));
#1260 = ( GEOMETRIC_REPRESENTATION_CONTEXT(2) 
PARAMETRIC_REPRESENTATION_CONTEXT() REPRESENTATION_CONTEXT('2D SPACE',''
  ) );
#1261 = ORIENTED_EDGE('',*,*,#1166,.F.);
#1262 = ORIENTED_EDGE('',*,*,#523,.T.);
#1263 = ORIENTED_EDGE('',*,*,#1264,.T.);
#1264 = EDGE_CURVE('',#495,#1240,#1265,.T.);
#1265 = SURFACE_CURVE('',#1266,(#1270,#1277),.PCURVE_S1.);
#1266 = LINE('',#1267,#1268);
#1267 = CARTESIAN_POINT('',(308.5,220.,29.));
#1268 = VECTOR('',#1269,1.);
#1269 = DIRECTION('',(0.,0.,1.));
#1270 = PCURVE('',#539,#1271);
#1271 = DEFINITIONAL_REPRESENTATION('',(#1272),#1276);
#1272 = LINE('',#1273,#1274);
#1273 = CARTESIAN_POINT('',(0.,-478.5));
#1274 = VECTOR('',#1275,1.);
#1275 = DIRECTION('',(1.,0.));
#1276 = ( GEOMETRIC_REPRESENTATION_CONTEXT(2) 
PARAMETRIC_REPRESENTATION_CONTEXT() REPRESENTATION_CONTEXT('2D SPACE',''
  ) );
#1277 = PCURVE('',#511,#1278);
#1278 = DEFINITIONAL_REPRESENTATION('',(#1279),#1283);
#1279 = LINE('',#1280,#1281);
#1280 = CARTESIAN_POINT('',(0.,0.));
#1281 = VECTOR('',#1282,1.);
#1282 = DIRECTION('',(0.,1.));
#1283 = ( GEOMETRIC_REPRESENTATION_CONTEXT(2) 
PARAMETRIC_REPRESENTATION_CONTEXT() REPRESENTATION_CONTEXT('2D SPACE',''
  ) );
#1284 = ADVANCED_FACE('',(#1285),#511,.T.);
#1285 = FACE_BOUND('',#1286,.T.);
#1286 = EDGE_LOOP('',(#1287,#1288,#1289,#1311));
#1287 = ORIENTED_EDGE('',*,*,#494,.T.);
#1288 = ORIENTED_EDGE('',*,*,#1215,.T.);
#1289 = ORIENTED_EDGE('',*,*,#1290,.F.);
#1290 = EDGE_CURVE('',#1240,#1193,#1291,.T.);
#1291 = SURFACE_CURVE('',#1292,(#1297,#1304),.PCURVE_S1.);
#1292 = CIRCLE('',#1293,38.5);
#1293 = AXIS2_PLACEMENT_3D('',#1294,#1295,#1296);
#1294 = CARTESIAN_POINT('',(270.,220.,31.));
#1295 = DIRECTION('',(0.,0.,1.));
#1296 = DIRECTION('',(0.,-1.,0.));
#1297 = PCURVE('',#511,#1298);
#1298 = DEFINITIONAL_REPRESENTATION('',(#1299),#1303);
#1299 = LINE('',#1300,#1301);
#1300 = CARTESIAN_POINT('',(-1.570796326795,2.));
#1301 = VECTOR('',#1302,1.);
#1302 = DIRECTION('',(1.,0.));
#1303 = ( GEOMETRIC_REPRESENTATION_CONTEXT(2) 
PARAMETRIC_REPRESENTATION_CONTEXT() REPRESENTATION_CONTEXT('2D SPACE',''
  ) );
#1304 = PCURVE('',#948,#1305);
#1305 = DEFINITIONAL_REPRESENTATION('',(#1306),#1310);
#1306 = CIRCLE('',#1307,38.5);
#1307 = AXIS2_PLACEMENT_2D('',#1308,#1309);
#1308 = CARTESIAN_POINT('',(585.,485.));
#1309 = DIRECTION('',(0.,-1.));
#1310 = ( GEOMETRIC_REPRESENTATION_CONTEXT(2) 
PARAMETRIC_REPRESENTATION_CONTEXT() REPRESENTATION_CONTEXT('2D SPACE',''
  ) );
#1311 = ORIENTED_EDGE('',*,*,#1264,.F.);
#1312 = ADVANCED_FACE('',(#1313,#1535),#948,.F.);
#1313 = FACE_BOUND('',#1314,.F.);
#1314 = EDGE_LOOP('',(#1315,#1346,#1372,#1401,#1427,#1456,#1482,#1511));
#1315 = ORIENTED_EDGE('',*,*,#1316,.T.);
#1316 = EDGE_CURVE('',#1317,#1319,#1321,.T.);
#1317 = VERTEX_POINT('',#1318);
#1318 = CARTESIAN_POINT('',(-270.,260.,31.));
#1319 = VERTEX_POINT('',#1320);
#1320 = CARTESIAN_POINT('',(-310.,220.,31.));
#1321 = SURFACE_CURVE('',#1322,(#1327,#1334),.PCURVE_S1.);
#1322 = CIRCLE('',#1323,40.);
#1323 = AXIS2_PLACEMENT_3D('',#1324,#1325,#1326);
#1324 = CARTESIAN_POINT('',(-270.,220.,31.));
#1325 = DIRECTION('',(0.,0.,1.));
#1326 = DIRECTION('',(-1.,-0.,0.));
#1327 = PCURVE('',#948,#1328);
#1328 = DEFINITIONAL_REPRESENTATION('',(#1329),#1333);
#1329 = CIRCLE('',#1330,40.);
#1330 = AXIS2_PLACEMENT_2D('',#1331,#1332);
#1331 = CARTESIAN_POINT('',(45.,485.));
#1332 = DIRECTION('',(-1.,0.));
#1333 = ( GEOMETRIC_REPRESENTATION_CONTEXT(2) 
PARAMETRIC_REPRESENTATION_CONTEXT() REPRESENTATION_CONTEXT('2D SPACE',''
  ) );
#1334 = PCURVE('',#1335,#1340);
#1335 = CYLINDRICAL_SURFACE('',#1336,40.);
#1336 = AXIS2_PLACEMENT_3D('',#1337,#1338,#1339);
#1337 = CARTESIAN_POINT('',(-270.,220.,0.));
#1338 = DIRECTION('',(0.,0.,1.));
#1339 = DIRECTION('',(-1.,-0.,0.));
#1340 = DEFINITIONAL_REPRESENTATION('',(#1341),#1345);
#1341 = LINE('',#1342,#1343);
#1342 = CARTESIAN_POINT('',(-6.28318530718,31.));
#1343 = VECTOR('',#1344,1.);
#1344 = DIRECTION('',(1.,-0.));
#1345 = ( GEOMETRIC_REPRESENTATION_CONTEXT(2) 
PARAMETRIC_REPRESENTATION_CONTEXT() REPRESENTATION_CONTEXT('2D SPACE',''
  ) );
#1346 = ORIENTED_EDGE('',*,*,#1347,.T.);
#1347 = EDGE_CURVE('',#1319,#1348,#1350,.T.);
#1348 = VERTEX_POINT('',#1349);
#1349 = CARTESIAN_POINT('',(-310.,-220.,31.));
#1350 = SURFACE_CURVE('',#1351,(#1355,#1361),.PCURVE_S1.);
#1351 = LINE('',#1352,#1353);
#1352 = CARTESIAN_POINT('',(-310.,-262.5,31.));
#1353 = VECTOR('',#1354,1.);
#1354 = DIRECTION('',(0.,-1.,0.));
#1355 = PCURVE('',#948,#1356);
#1356 = DEFINITIONAL_REPRESENTATION('',(#1357),#1360);
#1357 = B_SPLINE_CURVE_WITH_KNOTS('',1,(#1358,#1359),.UNSPECIFIED.,.F.,
  .F.,(2,2),(-482.5,-42.5),.PIECEWISE_BEZIER_KNOTS.);
#1358 = CARTESIAN_POINT('',(5.,485.));
#1359 = CARTESIAN_POINT('',(5.,45.));
#1360 = ( GEOMETRIC_REPRESENTATION_CONTEXT(2) 
PARAMETRIC_REPRESENTATION_CONTEXT() REPRESENTATION_CONTEXT('2D SPACE',''
  ) );
#1361 = PCURVE('',#1362,#1367);
#1362 = PLANE('',#1363);
#1363 = AXIS2_PLACEMENT_3D('',#1364,#1365,#1366);
#1364 = CARTESIAN_POINT('',(-310.,-260.,0.));
#1365 = DIRECTION('',(1.,0.,0.));
#1366 = DIRECTION('',(0.,0.,1.));
#1367 = DEFINITIONAL_REPRESENTATION('',(#1368),#1371);
#1368 = B_SPLINE_CURVE_WITH_KNOTS('',1,(#1369,#1370),.UNSPECIFIED.,.F.,
  .F.,(2,2),(-482.5,-42.5),.PIECEWISE_BEZIER_KNOTS.);
#1369 = CARTESIAN_POINT('',(31.,-480.));
#1370 = CARTESIAN_POINT('',(31.,-40.));
#1371 = ( GEOMETRIC_REPRESENTATION_CONTEXT(2) 
PARAMETRIC_REPRESENTATION_CONTEXT() REPRESENTATION_CONTEXT('2D SPACE',''
  ) );
#1372 = ORIENTED_EDGE('',*,*,#1373,.T.);
#1373 = EDGE_CURVE('',#1348,#1374,#1376,.T.);
#1374 = VERTEX_POINT('',#1375);
#1375 = CARTESIAN_POINT('',(-270.,-260.,31.));
#1376 = SURFACE_CURVE('',#1377,(#1382,#1389),.PCURVE_S1.);
#1377 = CIRCLE('',#1378,40.);
#1378 = AXIS2_PLACEMENT_3D('',#1379,#1380,#1381);
#1379 = CARTESIAN_POINT('',(-270.,-220.,31.));
#1380 = DIRECTION('',(0.,0.,1.));
#1381 = DIRECTION('',(-1.,-0.,0.));
#1382 = PCURVE('',#948,#1383);
#1383 = DEFINITIONAL_REPRESENTATION('',(#1384),#1388);
#1384 = CIRCLE('',#1385,40.);
#1385 = AXIS2_PLACEMENT_2D('',#1386,#1387);
#1386 = CARTESIAN_POINT('',(45.,45.));
#1387 = DIRECTION('',(-1.,0.));
#1388 = ( GEOMETRIC_REPRESENTATION_CONTEXT(2) 
PARAMETRIC_REPRESENTATION_CONTEXT() REPRESENTATION_CONTEXT('2D SPACE',''
  ) );
#1389 = PCURVE('',#1390,#1395);
#1390 = CYLINDRICAL_SURFACE('',#1391,40.);
#1391 = AXIS2_PLACEMENT_3D('',#1392,#1393,#1394);
#1392 = CARTESIAN_POINT('',(-270.,-220.,0.));
#1393 = DIRECTION('',(0.,0.,1.));
#1394 = DIRECTION('',(-1.,-0.,0.));
#1395 = DEFINITIONAL_REPRESENTATION('',(#1396),#1400);
#1396 = LINE('',#1397,#1398);
#1397 = CARTESIAN_POINT('',(0.,31.));
#1398 = VECTOR('',#1399,1.);
#1399 = DIRECTION('',(1.,0.));
#1400 = ( GEOMETRIC_REPRESENTATION_CONTEXT(2) 
PARAMETRIC_REPRESENTATION_CONTEXT() REPRESENTATION_CONTEXT('2D SPACE',''
  ) );
#1401 = ORIENTED_EDGE('',*,*,#1402,.T.);
#1402 = EDGE_CURVE('',#1374,#1403,#1405,.T.);
#1403 = VERTEX_POINT('',#1404);
#1404 = CARTESIAN_POINT('',(270.,-260.,31.));
#1405 = SURFACE_CURVE('',#1406,(#1410,#1416),.PCURVE_S1.);
#1406 = LINE('',#1407,#1408);
#1407 = CARTESIAN_POINT('',(-312.5,-260.,31.));
#1408 = VECTOR('',#1409,1.);
#1409 = DIRECTION('',(1.,0.,0.));
#1410 = PCURVE('',#948,#1411);
#1411 = DEFINITIONAL_REPRESENTATION('',(#1412),#1415);
#1412 = B_SPLINE_CURVE_WITH_KNOTS('',1,(#1413,#1414),.UNSPECIFIED.,.F.,
  .F.,(2,2),(42.5,582.5),.PIECEWISE_BEZIER_KNOTS.);
#1413 = CARTESIAN_POINT('',(45.,5.));
#1414 = CARTESIAN_POINT('',(585.,5.));
#1415 = ( GEOMETRIC_REPRESENTATION_CONTEXT(2) 
PARAMETRIC_REPRESENTATION_CONTEXT() REPRESENTATION_CONTEXT('2D SPACE',''
  ) );
#1416 = PCURVE('',#1417,#1422);
#1417 = PLANE('',#1418);
#1418 = AXIS2_PLACEMENT_3D('',#1419,#1420,#1421);
#1419 = CARTESIAN_POINT('',(-310.,-260.,0.));
#1420 = DIRECTION('',(0.,1.,0.));
#1421 = DIRECTION('',(0.,0.,1.));
#1422 = DEFINITIONAL_REPRESENTATION('',(#1423),#1426);
#1423 = B_SPLINE_CURVE_WITH_KNOTS('',1,(#1424,#1425),.UNSPECIFIED.,.F.,
  .F.,(2,2),(42.5,582.5),.PIECEWISE_BEZIER_KNOTS.);
#1424 = CARTESIAN_POINT('',(31.,40.));
#1425 = CARTESIAN_POINT('',(31.,580.));
#1426 = ( GEOMETRIC_REPRESENTATION_CONTEXT(2) 
PARAMETRIC_REPRESENTATION_CONTEXT() REPRESENTATION_CONTEXT('2D SPACE',''
  ) );
#1427 = ORIENTED_EDGE('',*,*,#1428,.T.);
#1428 = EDGE_CURVE('',#1403,#1429,#1431,.T.);
#1429 = VERTEX_POINT('',#1430);
#1430 = CARTESIAN_POINT('',(310.,-220.,31.));
#1431 = SURFACE_CURVE('',#1432,(#1437,#1444),.PCURVE_S1.);
#1432 = CIRCLE('',#1433,40.);
#1433 = AXIS2_PLACEMENT_3D('',#1434,#1435,#1436);
#1434 = CARTESIAN_POINT('',(270.,-220.,31.));
#1435 = DIRECTION('',(0.,0.,1.));
#1436 = DIRECTION('',(1.,0.,-0.));
#1437 = PCURVE('',#948,#1438);
#1438 = DEFINITIONAL_REPRESENTATION('',(#1439),#1443);
#1439 = CIRCLE('',#1440,40.);
#1440 = AXIS2_PLACEMENT_2D('',#1441,#1442);
#1441 = CARTESIAN_POINT('',(585.,45.));
#1442 = DIRECTION('',(1.,0.));
#1443 = ( GEOMETRIC_REPRESENTATION_CONTEXT(2) 
PARAMETRIC_REPRESENTATION_CONTEXT() REPRESENTATION_CONTEXT('2D SPACE',''
  ) );
#1444 = PCURVE('',#1445,#1450);
#1445 = CYLINDRICAL_SURFACE('',#1446,40.);
#1446 = AXIS2_PLACEMENT_3D('',#1447,#1448,#1449);
#1447 = CARTESIAN_POINT('',(270.,-220.,0.));
#1448 = DIRECTION('',(0.,0.,1.));
#1449 = DIRECTION('',(1.,0.,-0.));
#1450 = DEFINITIONAL_REPRESENTATION('',(#1451),#1455);
#1451 = LINE('',#1452,#1453);
#1452 = CARTESIAN_POINT('',(-6.28318530718,31.));
#1453 = VECTOR('',#1454,1.);
#1454 = DIRECTION('',(1.,-0.));
#1455 = ( GEOMETRIC_REPRESENTATION_CONTEXT(2) 
PARAMETRIC_REPRESENTATION_CONTEXT() REPRESENTATION_CONTEXT('2D SPACE',''
  ) );
#1456 = ORIENTED_EDGE('',*,*,#1457,.F.);
#1457 = EDGE_CURVE('',#1458,#1429,#1460,.T.);
#1458 = VERTEX_POINT('',#1459);
#1459 = CARTESIAN_POINT('',(310.,220.,31.));
#1460 = SURFACE_CURVE('',#1461,(#1465,#1471),.PCURVE_S1.);
#1461 = LINE('',#1462,#1463);
#1462 = CARTESIAN_POINT('',(310.,-262.5,31.));
#1463 = VECTOR('',#1464,1.);
#1464 = DIRECTION('',(0.,-1.,0.));
#1465 = PCURVE('',#948,#1466);
#1466 = DEFINITIONAL_REPRESENTATION('',(#1467),#1470);
#1467 = B_SPLINE_CURVE_WITH_KNOTS('',1,(#1468,#1469),.UNSPECIFIED.,.F.,
  .F.,(2,2),(-482.5,-42.5),.PIECEWISE_BEZIER_KNOTS.);
#1468 = CARTESIAN_POINT('',(625.,485.));
#1469 = CARTESIAN_POINT('',(625.,45.));
#1470 = ( GEOMETRIC_REPRESENTATION_CONTEXT(2) 
PARAMETRIC_REPRESENTATION_CONTEXT() REPRESENTATION_CONTEXT('2D SPACE',''
  ) );
#1471 = PCURVE('',#1472,#1477);
#1472 = PLANE('',#1473);
#1473 = AXIS2_PLACEMENT_3D('',#1474,#1475,#1476);
#1474 = CARTESIAN_POINT('',(310.,-260.,0.));
#1475 = DIRECTION('',(1.,0.,0.));
#1476 = DIRECTION('',(0.,0.,1.));
#1477 = DEFINITIONAL_REPRESENTATION('',(#1478),#1481);
#1478 = B_SPLINE_CURVE_WITH_KNOTS('',1,(#1479,#1480),.UNSPECIFIED.,.F.,
  .F.,(2,2),(-482.5,-42.5),.PIECEWISE_BEZIER_KNOTS.);
#1479 = CARTESIAN_POINT('',(31.,-480.));
#1480 = CARTESIAN_POINT('',(31.,-40.));
#1481 = ( GEOMETRIC_REPRESENTATION_CONTEXT(2) 
PARAMETRIC_REPRESENTATION_CONTEXT() REPRESENTATION_CONTEXT('2D SPACE',''
  ) );
#1482 = ORIENTED_EDGE('',*,*,#1483,.T.);
#1483 = EDGE_CURVE('',#1458,#1484,#1486,.T.);
#1484 = VERTEX_POINT('',#1485);
#1485 = CARTESIAN_POINT('',(270.,260.,31.));
#1486 = SURFACE_CURVE('',#1487,(#1492,#1499),.PCURVE_S1.);
#1487 = CIRCLE('',#1488,40.);
#1488 = AXIS2_PLACEMENT_3D('',#1489,#1490,#1491);
#1489 = CARTESIAN_POINT('',(270.,220.,31.));
#1490 = DIRECTION('',(0.,0.,1.));
#1491 = DIRECTION('',(1.,0.,-0.));
#1492 = PCURVE('',#948,#1493);
#1493 = DEFINITIONAL_REPRESENTATION('',(#1494),#1498);
#1494 = CIRCLE('',#1495,40.);
#1495 = AXIS2_PLACEMENT_2D('',#1496,#1497);
#1496 = CARTESIAN_POINT('',(585.,485.));
#1497 = DIRECTION('',(1.,0.));
#1498 = ( GEOMETRIC_REPRESENTATION_CONTEXT(2) 
PARAMETRIC_REPRESENTATION_CONTEXT() REPRESENTATION_CONTEXT('2D SPACE',''
  ) );
#1499 = PCURVE('',#1500,#1505);
#1500 = CYLINDRICAL_SURFACE('',#1501,40.);
#1501 = AXIS2_PLACEMENT_3D('',#1502,#1503,#1504);
#1502 = CARTESIAN_POINT('',(270.,220.,0.));
#1503 = DIRECTION('',(0.,0.,1.));
#1504 = DIRECTION('',(1.,0.,-0.));
#1505 = DEFINITIONAL_REPRESENTATION('',(#1506),#1510);
#1506 = LINE('',#1507,#1508);
#1507 = CARTESIAN_POINT('',(0.,31.));
#1508 = VECTOR('',#1509,1.);
#1509 = DIRECTION('',(1.,0.));
#1510 = ( GEOMETRIC_REPRESENTATION_CONTEXT(2) 
PARAMETRIC_REPRESENTATION_CONTEXT() REPRESENTATION_CONTEXT('2D SPACE',''
  ) );
#1511 = ORIENTED_EDGE('',*,*,#1512,.F.);
#1512 = EDGE_CURVE('',#1317,#1484,#1513,.T.);
#1513 = SURFACE_CURVE('',#1514,(#1518,#1524),.PCURVE_S1.);
#1514 = LINE('',#1515,#1516);
#1515 = CARTESIAN_POINT('',(-312.5,260.,31.));
#1516 = VECTOR('',#1517,1.);
#1517 = DIRECTION('',(1.,0.,0.));
#1518 = PCURVE('',#948,#1519);
#1519 = DEFINITIONAL_REPRESENTATION('',(#1520),#1523);
#1520 = B_SPLINE_CURVE_WITH_KNOTS('',1,(#1521,#1522),.UNSPECIFIED.,.F.,
  .F.,(2,2),(42.5,582.5),.PIECEWISE_BEZIER_KNOTS.);
#1521 = CARTESIAN_POINT('',(45.,525.));
#1522 = CARTESIAN_POINT('',(585.,525.));
#1523 = ( GEOMETRIC_REPRESENTATION_CONTEXT(2) 
PARAMETRIC_REPRESENTATION_CONTEXT() REPRESENTATION_CONTEXT('2D SPACE',''
  ) );
#1524 = PCURVE('',#1525,#1530);
#1525 = PLANE('',#1526);
#1526 = AXIS2_PLACEMENT_3D('',#1527,#1528,#1529);
#1527 = CARTESIAN_POINT('',(-310.,260.,0.));
#1528 = DIRECTION('',(0.,1.,0.));
#1529 = DIRECTION('',(0.,0.,1.));
#1530 = DEFINITIONAL_REPRESENTATION('',(#1531),#1534);
#1531 = B_SPLINE_CURVE_WITH_KNOTS('',1,(#1532,#1533),.UNSPECIFIED.,.F.,
  .F.,(2,2),(42.5,582.5),.PIECEWISE_BEZIER_KNOTS.);
#1532 = CARTESIAN_POINT('',(31.,40.));
#1533 = CARTESIAN_POINT('',(31.,580.));
#1534 = ( GEOMETRIC_REPRESENTATION_CONTEXT(2) 
PARAMETRIC_REPRESENTATION_CONTEXT() REPRESENTATION_CONTEXT('2D SPACE',''
  ) );
#1535 = FACE_BOUND('',#1536,.F.);
#1536 = EDGE_LOOP('',(#1537,#1538,#1539,#1540,#1541,#1542,#1543,#1544));
#1537 = ORIENTED_EDGE('',*,*,#931,.F.);
#1538 = ORIENTED_EDGE('',*,*,#984,.T.);
#1539 = ORIENTED_EDGE('',*,*,#1106,.T.);
#1540 = ORIENTED_EDGE('',*,*,#1192,.T.);
#1541 = ORIENTED_EDGE('',*,*,#1290,.F.);
#1542 = ORIENTED_EDGE('',*,*,#1239,.F.);
#1543 = ORIENTED_EDGE('',*,*,#1138,.T.);
#1544 = ORIENTED_EDGE('',*,*,#1035,.F.);
#1545 = ADVANCED_FACE('',(#1546),#1335,.T.);
#1546 = FACE_BOUND('',#1547,.F.);
#1547 = EDGE_LOOP('',(#1548,#1571,#1572,#1595));
#1548 = ORIENTED_EDGE('',*,*,#1549,.F.);
#1549 = EDGE_CURVE('',#1319,#1550,#1552,.T.);
#1550 = VERTEX_POINT('',#1551);
#1551 = CARTESIAN_POINT('',(-310.,220.,85.));
#1552 = SURFACE_CURVE('',#1553,(#1557,#1564),.PCURVE_S1.);
#1553 = LINE('',#1554,#1555);
#1554 = CARTESIAN_POINT('',(-310.,220.,0.));
#1555 = VECTOR('',#1556,1.);
#1556 = DIRECTION('',(0.,0.,1.));
#1557 = PCURVE('',#1335,#1558);
#1558 = DEFINITIONAL_REPRESENTATION('',(#1559),#1563);
#1559 = LINE('',#1560,#1561);
#1560 = CARTESIAN_POINT('',(-0.,0.));
#1561 = VECTOR('',#1562,1.);
#1562 = DIRECTION('',(-0.,1.));
#1563 = ( GEOMETRIC_REPRESENTATION_CONTEXT(2) 
PARAMETRIC_REPRESENTATION_CONTEXT() REPRESENTATION_CONTEXT('2D SPACE',''
  ) );
#1564 = PCURVE('',#1362,#1565);
#1565 = DEFINITIONAL_REPRESENTATION('',(#1566),#1570);
#1566 = LINE('',#1567,#1568);
#1567 = CARTESIAN_POINT('',(0.,-480.));
#1568 = VECTOR('',#1569,1.);
#1569 = DIRECTION('',(1.,0.));
#1570 = ( GEOMETRIC_REPRESENTATION_CONTEXT(2) 
PARAMETRIC_REPRESENTATION_CONTEXT() REPRESENTATION_CONTEXT('2D SPACE',''
  ) );
#1571 = ORIENTED_EDGE('',*,*,#1316,.F.);
#1572 = ORIENTED_EDGE('',*,*,#1573,.T.);
#1573 = EDGE_CURVE('',#1317,#1574,#1576,.T.);
#1574 = VERTEX_POINT('',#1575);
#1575 = CARTESIAN_POINT('',(-270.,260.,85.));
#1576 = SURFACE_CURVE('',#1577,(#1581,#1588),.PCURVE_S1.);
#1577 = LINE('',#1578,#1579);
#1578 = CARTESIAN_POINT('',(-270.,260.,0.));
#1579 = VECTOR('',#1580,1.);
#1580 = DIRECTION('',(0.,0.,1.));
#1581 = PCURVE('',#1335,#1582);
#1582 = DEFINITIONAL_REPRESENTATION('',(#1583),#1587);
#1583 = LINE('',#1584,#1585);
#1584 = CARTESIAN_POINT('',(-1.570796326795,0.));
#1585 = VECTOR('',#1586,1.);
#1586 = DIRECTION('',(-0.,1.));
#1587 = ( GEOMETRIC_REPRESENTATION_CONTEXT(2) 
PARAMETRIC_REPRESENTATION_CONTEXT() REPRESENTATION_CONTEXT('2D SPACE',''
  ) );
#1588 = PCURVE('',#1525,#1589);
#1589 = DEFINITIONAL_REPRESENTATION('',(#1590),#1594);
#1590 = LINE('',#1591,#1592);
#1591 = CARTESIAN_POINT('',(0.,40.));
#1592 = VECTOR('',#1593,1.);
#1593 = DIRECTION('',(1.,0.));
#1594 = ( GEOMETRIC_REPRESENTATION_CONTEXT(2) 
PARAMETRIC_REPRESENTATION_CONTEXT() REPRESENTATION_CONTEXT('2D SPACE',''
  ) );
#1595 = ORIENTED_EDGE('',*,*,#1596,.F.);
#1596 = EDGE_CURVE('',#1550,#1574,#1597,.T.);
#1597 = SURFACE_CURVE('',#1598,(#1603,#1610),.PCURVE_S1.);
#1598 = CIRCLE('',#1599,40.);
#1599 = AXIS2_PLACEMENT_3D('',#1600,#1601,#1602);
#1600 = CARTESIAN_POINT('',(-270.,220.,85.));
#1601 = DIRECTION('',(-0.,0.,-1.));
#1602 = DIRECTION('',(-1.,0.,0.));
#1603 = PCURVE('',#1335,#1604);
#1604 = DEFINITIONAL_REPRESENTATION('',(#1605),#1609);
#1605 = LINE('',#1606,#1607);
#1606 = CARTESIAN_POINT('',(-0.,85.));
#1607 = VECTOR('',#1608,1.);
#1608 = DIRECTION('',(-1.,0.));
#1609 = ( GEOMETRIC_REPRESENTATION_CONTEXT(2) 
PARAMETRIC_REPRESENTATION_CONTEXT() REPRESENTATION_CONTEXT('2D SPACE',''
  ) );
#1610 = PCURVE('',#1611,#1616);
#1611 = TOROIDAL_SURFACE('',#1612,35.,5.);
#1612 = AXIS2_PLACEMENT_3D('',#1613,#1614,#1615);
#1613 = CARTESIAN_POINT('',(-270.,220.,85.));
#1614 = DIRECTION('',(0.,0.,1.));
#1615 = DIRECTION('',(-1.,0.,0.));
#1616 = DEFINITIONAL_REPRESENTATION('',(#1617),#1621);
#1617 = LINE('',#1618,#1619);
#1618 = CARTESIAN_POINT('',(-0.,0.));
#1619 = VECTOR('',#1620,1.);
#1620 = DIRECTION('',(-1.,0.));
#1621 = ( GEOMETRIC_REPRESENTATION_CONTEXT(2) 
PARAMETRIC_REPRESENTATION_CONTEXT() REPRESENTATION_CONTEXT('2D SPACE',''
  ) );
#1622 = ADVANCED_FACE('',(#1623),#1525,.T.);
#1623 = FACE_BOUND('',#1624,.T.);
#1624 = EDGE_LOOP('',(#1625,#1626,#1627,#1655));
#1625 = ORIENTED_EDGE('',*,*,#1512,.F.);
#1626 = ORIENTED_EDGE('',*,*,#1573,.T.);
#1627 = ORIENTED_EDGE('',*,*,#1628,.T.);
#1628 = EDGE_CURVE('',#1574,#1629,#1631,.T.);
#1629 = VERTEX_POINT('',#1630);
#1630 = CARTESIAN_POINT('',(270.,260.,85.));
#1631 = SURFACE_CURVE('',#1632,(#1636,#1643),.PCURVE_S1.);
#1632 = LINE('',#1633,#1634);
#1633 = CARTESIAN_POINT('',(-270.,260.,85.));
#1634 = VECTOR('',#1635,1.);
#1635 = DIRECTION('',(1.,0.,0.));
#1636 = PCURVE('',#1525,#1637);
#1637 = DEFINITIONAL_REPRESENTATION('',(#1638),#1642);
#1638 = LINE('',#1639,#1640);
#1639 = CARTESIAN_POINT('',(85.,40.));
#1640 = VECTOR('',#1641,1.);
#1641 = DIRECTION('',(0.,1.));
#1642 = ( GEOMETRIC_REPRESENTATION_CONTEXT(2) 
PARAMETRIC_REPRESENTATION_CONTEXT() REPRESENTATION_CONTEXT('2D SPACE',''
  ) );
#1643 = PCURVE('',#1644,#1649);
#1644 = CYLINDRICAL_SURFACE('',#1645,5.);
#1645 = AXIS2_PLACEMENT_3D('',#1646,#1647,#1648);
#1646 = CARTESIAN_POINT('',(-270.,255.,85.));
#1647 = DIRECTION('',(1.,0.,0.));
#1648 = DIRECTION('',(-0.,1.,0.));
#1649 = DEFINITIONAL_REPRESENTATION('',(#1650),#1654);
#1650 = LINE('',#1651,#1652);
#1651 = CARTESIAN_POINT('',(0.,0.));
#1652 = VECTOR('',#1653,1.);
#1653 = DIRECTION('',(0.,1.));
#1654 = ( GEOMETRIC_REPRESENTATION_CONTEXT(2) 
PARAMETRIC_REPRESENTATION_CONTEXT() REPRESENTATION_CONTEXT('2D SPACE',''
  ) );
#1655 = ORIENTED_EDGE('',*,*,#1656,.F.);
#1656 = EDGE_CURVE('',#1484,#1629,#1657,.T.);
#1657 = SURFACE_CURVE('',#1658,(#1662,#1669),.PCURVE_S1.);
#1658 = LINE('',#1659,#1660);
#1659 = CARTESIAN_POINT('',(270.,260.,0.));
#1660 = VECTOR('',#1661,1.);
#1661 = DIRECTION('',(0.,0.,1.));
#1662 = PCURVE('',#1525,#1663);
#1663 = DEFINITIONAL_REPRESENTATION('',(#1664),#1668);
#1664 = LINE('',#1665,#1666);
#1665 = CARTESIAN_POINT('',(0.,580.));
#1666 = VECTOR('',#1667,1.);
#1667 = DIRECTION('',(1.,0.));
#1668 = ( GEOMETRIC_REPRESENTATION_CONTEXT(2) 
PARAMETRIC_REPRESENTATION_CONTEXT() REPRESENTATION_CONTEXT('2D SPACE',''
  ) );
#1669 = PCURVE('',#1500,#1670);
#1670 = DEFINITIONAL_REPRESENTATION('',(#1671),#1675);
#1671 = LINE('',#1672,#1673);
#1672 = CARTESIAN_POINT('',(1.570796326795,0.));
#1673 = VECTOR('',#1674,1.);
#1674 = DIRECTION('',(0.,1.));
#1675 = ( GEOMETRIC_REPRESENTATION_CONTEXT(2) 
PARAMETRIC_REPRESENTATION_CONTEXT() REPRESENTATION_CONTEXT('2D SPACE',''
  ) );
#1676 = ADVANCED_FACE('',(#1677),#1500,.T.);
#1677 = FACE_BOUND('',#1678,.T.);
#1678 = EDGE_LOOP('',(#1679,#1702,#1703,#1704));
#1679 = ORIENTED_EDGE('',*,*,#1680,.F.);
#1680 = EDGE_CURVE('',#1458,#1681,#1683,.T.);
#1681 = VERTEX_POINT('',#1682);
#1682 = CARTESIAN_POINT('',(310.,220.,85.));
#1683 = SURFACE_CURVE('',#1684,(#1688,#1695),.PCURVE_S1.);
#1684 = LINE('',#1685,#1686);
#1685 = CARTESIAN_POINT('',(310.,220.,0.));
#1686 = VECTOR('',#1687,1.);
#1687 = DIRECTION('',(0.,0.,1.));
#1688 = PCURVE('',#1500,#1689);
#1689 = DEFINITIONAL_REPRESENTATION('',(#1690),#1694);
#1690 = LINE('',#1691,#1692);
#1691 = CARTESIAN_POINT('',(0.,0.));
#1692 = VECTOR('',#1693,1.);
#1693 = DIRECTION('',(0.,1.));
#1694 = ( GEOMETRIC_REPRESENTATION_CONTEXT(2) 
PARAMETRIC_REPRESENTATION_CONTEXT() REPRESENTATION_CONTEXT('2D SPACE',''
  ) );
#1695 = PCURVE('',#1472,#1696);
#1696 = DEFINITIONAL_REPRESENTATION('',(#1697),#1701);
#1697 = LINE('',#1698,#1699);
#1698 = CARTESIAN_POINT('',(0.,-480.));
#1699 = VECTOR('',#1700,1.);
#1700 = DIRECTION('',(1.,0.));
#1701 = ( GEOMETRIC_REPRESENTATION_CONTEXT(2) 
PARAMETRIC_REPRESENTATION_CONTEXT() REPRESENTATION_CONTEXT('2D SPACE',''
  ) );
#1702 = ORIENTED_EDGE('',*,*,#1483,.T.);
#1703 = ORIENTED_EDGE('',*,*,#1656,.T.);
#1704 = ORIENTED_EDGE('',*,*,#1705,.T.);
#1705 = EDGE_CURVE('',#1629,#1681,#1706,.T.);
#1706 = SURFACE_CURVE('',#1707,(#1712,#1719),.PCURVE_S1.);
#1707 = CIRCLE('',#1708,40.);
#1708 = AXIS2_PLACEMENT_3D('',#1709,#1710,#1711);
#1709 = CARTESIAN_POINT('',(270.,220.,85.));
#1710 = DIRECTION('',(0.,-0.,-1.));
#1711 = DIRECTION('',(0.,1.,-0.));
#1712 = PCURVE('',#1500,#1713);
#1713 = DEFINITIONAL_REPRESENTATION('',(#1714),#1718);
#1714 = LINE('',#1715,#1716);
#1715 = CARTESIAN_POINT('',(1.570796326795,85.));
#1716 = VECTOR('',#1717,1.);
#1717 = DIRECTION('',(-1.,-0.));
#1718 = ( GEOMETRIC_REPRESENTATION_CONTEXT(2) 
PARAMETRIC_REPRESENTATION_CONTEXT() REPRESENTATION_CONTEXT('2D SPACE',''
  ) );
#1719 = PCURVE('',#1720,#1725);
#1720 = TOROIDAL_SURFACE('',#1721,35.,5.);
#1721 = AXIS2_PLACEMENT_3D('',#1722,#1723,#1724);
#1722 = CARTESIAN_POINT('',(270.,220.,85.));
#1723 = DIRECTION('',(0.,0.,1.));
#1724 = DIRECTION('',(0.,1.,-0.));
#1725 = DEFINITIONAL_REPRESENTATION('',(#1726),#1730);
#1726 = LINE('',#1727,#1728);
#1727 = CARTESIAN_POINT('',(-0.,0.));
#1728 = VECTOR('',#1729,1.);
#1729 = DIRECTION('',(-1.,0.));
#1730 = ( GEOMETRIC_REPRESENTATION_CONTEXT(2) 
PARAMETRIC_REPRESENTATION_CONTEXT() REPRESENTATION_CONTEXT('2D SPACE',''
  ) );
#1731 = ADVANCED_FACE('',(#1732),#1472,.T.);
#1732 = FACE_BOUND('',#1733,.T.);
#1733 = EDGE_LOOP('',(#1734,#1757,#1758,#1759));
#1734 = ORIENTED_EDGE('',*,*,#1735,.F.);
#1735 = EDGE_CURVE('',#1429,#1736,#1738,.T.);
#1736 = VERTEX_POINT('',#1737);
#1737 = CARTESIAN_POINT('',(310.,-220.,85.));
#1738 = SURFACE_CURVE('',#1739,(#1743,#1750),.PCURVE_S1.);
#1739 = LINE('',#1740,#1741);
#1740 = CARTESIAN_POINT('',(310.,-220.,0.));
#1741 = VECTOR('',#1742,1.);
#1742 = DIRECTION('',(0.,0.,1.));
#1743 = PCURVE('',#1472,#1744);
#1744 = DEFINITIONAL_REPRESENTATION('',(#1745),#1749);
#1745 = LINE('',#1746,#1747);
#1746 = CARTESIAN_POINT('',(0.,-40.));
#1747 = VECTOR('',#1748,1.);
#1748 = DIRECTION('',(1.,0.));
#1749 = ( GEOMETRIC_REPRESENTATION_CONTEXT(2) 
PARAMETRIC_REPRESENTATION_CONTEXT() REPRESENTATION_CONTEXT('2D SPACE',''
  ) );
#1750 = PCURVE('',#1445,#1751);
#1751 = DEFINITIONAL_REPRESENTATION('',(#1752),#1756);
#1752 = LINE('',#1753,#1754);
#1753 = CARTESIAN_POINT('',(-0.,0.));
#1754 = VECTOR('',#1755,1.);
#1755 = DIRECTION('',(-0.,1.));
#1756 = ( GEOMETRIC_REPRESENTATION_CONTEXT(2) 
PARAMETRIC_REPRESENTATION_CONTEXT() REPRESENTATION_CONTEXT('2D SPACE',''
  ) );
#1757 = ORIENTED_EDGE('',*,*,#1457,.F.);
#1758 = ORIENTED_EDGE('',*,*,#1680,.T.);
#1759 = ORIENTED_EDGE('',*,*,#1760,.T.);
#1760 = EDGE_CURVE('',#1681,#1736,#1761,.T.);
#1761 = SURFACE_CURVE('',#1762,(#1766,#1773),.PCURVE_S1.);
#1762 = LINE('',#1763,#1764);
#1763 = CARTESIAN_POINT('',(310.,220.,85.));
#1764 = VECTOR('',#1765,1.);
#1765 = DIRECTION('',(-0.,-1.,-0.));
#1766 = PCURVE('',#1472,#1767);
#1767 = DEFINITIONAL_REPRESENTATION('',(#1768),#1772);
#1768 = LINE('',#1769,#1770);
#1769 = CARTESIAN_POINT('',(85.,-480.));
#1770 = VECTOR('',#1771,1.);
#1771 = DIRECTION('',(-0.,1.));
#1772 = ( GEOMETRIC_REPRESENTATION_CONTEXT(2) 
PARAMETRIC_REPRESENTATION_CONTEXT() REPRESENTATION_CONTEXT('2D SPACE',''
  ) );
#1773 = PCURVE('',#1774,#1779);
#1774 = CYLINDRICAL_SURFACE('',#1775,5.);
#1775 = AXIS2_PLACEMENT_3D('',#1776,#1777,#1778);
#1776 = CARTESIAN_POINT('',(305.,220.,85.));
#1777 = DIRECTION('',(-0.,-1.,-0.));
#1778 = DIRECTION('',(1.,0.,-0.));
#1779 = DEFINITIONAL_REPRESENTATION('',(#1780),#1784);
#1780 = LINE('',#1781,#1782);
#1781 = CARTESIAN_POINT('',(0.,0.));
#1782 = VECTOR('',#1783,1.);
#1783 = DIRECTION('',(0.,1.));
#1784 = ( GEOMETRIC_REPRESENTATION_CONTEXT(2) 
PARAMETRIC_REPRESENTATION_CONTEXT() REPRESENTATION_CONTEXT('2D SPACE',''
  ) );
#1785 = ADVANCED_FACE('',(#1786),#1445,.T.);
#1786 = FACE_BOUND('',#1787,.F.);
#1787 = EDGE_LOOP('',(#1788,#1789,#1790,#1813));
#1788 = ORIENTED_EDGE('',*,*,#1735,.F.);
#1789 = ORIENTED_EDGE('',*,*,#1428,.F.);
#1790 = ORIENTED_EDGE('',*,*,#1791,.T.);
#1791 = EDGE_CURVE('',#1403,#1792,#1794,.T.);
#1792 = VERTEX_POINT('',#1793);
#1793 = CARTESIAN_POINT('',(270.,-260.,85.));
#1794 = SURFACE_CURVE('',#1795,(#1799,#1806),.PCURVE_S1.);
#1795 = LINE('',#1796,#1797);
#1796 = CARTESIAN_POINT('',(270.,-260.,0.));
#1797 = VECTOR('',#1798,1.);
#1798 = DIRECTION('',(0.,0.,1.));
#1799 = PCURVE('',#1445,#1800);
#1800 = DEFINITIONAL_REPRESENTATION('',(#1801),#1805);
#1801 = LINE('',#1802,#1803);
#1802 = CARTESIAN_POINT('',(-1.570796326795,0.));
#1803 = VECTOR('',#1804,1.);
#1804 = DIRECTION('',(-0.,1.));
#1805 = ( GEOMETRIC_REPRESENTATION_CONTEXT(2) 
PARAMETRIC_REPRESENTATION_CONTEXT() REPRESENTATION_CONTEXT('2D SPACE',''
  ) );
#1806 = PCURVE('',#1417,#1807);
#1807 = DEFINITIONAL_REPRESENTATION('',(#1808),#1812);
#1808 = LINE('',#1809,#1810);
#1809 = CARTESIAN_POINT('',(0.,580.));
#1810 = VECTOR('',#1811,1.);
#1811 = DIRECTION('',(1.,0.));
#1812 = ( GEOMETRIC_REPRESENTATION_CONTEXT(2) 
PARAMETRIC_REPRESENTATION_CONTEXT() REPRESENTATION_CONTEXT('2D SPACE',''
  ) );
#1813 = ORIENTED_EDGE('',*,*,#1814,.F.);
#1814 = EDGE_CURVE('',#1736,#1792,#1815,.T.);
#1815 = SURFACE_CURVE('',#1816,(#1821,#1828),.PCURVE_S1.);
#1816 = CIRCLE('',#1817,40.);
#1817 = AXIS2_PLACEMENT_3D('',#1818,#1819,#1820);
#1818 = CARTESIAN_POINT('',(270.,-220.,85.));
#1819 = DIRECTION('',(0.,-0.,-1.));
#1820 = DIRECTION('',(1.,0.,-0.));
#1821 = PCURVE('',#1445,#1822);
#1822 = DEFINITIONAL_REPRESENTATION('',(#1823),#1827);
#1823 = LINE('',#1824,#1825);
#1824 = CARTESIAN_POINT('',(-0.,85.));
#1825 = VECTOR('',#1826,1.);
#1826 = DIRECTION('',(-1.,0.));
#1827 = ( GEOMETRIC_REPRESENTATION_CONTEXT(2) 
PARAMETRIC_REPRESENTATION_CONTEXT() REPRESENTATION_CONTEXT('2D SPACE',''
  ) );
#1828 = PCURVE('',#1829,#1834);
#1829 = TOROIDAL_SURFACE('',#1830,35.,5.);
#1830 = AXIS2_PLACEMENT_3D('',#1831,#1832,#1833);
#1831 = CARTESIAN_POINT('',(270.,-220.,85.));
#1832 = DIRECTION('',(0.,0.,1.));
#1833 = DIRECTION('',(1.,0.,-0.));
#1834 = DEFINITIONAL_REPRESENTATION('',(#1835),#1839);
#1835 = LINE('',#1836,#1837);
#1836 = CARTESIAN_POINT('',(-0.,0.));
#1837 = VECTOR('',#1838,1.);
#1838 = DIRECTION('',(-1.,0.));
#1839 = ( GEOMETRIC_REPRESENTATION_CONTEXT(2) 
PARAMETRIC_REPRESENTATION_CONTEXT() REPRESENTATION_CONTEXT('2D SPACE',''
  ) );
#1840 = ADVANCED_FACE('',(#1841),#1417,.F.);
#1841 = FACE_BOUND('',#1842,.F.);
#1842 = EDGE_LOOP('',(#1843,#1844,#1867,#1893));
#1843 = ORIENTED_EDGE('',*,*,#1402,.F.);
#1844 = ORIENTED_EDGE('',*,*,#1845,.T.);
#1845 = EDGE_CURVE('',#1374,#1846,#1848,.T.);
#1846 = VERTEX_POINT('',#1847);
#1847 = CARTESIAN_POINT('',(-270.,-260.,85.));
#1848 = SURFACE_CURVE('',#1849,(#1853,#1860),.PCURVE_S1.);
#1849 = LINE('',#1850,#1851);
#1850 = CARTESIAN_POINT('',(-270.,-260.,0.));
#1851 = VECTOR('',#1852,1.);
#1852 = DIRECTION('',(0.,0.,1.));
#1853 = PCURVE('',#1417,#1854);
#1854 = DEFINITIONAL_REPRESENTATION('',(#1855),#1859);
#1855 = LINE('',#1856,#1857);
#1856 = CARTESIAN_POINT('',(0.,40.));
#1857 = VECTOR('',#1858,1.);
#1858 = DIRECTION('',(1.,0.));
#1859 = ( GEOMETRIC_REPRESENTATION_CONTEXT(2) 
PARAMETRIC_REPRESENTATION_CONTEXT() REPRESENTATION_CONTEXT('2D SPACE',''
  ) );
#1860 = PCURVE('',#1390,#1861);
#1861 = DEFINITIONAL_REPRESENTATION('',(#1862),#1866);
#1862 = LINE('',#1863,#1864);
#1863 = CARTESIAN_POINT('',(1.570796326795,0.));
#1864 = VECTOR('',#1865,1.);
#1865 = DIRECTION('',(0.,1.));
#1866 = ( GEOMETRIC_REPRESENTATION_CONTEXT(2) 
PARAMETRIC_REPRESENTATION_CONTEXT() REPRESENTATION_CONTEXT('2D SPACE',''
  ) );
#1867 = ORIENTED_EDGE('',*,*,#1868,.F.);
#1868 = EDGE_CURVE('',#1792,#1846,#1869,.T.);
#1869 = SURFACE_CURVE('',#1870,(#1874,#1881),.PCURVE_S1.);
#1870 = LINE('',#1871,#1872);
#1871 = CARTESIAN_POINT('',(270.,-260.,85.));
#1872 = VECTOR('',#1873,1.);
#1873 = DIRECTION('',(-1.,-0.,-0.));
#1874 = PCURVE('',#1417,#1875);
#1875 = DEFINITIONAL_REPRESENTATION('',(#1876),#1880);
#1876 = LINE('',#1877,#1878);
#1877 = CARTESIAN_POINT('',(85.,580.));
#1878 = VECTOR('',#1879,1.);
#1879 = DIRECTION('',(-0.,-1.));
#1880 = ( GEOMETRIC_REPRESENTATION_CONTEXT(2) 
PARAMETRIC_REPRESENTATION_CONTEXT() REPRESENTATION_CONTEXT('2D SPACE',''
  ) );
#1881 = PCURVE('',#1882,#1887);
#1882 = CYLINDRICAL_SURFACE('',#1883,5.);
#1883 = AXIS2_PLACEMENT_3D('',#1884,#1885,#1886);
#1884 = CARTESIAN_POINT('',(270.,-255.,85.));
#1885 = DIRECTION('',(-1.,-0.,-0.));
#1886 = DIRECTION('',(0.,-1.,0.));
#1887 = DEFINITIONAL_REPRESENTATION('',(#1888),#1892);
#1888 = LINE('',#1889,#1890);
#1889 = CARTESIAN_POINT('',(0.,0.));
#1890 = VECTOR('',#1891,1.);
#1891 = DIRECTION('',(0.,1.));
#1892 = ( GEOMETRIC_REPRESENTATION_CONTEXT(2) 
PARAMETRIC_REPRESENTATION_CONTEXT() REPRESENTATION_CONTEXT('2D SPACE',''
  ) );
#1893 = ORIENTED_EDGE('',*,*,#1791,.F.);
#1894 = ADVANCED_FACE('',(#1895),#1390,.T.);
#1895 = FACE_BOUND('',#1896,.T.);
#1896 = EDGE_LOOP('',(#1897,#1920,#1921,#1922));
#1897 = ORIENTED_EDGE('',*,*,#1898,.F.);
#1898 = EDGE_CURVE('',#1348,#1899,#1901,.T.);
#1899 = VERTEX_POINT('',#1900);
#1900 = CARTESIAN_POINT('',(-310.,-220.,85.));
#1901 = SURFACE_CURVE('',#1902,(#1906,#1913),.PCURVE_S1.);
#1902 = LINE('',#1903,#1904);
#1903 = CARTESIAN_POINT('',(-310.,-220.,0.));
#1904 = VECTOR('',#1905,1.);
#1905 = DIRECTION('',(0.,0.,1.));
#1906 = PCURVE('',#1390,#1907);
#1907 = DEFINITIONAL_REPRESENTATION('',(#1908),#1912);
#1908 = LINE('',#1909,#1910);
#1909 = CARTESIAN_POINT('',(0.,0.));
#1910 = VECTOR('',#1911,1.);
#1911 = DIRECTION('',(0.,1.));
#1912 = ( GEOMETRIC_REPRESENTATION_CONTEXT(2) 
PARAMETRIC_REPRESENTATION_CONTEXT() REPRESENTATION_CONTEXT('2D SPACE',''
  ) );
#1913 = PCURVE('',#1362,#1914);
#1914 = DEFINITIONAL_REPRESENTATION('',(#1915),#1919);
#1915 = LINE('',#1916,#1917);
#1916 = CARTESIAN_POINT('',(0.,-40.));
#1917 = VECTOR('',#1918,1.);
#1918 = DIRECTION('',(1.,0.));
#1919 = ( GEOMETRIC_REPRESENTATION_CONTEXT(2) 
PARAMETRIC_REPRESENTATION_CONTEXT() REPRESENTATION_CONTEXT('2D SPACE',''
  ) );
#1920 = ORIENTED_EDGE('',*,*,#1373,.T.);
#1921 = ORIENTED_EDGE('',*,*,#1845,.T.);
#1922 = ORIENTED_EDGE('',*,*,#1923,.T.);
#1923 = EDGE_CURVE('',#1846,#1899,#1924,.T.);
#1924 = SURFACE_CURVE('',#1925,(#1930,#1937),.PCURVE_S1.);
#1925 = CIRCLE('',#1926,40.);
#1926 = AXIS2_PLACEMENT_3D('',#1927,#1928,#1929);
#1927 = CARTESIAN_POINT('',(-270.,-220.,85.));
#1928 = DIRECTION('',(-0.,-0.,-1.));
#1929 = DIRECTION('',(0.,-1.,0.));
#1930 = PCURVE('',#1390,#1931);
#1931 = DEFINITIONAL_REPRESENTATION('',(#1932),#1936);
#1932 = LINE('',#1933,#1934);
#1933 = CARTESIAN_POINT('',(1.570796326795,85.));
#1934 = VECTOR('',#1935,1.);
#1935 = DIRECTION('',(-1.,-0.));
#1936 = ( GEOMETRIC_REPRESENTATION_CONTEXT(2) 
PARAMETRIC_REPRESENTATION_CONTEXT() REPRESENTATION_CONTEXT('2D SPACE',''
  ) );
#1937 = PCURVE('',#1938,#1943);
#1938 = TOROIDAL_SURFACE('',#1939,35.,5.);
#1939 = AXIS2_PLACEMENT_3D('',#1940,#1941,#1942);
#1940 = CARTESIAN_POINT('',(-270.,-220.,85.));
#1941 = DIRECTION('',(0.,0.,1.));
#1942 = DIRECTION('',(0.,-1.,0.));
#1943 = DEFINITIONAL_REPRESENTATION('',(#1944),#1948);
#1944 = LINE('',#1945,#1946);
#1945 = CARTESIAN_POINT('',(-0.,0.));
#1946 = VECTOR('',#1947,1.);
#1947 = DIRECTION('',(-1.,0.));
#1948 = ( GEOMETRIC_REPRESENTATION_CONTEXT(2) 
PARAMETRIC_REPRESENTATION_CONTEXT() REPRESENTATION_CONTEXT('2D SPACE',''
  ) );
#1949 = ADVANCED_FACE('',(#1950),#1362,.F.);
#1950 = FACE_BOUND('',#1951,.F.);
#1951 = EDGE_LOOP('',(#1952,#1953,#1954,#1955));
#1952 = ORIENTED_EDGE('',*,*,#1898,.F.);
#1953 = ORIENTED_EDGE('',*,*,#1347,.F.);
#1954 = ORIENTED_EDGE('',*,*,#1549,.T.);
#1955 = ORIENTED_EDGE('',*,*,#1956,.F.);
#1956 = EDGE_CURVE('',#1899,#1550,#1957,.T.);
#1957 = SURFACE_CURVE('',#1958,(#1962,#1969),.PCURVE_S1.);
#1958 = LINE('',#1959,#1960);
#1959 = CARTESIAN_POINT('',(-310.,-220.,85.));
#1960 = VECTOR('',#1961,1.);
#1961 = DIRECTION('',(0.,1.,0.));
#1962 = PCURVE('',#1362,#1963);
#1963 = DEFINITIONAL_REPRESENTATION('',(#1964),#1968);
#1964 = LINE('',#1965,#1966);
#1965 = CARTESIAN_POINT('',(85.,-40.));
#1966 = VECTOR('',#1967,1.);
#1967 = DIRECTION('',(0.,-1.));
#1968 = ( GEOMETRIC_REPRESENTATION_CONTEXT(2) 
PARAMETRIC_REPRESENTATION_CONTEXT() REPRESENTATION_CONTEXT('2D SPACE',''
  ) );
#1969 = PCURVE('',#1970,#1975);
#1970 = CYLINDRICAL_SURFACE('',#1971,5.);
#1971 = AXIS2_PLACEMENT_3D('',#1972,#1973,#1974);
#1972 = CARTESIAN_POINT('',(-305.,-220.,85.));
#1973 = DIRECTION('',(0.,1.,0.));
#1974 = DIRECTION('',(-1.,0.,0.));
#1975 = DEFINITIONAL_REPRESENTATION('',(#1976),#1980);
#1976 = LINE('',#1977,#1978);
#1977 = CARTESIAN_POINT('',(0.,0.));
#1978 = VECTOR('',#1979,1.);
#1979 = DIRECTION('',(0.,1.));
#1980 = ( GEOMETRIC_REPRESENTATION_CONTEXT(2) 
PARAMETRIC_REPRESENTATION_CONTEXT() REPRESENTATION_CONTEXT('2D SPACE',''
  ) );
#1981 = ADVANCED_FACE('',(#1982),#1611,.T.);
#1982 = FACE_BOUND('',#1983,.F.);
#1983 = EDGE_LOOP('',(#1984,#2006,#2007,#2029));
#1984 = ORIENTED_EDGE('',*,*,#1985,.F.);
#1985 = EDGE_CURVE('',#1550,#1986,#1988,.T.);
#1986 = VERTEX_POINT('',#1987);
#1987 = CARTESIAN_POINT('',(-305.,220.,90.));
#1988 = SURFACE_CURVE('',#1989,(#1994,#2000),.PCURVE_S1.);
#1989 = CIRCLE('',#1990,5.);
#1990 = AXIS2_PLACEMENT_3D('',#1991,#1992,#1993);
#1991 = CARTESIAN_POINT('',(-305.,220.,85.));
#1992 = DIRECTION('',(0.,1.,0.));
#1993 = DIRECTION('',(-1.,0.,0.));
#1994 = PCURVE('',#1611,#1995);
#1995 = DEFINITIONAL_REPRESENTATION('',(#1996),#1999);
#1996 = B_SPLINE_CURVE_WITH_KNOTS('',1,(#1997,#1998),.UNSPECIFIED.,.F.,
  .F.,(2,2),(0.,1.570796326795),.PIECEWISE_BEZIER_KNOTS.);
#1997 = CARTESIAN_POINT('',(0.,0.));
#1998 = CARTESIAN_POINT('',(0.,1.570796326795));
#1999 = ( GEOMETRIC_REPRESENTATION_CONTEXT(2) 
PARAMETRIC_REPRESENTATION_CONTEXT() REPRESENTATION_CONTEXT('2D SPACE',''
  ) );
#2000 = PCURVE('',#1970,#2001);
#2001 = DEFINITIONAL_REPRESENTATION('',(#2002),#2005);
#2002 = B_SPLINE_CURVE_WITH_KNOTS('',1,(#2003,#2004),.UNSPECIFIED.,.F.,
  .F.,(2,2),(0.,1.570796326795),.PIECEWISE_BEZIER_KNOTS.);
#2003 = CARTESIAN_POINT('',(0.,440.));
#2004 = CARTESIAN_POINT('',(1.570796326795,440.));
#2005 = ( GEOMETRIC_REPRESENTATION_CONTEXT(2) 
PARAMETRIC_REPRESENTATION_CONTEXT() REPRESENTATION_CONTEXT('2D SPACE',''
  ) );
#2006 = ORIENTED_EDGE('',*,*,#1596,.T.);
#2007 = ORIENTED_EDGE('',*,*,#2008,.T.);
#2008 = EDGE_CURVE('',#1574,#2009,#2011,.T.);
#2009 = VERTEX_POINT('',#2010);
#2010 = CARTESIAN_POINT('',(-270.,255.,90.));
#2011 = SURFACE_CURVE('',#2012,(#2017,#2023),.PCURVE_S1.);
#2012 = CIRCLE('',#2013,5.);
#2013 = AXIS2_PLACEMENT_3D('',#2014,#2015,#2016);
#2014 = CARTESIAN_POINT('',(-270.,255.,85.));
#2015 = DIRECTION('',(1.,6.123233995737E-17,-0.));
#2016 = DIRECTION('',(-6.123233995737E-17,1.,0.));
#2017 = PCURVE('',#1611,#2018);
#2018 = DEFINITIONAL_REPRESENTATION('',(#2019),#2022);
#2019 = B_SPLINE_CURVE_WITH_KNOTS('',1,(#2020,#2021),.UNSPECIFIED.,.F.,
  .F.,(2,2),(0.,1.570796326795),.PIECEWISE_BEZIER_KNOTS.);
#2020 = CARTESIAN_POINT('',(-1.570796326795,0.));
#2021 = CARTESIAN_POINT('',(-1.570796326795,1.570796326795));
#2022 = ( GEOMETRIC_REPRESENTATION_CONTEXT(2) 
PARAMETRIC_REPRESENTATION_CONTEXT() REPRESENTATION_CONTEXT('2D SPACE',''
  ) );
#2023 = PCURVE('',#1644,#2024);
#2024 = DEFINITIONAL_REPRESENTATION('',(#2025),#2028);
#2025 = B_SPLINE_CURVE_WITH_KNOTS('',1,(#2026,#2027),.UNSPECIFIED.,.F.,
  .F.,(2,2),(0.,1.570796326795),.PIECEWISE_BEZIER_KNOTS.);
#2026 = CARTESIAN_POINT('',(0.,0.));
#2027 = CARTESIAN_POINT('',(1.570796326795,0.));
#2028 = ( GEOMETRIC_REPRESENTATION_CONTEXT(2) 
PARAMETRIC_REPRESENTATION_CONTEXT() REPRESENTATION_CONTEXT('2D SPACE',''
  ) );
#2029 = ORIENTED_EDGE('',*,*,#2030,.F.);
#2030 = EDGE_CURVE('',#1986,#2009,#2031,.T.);
#2031 = SURFACE_CURVE('',#2032,(#2037,#2044),.PCURVE_S1.);
#2032 = CIRCLE('',#2033,35.);
#2033 = AXIS2_PLACEMENT_3D('',#2034,#2035,#2036);
#2034 = CARTESIAN_POINT('',(-270.,220.,90.));
#2035 = DIRECTION('',(-0.,0.,-1.));
#2036 = DIRECTION('',(-1.,0.,0.));
#2037 = PCURVE('',#1611,#2038);
#2038 = DEFINITIONAL_REPRESENTATION('',(#2039),#2043);
#2039 = LINE('',#2040,#2041);
#2040 = CARTESIAN_POINT('',(-0.,1.570796326795));
#2041 = VECTOR('',#2042,1.);
#2042 = DIRECTION('',(-1.,0.));
#2043 = ( GEOMETRIC_REPRESENTATION_CONTEXT(2) 
PARAMETRIC_REPRESENTATION_CONTEXT() REPRESENTATION_CONTEXT('2D SPACE',''
  ) );
#2044 = PCURVE('',#2045,#2050);
#2045 = PLANE('',#2046);
#2046 = AXIS2_PLACEMENT_3D('',#2047,#2048,#2049);
#2047 = CARTESIAN_POINT('',(-310.,-260.,90.));
#2048 = DIRECTION('',(0.,0.,1.));
#2049 = DIRECTION('',(1.,0.,0.));
#2050 = DEFINITIONAL_REPRESENTATION('',(#2051),#2059);
#2051 = ( BOUNDED_CURVE() B_SPLINE_CURVE(2,(#2052,#2053,#2054,#2055,
#2056,#2057,#2058),.UNSPECIFIED.,.T.,.F.) B_SPLINE_CURVE_WITH_KNOTS((1,2
    ,2,2,2,1),(-2.094395102393,0.,2.094395102393,4.188790204786,
6.28318530718,8.377580409573),.UNSPECIFIED.) CURVE() 
GEOMETRIC_REPRESENTATION_ITEM() RATIONAL_B_SPLINE_CURVE((1.,0.5,1.,0.5,
1.,0.5,1.)) REPRESENTATION_ITEM('') );
#2052 = CARTESIAN_POINT('',(5.,480.));
#2053 = CARTESIAN_POINT('',(5.,540.62177826491));
#2054 = CARTESIAN_POINT('',(57.5,510.31088913245));
#2055 = CARTESIAN_POINT('',(110.,480.));
#2056 = CARTESIAN_POINT('',(57.5,449.68911086754));
#2057 = CARTESIAN_POINT('',(5.,419.37822173508));
#2058 = CARTESIAN_POINT('',(5.,480.));
#2059 = ( GEOMETRIC_REPRESENTATION_CONTEXT(2) 
PARAMETRIC_REPRESENTATION_CONTEXT() REPRESENTATION_CONTEXT('2D SPACE',''
  ) );
#2060 = ADVANCED_FACE('',(#2061),#1644,.T.);
#2061 = FACE_BOUND('',#2062,.T.);
#2062 = EDGE_LOOP('',(#2063,#2064,#2087,#2107));
#2063 = ORIENTED_EDGE('',*,*,#2008,.T.);
#2064 = ORIENTED_EDGE('',*,*,#2065,.T.);
#2065 = EDGE_CURVE('',#2009,#2066,#2068,.T.);
#2066 = VERTEX_POINT('',#2067);
#2067 = CARTESIAN_POINT('',(270.,255.,90.));
#2068 = SURFACE_CURVE('',#2069,(#2073,#2080),.PCURVE_S1.);
#2069 = LINE('',#2070,#2071);
#2070 = CARTESIAN_POINT('',(-270.,255.,90.));
#2071 = VECTOR('',#2072,1.);
#2072 = DIRECTION('',(1.,0.,0.));
#2073 = PCURVE('',#1644,#2074);
#2074 = DEFINITIONAL_REPRESENTATION('',(#2075),#2079);
#2075 = LINE('',#2076,#2077);
#2076 = CARTESIAN_POINT('',(1.570796326795,0.));
#2077 = VECTOR('',#2078,1.);
#2078 = DIRECTION('',(0.,1.));
#2079 = ( GEOMETRIC_REPRESENTATION_CONTEXT(2) 
PARAMETRIC_REPRESENTATION_CONTEXT() REPRESENTATION_CONTEXT('2D SPACE',''
  ) );
#2080 = PCURVE('',#2045,#2081);
#2081 = DEFINITIONAL_REPRESENTATION('',(#2082),#2086);
#2082 = LINE('',#2083,#2084);
#2083 = CARTESIAN_POINT('',(40.,515.));
#2084 = VECTOR('',#2085,1.);
#2085 = DIRECTION('',(1.,0.));
#2086 = ( GEOMETRIC_REPRESENTATION_CONTEXT(2) 
PARAMETRIC_REPRESENTATION_CONTEXT() REPRESENTATION_CONTEXT('2D SPACE',''
  ) );
#2087 = ORIENTED_EDGE('',*,*,#2088,.F.);
#2088 = EDGE_CURVE('',#1629,#2066,#2089,.T.);
#2089 = SURFACE_CURVE('',#2090,(#2095,#2101),.PCURVE_S1.);
#2090 = CIRCLE('',#2091,5.);
#2091 = AXIS2_PLACEMENT_3D('',#2092,#2093,#2094);
#2092 = CARTESIAN_POINT('',(270.,255.,85.));
#2093 = DIRECTION('',(1.,0.,0.));
#2094 = DIRECTION('',(-0.,1.,0.));
#2095 = PCURVE('',#1644,#2096);
#2096 = DEFINITIONAL_REPRESENTATION('',(#2097),#2100);
#2097 = B_SPLINE_CURVE_WITH_KNOTS('',1,(#2098,#2099),.UNSPECIFIED.,.F.,
  .F.,(2,2),(0.,1.570796326795),.PIECEWISE_BEZIER_KNOTS.);
#2098 = CARTESIAN_POINT('',(0.,540.));
#2099 = CARTESIAN_POINT('',(1.570796326795,540.));
#2100 = ( GEOMETRIC_REPRESENTATION_CONTEXT(2) 
PARAMETRIC_REPRESENTATION_CONTEXT() REPRESENTATION_CONTEXT('2D SPACE',''
  ) );
#2101 = PCURVE('',#1720,#2102);
#2102 = DEFINITIONAL_REPRESENTATION('',(#2103),#2106);
#2103 = B_SPLINE_CURVE_WITH_KNOTS('',1,(#2104,#2105),.UNSPECIFIED.,.F.,
  .F.,(2,2),(0.,1.570796326795),.PIECEWISE_BEZIER_KNOTS.);
#2104 = CARTESIAN_POINT('',(0.,0.));
#2105 = CARTESIAN_POINT('',(0.,1.570796326795));
#2106 = ( GEOMETRIC_REPRESENTATION_CONTEXT(2) 
PARAMETRIC_REPRESENTATION_CONTEXT() REPRESENTATION_CONTEXT('2D SPACE',''
  ) );
#2107 = ORIENTED_EDGE('',*,*,#1628,.F.);
#2108 = ADVANCED_FACE('',(#2109),#1720,.T.);
#2109 = FACE_BOUND('',#2110,.F.);
#2110 = EDGE_LOOP('',(#2111,#2112,#2113,#2135));
#2111 = ORIENTED_EDGE('',*,*,#2088,.F.);
#2112 = ORIENTED_EDGE('',*,*,#1705,.T.);
#2113 = ORIENTED_EDGE('',*,*,#2114,.T.);
#2114 = EDGE_CURVE('',#1681,#2115,#2117,.T.);
#2115 = VERTEX_POINT('',#2116);
#2116 = CARTESIAN_POINT('',(305.,220.,90.));
#2117 = SURFACE_CURVE('',#2118,(#2123,#2129),.PCURVE_S1.);
#2118 = CIRCLE('',#2119,5.);
#2119 = AXIS2_PLACEMENT_3D('',#2120,#2121,#2122);
#2120 = CARTESIAN_POINT('',(305.,220.,85.));
#2121 = DIRECTION('',(6.123233995737E-17,-1.,0.));
#2122 = DIRECTION('',(1.,6.123233995737E-17,0.));
#2123 = PCURVE('',#1720,#2124);
#2124 = DEFINITIONAL_REPRESENTATION('',(#2125),#2128);
#2125 = B_SPLINE_CURVE_WITH_KNOTS('',1,(#2126,#2127),.UNSPECIFIED.,.F.,
  .F.,(2,2),(0.,1.570796326795),.PIECEWISE_BEZIER_KNOTS.);
#2126 = CARTESIAN_POINT('',(-1.570796326795,0.));
#2127 = CARTESIAN_POINT('',(-1.570796326795,1.570796326795));
#2128 = ( GEOMETRIC_REPRESENTATION_CONTEXT(2) 
PARAMETRIC_REPRESENTATION_CONTEXT() REPRESENTATION_CONTEXT('2D SPACE',''
  ) );
#2129 = PCURVE('',#1774,#2130);
#2130 = DEFINITIONAL_REPRESENTATION('',(#2131),#2134);
#2131 = B_SPLINE_CURVE_WITH_KNOTS('',1,(#2132,#2133),.UNSPECIFIED.,.F.,
  .F.,(2,2),(0.,1.570796326795),.PIECEWISE_BEZIER_KNOTS.);
#2132 = CARTESIAN_POINT('',(0.,0.));
#2133 = CARTESIAN_POINT('',(1.570796326795,0.));
#2134 = ( GEOMETRIC_REPRESENTATION_CONTEXT(2) 
PARAMETRIC_REPRESENTATION_CONTEXT() REPRESENTATION_CONTEXT('2D SPACE',''
  ) );
#2135 = ORIENTED_EDGE('',*,*,#2136,.F.);
#2136 = EDGE_CURVE('',#2066,#2115,#2137,.T.);
#2137 = SURFACE_CURVE('',#2138,(#2143,#2150),.PCURVE_S1.);
#2138 = CIRCLE('',#2139,35.);
#2139 = AXIS2_PLACEMENT_3D('',#2140,#2141,#2142);
#2140 = CARTESIAN_POINT('',(270.,220.,90.));
#2141 = DIRECTION('',(0.,-0.,-1.));
#2142 = DIRECTION('',(0.,1.,-0.));
#2143 = PCURVE('',#1720,#2144);
#2144 = DEFINITIONAL_REPRESENTATION('',(#2145),#2149);
#2145 = LINE('',#2146,#2147);
#2146 = CARTESIAN_POINT('',(-0.,1.570796326795));
#2147 = VECTOR('',#2148,1.);
#2148 = DIRECTION('',(-1.,0.));
#2149 = ( GEOMETRIC_REPRESENTATION_CONTEXT(2) 
PARAMETRIC_REPRESENTATION_CONTEXT() REPRESENTATION_CONTEXT('2D SPACE',''
  ) );
#2150 = PCURVE('',#2045,#2151);
#2151 = DEFINITIONAL_REPRESENTATION('',(#2152),#2160);
#2152 = ( BOUNDED_CURVE() B_SPLINE_CURVE(2,(#2153,#2154,#2155,#2156,
#2157,#2158,#2159),.UNSPECIFIED.,.T.,.F.) B_SPLINE_CURVE_WITH_KNOTS((1,2
    ,2,2,2,1),(-2.094395102393,0.,2.094395102393,4.188790204786,
6.28318530718,8.377580409573),.UNSPECIFIED.) CURVE() 
GEOMETRIC_REPRESENTATION_ITEM() RATIONAL_B_SPLINE_CURVE((1.,0.5,1.,0.5,
1.,0.5,1.)) REPRESENTATION_ITEM('') );
#2153 = CARTESIAN_POINT('',(580.,515.));
#2154 = CARTESIAN_POINT('',(640.62177826491,515.));
#2155 = CARTESIAN_POINT('',(610.31088913245,462.5));
#2156 = CARTESIAN_POINT('',(580.,410.));
#2157 = CARTESIAN_POINT('',(549.68911086754,462.5));
#2158 = CARTESIAN_POINT('',(519.37822173508,515.));
#2159 = CARTESIAN_POINT('',(580.,515.));
#2160 = ( GEOMETRIC_REPRESENTATION_CONTEXT(2) 
PARAMETRIC_REPRESENTATION_CONTEXT() REPRESENTATION_CONTEXT('2D SPACE',''
  ) );
#2161 = ADVANCED_FACE('',(#2162),#1774,.T.);
#2162 = FACE_BOUND('',#2163,.T.);
#2163 = EDGE_LOOP('',(#2164,#2165,#2188,#2208));
#2164 = ORIENTED_EDGE('',*,*,#2114,.T.);
#2165 = ORIENTED_EDGE('',*,*,#2166,.T.);
#2166 = EDGE_CURVE('',#2115,#2167,#2169,.T.);
#2167 = VERTEX_POINT('',#2168);
#2168 = CARTESIAN_POINT('',(305.,-220.,90.));
#2169 = SURFACE_CURVE('',#2170,(#2174,#2181),.PCURVE_S1.);
#2170 = LINE('',#2171,#2172);
#2171 = CARTESIAN_POINT('',(305.,220.,90.));
#2172 = VECTOR('',#2173,1.);
#2173 = DIRECTION('',(-0.,-1.,-0.));
#2174 = PCURVE('',#1774,#2175);
#2175 = DEFINITIONAL_REPRESENTATION('',(#2176),#2180);
#2176 = LINE('',#2177,#2178);
#2177 = CARTESIAN_POINT('',(1.570796326795,0.));
#2178 = VECTOR('',#2179,1.);
#2179 = DIRECTION('',(0.,1.));
#2180 = ( GEOMETRIC_REPRESENTATION_CONTEXT(2) 
PARAMETRIC_REPRESENTATION_CONTEXT() REPRESENTATION_CONTEXT('2D SPACE',''
  ) );
#2181 = PCURVE('',#2045,#2182);
#2182 = DEFINITIONAL_REPRESENTATION('',(#2183),#2187);
#2183 = LINE('',#2184,#2185);
#2184 = CARTESIAN_POINT('',(615.,480.));
#2185 = VECTOR('',#2186,1.);
#2186 = DIRECTION('',(-0.,-1.));
#2187 = ( GEOMETRIC_REPRESENTATION_CONTEXT(2) 
PARAMETRIC_REPRESENTATION_CONTEXT() REPRESENTATION_CONTEXT('2D SPACE',''
  ) );
#2188 = ORIENTED_EDGE('',*,*,#2189,.F.);
#2189 = EDGE_CURVE('',#1736,#2167,#2190,.T.);
#2190 = SURFACE_CURVE('',#2191,(#2196,#2202),.PCURVE_S1.);
#2191 = CIRCLE('',#2192,5.);
#2192 = AXIS2_PLACEMENT_3D('',#2193,#2194,#2195);
#2193 = CARTESIAN_POINT('',(305.,-220.,85.));
#2194 = DIRECTION('',(0.,-1.,-0.));
#2195 = DIRECTION('',(1.,0.,-0.));
#2196 = PCURVE('',#1774,#2197);
#2197 = DEFINITIONAL_REPRESENTATION('',(#2198),#2201);
#2198 = B_SPLINE_CURVE_WITH_KNOTS('',1,(#2199,#2200),.UNSPECIFIED.,.F.,
  .F.,(2,2),(0.,1.570796326795),.PIECEWISE_BEZIER_KNOTS.);
#2199 = CARTESIAN_POINT('',(0.,440.));
#2200 = CARTESIAN_POINT('',(1.570796326795,440.));
#2201 = ( GEOMETRIC_REPRESENTATION_CONTEXT(2) 
PARAMETRIC_REPRESENTATION_CONTEXT() REPRESENTATION_CONTEXT('2D SPACE',''
  ) );
#2202 = PCURVE('',#1829,#2203);
#2203 = DEFINITIONAL_REPRESENTATION('',(#2204),#2207);
#2204 = B_SPLINE_CURVE_WITH_KNOTS('',1,(#2205,#2206),.UNSPECIFIED.,.F.,
  .F.,(2,2),(0.,1.570796326795),.PIECEWISE_BEZIER_KNOTS.);
#2205 = CARTESIAN_POINT('',(0.,0.));
#2206 = CARTESIAN_POINT('',(0.,1.570796326795));
#2207 = ( GEOMETRIC_REPRESENTATION_CONTEXT(2) 
PARAMETRIC_REPRESENTATION_CONTEXT() REPRESENTATION_CONTEXT('2D SPACE',''
  ) );
#2208 = ORIENTED_EDGE('',*,*,#1760,.F.);
#2209 = ADVANCED_FACE('',(#2210),#1829,.T.);
#2210 = FACE_BOUND('',#2211,.F.);
#2211 = EDGE_LOOP('',(#2212,#2213,#2214,#2236));
#2212 = ORIENTED_EDGE('',*,*,#2189,.F.);
#2213 = ORIENTED_EDGE('',*,*,#1814,.T.);
#2214 = ORIENTED_EDGE('',*,*,#2215,.T.);
#2215 = EDGE_CURVE('',#1792,#2216,#2218,.T.);
#2216 = VERTEX_POINT('',#2217);
#2217 = CARTESIAN_POINT('',(270.,-255.,90.));
#2218 = SURFACE_CURVE('',#2219,(#2224,#2230),.PCURVE_S1.);
#2219 = CIRCLE('',#2220,5.);
#2220 = AXIS2_PLACEMENT_3D('',#2221,#2222,#2223);
#2221 = CARTESIAN_POINT('',(270.,-255.,85.));
#2222 = DIRECTION('',(-1.,-6.123233995737E-17,0.));
#2223 = DIRECTION('',(6.123233995737E-17,-1.,-0.));
#2224 = PCURVE('',#1829,#2225);
#2225 = DEFINITIONAL_REPRESENTATION('',(#2226),#2229);
#2226 = B_SPLINE_CURVE_WITH_KNOTS('',1,(#2227,#2228),.UNSPECIFIED.,.F.,
  .F.,(2,2),(0.,1.570796326795),.PIECEWISE_BEZIER_KNOTS.);
#2227 = CARTESIAN_POINT('',(-1.570796326795,0.));
#2228 = CARTESIAN_POINT('',(-1.570796326795,1.570796326795));
#2229 = ( GEOMETRIC_REPRESENTATION_CONTEXT(2) 
PARAMETRIC_REPRESENTATION_CONTEXT() REPRESENTATION_CONTEXT('2D SPACE',''
  ) );
#2230 = PCURVE('',#1882,#2231);
#2231 = DEFINITIONAL_REPRESENTATION('',(#2232),#2235);
#2232 = B_SPLINE_CURVE_WITH_KNOTS('',1,(#2233,#2234),.UNSPECIFIED.,.F.,
  .F.,(2,2),(0.,1.570796326795),.PIECEWISE_BEZIER_KNOTS.);
#2233 = CARTESIAN_POINT('',(0.,0.));
#2234 = CARTESIAN_POINT('',(1.570796326795,0.));
#2235 = ( GEOMETRIC_REPRESENTATION_CONTEXT(2) 
PARAMETRIC_REPRESENTATION_CONTEXT() REPRESENTATION_CONTEXT('2D SPACE',''
  ) );
#2236 = ORIENTED_EDGE('',*,*,#2237,.F.);
#2237 = EDGE_CURVE('',#2167,#2216,#2238,.T.);
#2238 = SURFACE_CURVE('',#2239,(#2244,#2251),.PCURVE_S1.);
#2239 = CIRCLE('',#2240,35.);
#2240 = AXIS2_PLACEMENT_3D('',#2241,#2242,#2243);
#2241 = CARTESIAN_POINT('',(270.,-220.,90.));
#2242 = DIRECTION('',(0.,-0.,-1.));
#2243 = DIRECTION('',(1.,0.,-0.));
#2244 = PCURVE('',#1829,#2245);
#2245 = DEFINITIONAL_REPRESENTATION('',(#2246),#2250);
#2246 = LINE('',#2247,#2248);
#2247 = CARTESIAN_POINT('',(-0.,1.570796326795));
#2248 = VECTOR('',#2249,1.);
#2249 = DIRECTION('',(-1.,0.));
#2250 = ( GEOMETRIC_REPRESENTATION_CONTEXT(2) 
PARAMETRIC_REPRESENTATION_CONTEXT() REPRESENTATION_CONTEXT('2D SPACE',''
  ) );
#2251 = PCURVE('',#2045,#2252);
#2252 = DEFINITIONAL_REPRESENTATION('',(#2253),#2261);
#2253 = ( BOUNDED_CURVE() B_SPLINE_CURVE(2,(#2254,#2255,#2256,#2257,
#2258,#2259,#2260),.UNSPECIFIED.,.T.,.F.) B_SPLINE_CURVE_WITH_KNOTS((1,2
    ,2,2,2,1),(-2.094395102393,0.,2.094395102393,4.188790204786,
6.28318530718,8.377580409573),.UNSPECIFIED.) CURVE() 
GEOMETRIC_REPRESENTATION_ITEM() RATIONAL_B_SPLINE_CURVE((1.,0.5,1.,0.5,
1.,0.5,1.)) REPRESENTATION_ITEM('') );
#2254 = CARTESIAN_POINT('',(615.,40.));
#2255 = CARTESIAN_POINT('',(615.,-20.62177826491));
#2256 = CARTESIAN_POINT('',(562.5,9.689110867545));
#2257 = CARTESIAN_POINT('',(510.,40.));
#2258 = CARTESIAN_POINT('',(562.5,70.310889132455));
#2259 = CARTESIAN_POINT('',(615.,100.62177826491));
#2260 = CARTESIAN_POINT('',(615.,40.));
#2261 = ( GEOMETRIC_REPRESENTATION_CONTEXT(2) 
PARAMETRIC_REPRESENTATION_CONTEXT() REPRESENTATION_CONTEXT('2D SPACE',''
  ) );
#2262 = ADVANCED_FACE('',(#2263),#1882,.T.);
#2263 = FACE_BOUND('',#2264,.T.);
#2264 = EDGE_LOOP('',(#2265,#2266,#2289,#2309));
#2265 = ORIENTED_EDGE('',*,*,#2215,.T.);
#2266 = ORIENTED_EDGE('',*,*,#2267,.T.);
#2267 = EDGE_CURVE('',#2216,#2268,#2270,.T.);
#2268 = VERTEX_POINT('',#2269);
#2269 = CARTESIAN_POINT('',(-270.,-255.,90.));
#2270 = SURFACE_CURVE('',#2271,(#2275,#2282),.PCURVE_S1.);
#2271 = LINE('',#2272,#2273);
#2272 = CARTESIAN_POINT('',(270.,-255.,90.));
#2273 = VECTOR('',#2274,1.);
#2274 = DIRECTION('',(-1.,-0.,-0.));
#2275 = PCURVE('',#1882,#2276);
#2276 = DEFINITIONAL_REPRESENTATION('',(#2277),#2281);
#2277 = LINE('',#2278,#2279);
#2278 = CARTESIAN_POINT('',(1.570796326795,0.));
#2279 = VECTOR('',#2280,1.);
#2280 = DIRECTION('',(0.,1.));
#2281 = ( GEOMETRIC_REPRESENTATION_CONTEXT(2) 
PARAMETRIC_REPRESENTATION_CONTEXT() REPRESENTATION_CONTEXT('2D SPACE',''
  ) );
#2282 = PCURVE('',#2045,#2283);
#2283 = DEFINITIONAL_REPRESENTATION('',(#2284),#2288);
#2284 = LINE('',#2285,#2286);
#2285 = CARTESIAN_POINT('',(580.,5.));
#2286 = VECTOR('',#2287,1.);
#2287 = DIRECTION('',(-1.,-0.));
#2288 = ( GEOMETRIC_REPRESENTATION_CONTEXT(2) 
PARAMETRIC_REPRESENTATION_CONTEXT() REPRESENTATION_CONTEXT('2D SPACE',''
  ) );
#2289 = ORIENTED_EDGE('',*,*,#2290,.F.);
#2290 = EDGE_CURVE('',#1846,#2268,#2291,.T.);
#2291 = SURFACE_CURVE('',#2292,(#2297,#2303),.PCURVE_S1.);
#2292 = CIRCLE('',#2293,5.);
#2293 = AXIS2_PLACEMENT_3D('',#2294,#2295,#2296);
#2294 = CARTESIAN_POINT('',(-270.,-255.,85.));
#2295 = DIRECTION('',(-1.,-0.,0.));
#2296 = DIRECTION('',(0.,-1.,0.));
#2297 = PCURVE('',#1882,#2298);
#2298 = DEFINITIONAL_REPRESENTATION('',(#2299),#2302);
#2299 = B_SPLINE_CURVE_WITH_KNOTS('',1,(#2300,#2301),.UNSPECIFIED.,.F.,
  .F.,(2,2),(0.,1.570796326795),.PIECEWISE_BEZIER_KNOTS.);
#2300 = CARTESIAN_POINT('',(0.,540.));
#2301 = CARTESIAN_POINT('',(1.570796326795,540.));
#2302 = ( GEOMETRIC_REPRESENTATION_CONTEXT(2) 
PARAMETRIC_REPRESENTATION_CONTEXT() REPRESENTATION_CONTEXT('2D SPACE',''
  ) );
#2303 = PCURVE('',#1938,#2304);
#2304 = DEFINITIONAL_REPRESENTATION('',(#2305),#2308);
#2305 = B_SPLINE_CURVE_WITH_KNOTS('',1,(#2306,#2307),.UNSPECIFIED.,.F.,
  .F.,(2,2),(0.,1.570796326795),.PIECEWISE_BEZIER_KNOTS.);
#2306 = CARTESIAN_POINT('',(0.,0.));
#2307 = CARTESIAN_POINT('',(0.,1.570796326795));
#2308 = ( GEOMETRIC_REPRESENTATION_CONTEXT(2) 
PARAMETRIC_REPRESENTATION_CONTEXT() REPRESENTATION_CONTEXT('2D SPACE',''
  ) );
#2309 = ORIENTED_EDGE('',*,*,#1868,.F.);
#2310 = ADVANCED_FACE('',(#2311),#1938,.T.);
#2311 = FACE_BOUND('',#2312,.F.);
#2312 = EDGE_LOOP('',(#2313,#2314,#2315,#2337));
#2313 = ORIENTED_EDGE('',*,*,#2290,.F.);
#2314 = ORIENTED_EDGE('',*,*,#1923,.T.);
#2315 = ORIENTED_EDGE('',*,*,#2316,.T.);
#2316 = EDGE_CURVE('',#1899,#2317,#2319,.T.);
#2317 = VERTEX_POINT('',#2318);
#2318 = CARTESIAN_POINT('',(-305.,-220.,90.));
#2319 = SURFACE_CURVE('',#2320,(#2325,#2331),.PCURVE_S1.);
#2320 = CIRCLE('',#2321,5.);
#2321 = AXIS2_PLACEMENT_3D('',#2322,#2323,#2324);
#2322 = CARTESIAN_POINT('',(-305.,-220.,85.));
#2323 = DIRECTION('',(0.,1.,0.));
#2324 = DIRECTION('',(-1.,0.,0.));
#2325 = PCURVE('',#1938,#2326);
#2326 = DEFINITIONAL_REPRESENTATION('',(#2327),#2330);
#2327 = B_SPLINE_CURVE_WITH_KNOTS('',1,(#2328,#2329),.UNSPECIFIED.,.F.,
  .F.,(2,2),(0.,1.570796326795),.PIECEWISE_BEZIER_KNOTS.);
#2328 = CARTESIAN_POINT('',(-1.570796326795,0.));
#2329 = CARTESIAN_POINT('',(-1.570796326795,1.570796326795));
#2330 = ( GEOMETRIC_REPRESENTATION_CONTEXT(2) 
PARAMETRIC_REPRESENTATION_CONTEXT() REPRESENTATION_CONTEXT('2D SPACE',''
  ) );
#2331 = PCURVE('',#1970,#2332);
#2332 = DEFINITIONAL_REPRESENTATION('',(#2333),#2336);
#2333 = B_SPLINE_CURVE_WITH_KNOTS('',1,(#2334,#2335),.UNSPECIFIED.,.F.,
  .F.,(2,2),(0.,1.570796326795),.PIECEWISE_BEZIER_KNOTS.);
#2334 = CARTESIAN_POINT('',(0.,0.));
#2335 = CARTESIAN_POINT('',(1.570796326795,0.));
#2336 = ( GEOMETRIC_REPRESENTATION_CONTEXT(2) 
PARAMETRIC_REPRESENTATION_CONTEXT() REPRESENTATION_CONTEXT('2D SPACE',''
  ) );
#2337 = ORIENTED_EDGE('',*,*,#2338,.F.);
#2338 = EDGE_CURVE('',#2268,#2317,#2339,.T.);
#2339 = SURFACE_CURVE('',#2340,(#2345,#2352),.PCURVE_S1.);
#2340 = CIRCLE('',#2341,35.);
#2341 = AXIS2_PLACEMENT_3D('',#2342,#2343,#2344);
#2342 = CARTESIAN_POINT('',(-270.,-220.,90.));
#2343 = DIRECTION('',(-0.,-0.,-1.));
#2344 = DIRECTION('',(0.,-1.,0.));
#2345 = PCURVE('',#1938,#2346);
#2346 = DEFINITIONAL_REPRESENTATION('',(#2347),#2351);
#2347 = LINE('',#2348,#2349);
#2348 = CARTESIAN_POINT('',(-0.,1.570796326795));
#2349 = VECTOR('',#2350,1.);
#2350 = DIRECTION('',(-1.,0.));
#2351 = ( GEOMETRIC_REPRESENTATION_CONTEXT(2) 
PARAMETRIC_REPRESENTATION_CONTEXT() REPRESENTATION_CONTEXT('2D SPACE',''
  ) );
#2352 = PCURVE('',#2045,#2353);
#2353 = DEFINITIONAL_REPRESENTATION('',(#2354),#2362);
#2354 = ( BOUNDED_CURVE() B_SPLINE_CURVE(2,(#2355,#2356,#2357,#2358,
#2359,#2360,#2361),.UNSPECIFIED.,.T.,.F.) B_SPLINE_CURVE_WITH_KNOTS((1,2
    ,2,2,2,1),(-2.094395102393,0.,2.094395102393,4.188790204786,
6.28318530718,8.377580409573),.UNSPECIFIED.) CURVE() 
GEOMETRIC_REPRESENTATION_ITEM() RATIONAL_B_SPLINE_CURVE((1.,0.5,1.,0.5,
1.,0.5,1.)) REPRESENTATION_ITEM('') );
#2355 = CARTESIAN_POINT('',(40.,5.));
#2356 = CARTESIAN_POINT('',(-20.62177826491,5.));
#2357 = CARTESIAN_POINT('',(9.689110867545,57.5));
#2358 = CARTESIAN_POINT('',(40.,110.));
#2359 = CARTESIAN_POINT('',(70.310889132455,57.5));
#2360 = CARTESIAN_POINT('',(100.62177826491,5.));
#2361 = CARTESIAN_POINT('',(40.,5.));
#2362 = ( GEOMETRIC_REPRESENTATION_CONTEXT(2) 
PARAMETRIC_REPRESENTATION_CONTEXT() REPRESENTATION_CONTEXT('2D SPACE',''
  ) );
#2363 = ADVANCED_FACE('',(#2364),#1970,.T.);
#2364 = FACE_BOUND('',#2365,.T.);
#2365 = EDGE_LOOP('',(#2366,#2367,#2388,#2389));
#2366 = ORIENTED_EDGE('',*,*,#2316,.T.);
#2367 = ORIENTED_EDGE('',*,*,#2368,.T.);
#2368 = EDGE_CURVE('',#2317,#1986,#2369,.T.);
#2369 = SURFACE_CURVE('',#2370,(#2374,#2381),.PCURVE_S1.);
#2370 = LINE('',#2371,#2372);
#2371 = CARTESIAN_POINT('',(-305.,-220.,90.));
#2372 = VECTOR('',#2373,1.);
#2373 = DIRECTION('',(0.,1.,0.));
#2374 = PCURVE('',#1970,#2375);
#2375 = DEFINITIONAL_REPRESENTATION('',(#2376),#2380);
#2376 = LINE('',#2377,#2378);
#2377 = CARTESIAN_POINT('',(1.570796326795,0.));
#2378 = VECTOR('',#2379,1.);
#2379 = DIRECTION('',(0.,1.));
#2380 = ( GEOMETRIC_REPRESENTATION_CONTEXT(2) 
PARAMETRIC_REPRESENTATION_CONTEXT() REPRESENTATION_CONTEXT('2D SPACE',''
  ) );
#2381 = PCURVE('',#2045,#2382);
#2382 = DEFINITIONAL_REPRESENTATION('',(#2383),#2387);
#2383 = LINE('',#2384,#2385);
#2384 = CARTESIAN_POINT('',(5.,40.));
#2385 = VECTOR('',#2386,1.);
#2386 = DIRECTION('',(0.,1.));
#2387 = ( GEOMETRIC_REPRESENTATION_CONTEXT(2) 
PARAMETRIC_REPRESENTATION_CONTEXT() REPRESENTATION_CONTEXT('2D SPACE',''
  ) );
#2388 = ORIENTED_EDGE('',*,*,#1985,.F.);
#2389 = ORIENTED_EDGE('',*,*,#1956,.F.);
#2390 = ADVANCED_FACE('',(#2391,#2401),#2045,.T.);
#2391 = FACE_BOUND('',#2392,.T.);
#2392 = EDGE_LOOP('',(#2393,#2394,#2395,#2396,#2397,#2398,#2399,#2400));
#2393 = ORIENTED_EDGE('',*,*,#2368,.F.);
#2394 = ORIENTED_EDGE('',*,*,#2338,.F.);
#2395 = ORIENTED_EDGE('',*,*,#2267,.F.);
#2396 = ORIENTED_EDGE('',*,*,#2237,.F.);
#2397 = ORIENTED_EDGE('',*,*,#2166,.F.);
#2398 = ORIENTED_EDGE('',*,*,#2136,.F.);
#2399 = ORIENTED_EDGE('',*,*,#2065,.F.);
#2400 = ORIENTED_EDGE('',*,*,#2030,.F.);
#2401 = FACE_BOUND('',#2402,.T.);
#2402 = EDGE_LOOP('',(#2403,#2433,#2461,#2489));
#2403 = ORIENTED_EDGE('',*,*,#2404,.F.);
#2404 = EDGE_CURVE('',#2405,#2407,#2409,.T.);
#2405 = VERTEX_POINT('',#2406);
#2406 = CARTESIAN_POINT('',(-237.5,-237.5,90.));
#2407 = VERTEX_POINT('',#2408);
#2408 = CARTESIAN_POINT('',(237.5,-237.5,90.));
#2409 = SURFACE_CURVE('',#2410,(#2414,#2421),.PCURVE_S1.);
#2410 = LINE('',#2411,#2412);
#2411 = CARTESIAN_POINT('',(-237.5,-237.5,90.));
#2412 = VECTOR('',#2413,1.);
#2413 = DIRECTION('',(1.,0.,0.));
#2414 = PCURVE('',#2045,#2415);
#2415 = DEFINITIONAL_REPRESENTATION('',(#2416),#2420);
#2416 = LINE('',#2417,#2418);
#2417 = CARTESIAN_POINT('',(72.5,22.5));
#2418 = VECTOR('',#2419,1.);
#2419 = DIRECTION('',(1.,0.));
#2420 = ( GEOMETRIC_REPRESENTATION_CONTEXT(2) 
PARAMETRIC_REPRESENTATION_CONTEXT() REPRESENTATION_CONTEXT('2D SPACE',''
  ) );
#2421 = PCURVE('',#2422,#2427);
#2422 = PLANE('',#2423);
#2423 = AXIS2_PLACEMENT_3D('',#2424,#2425,#2426);
#2424 = CARTESIAN_POINT('',(-237.5,-237.5,90.));
#2425 = DIRECTION('',(0.,-1.,0.));
#2426 = DIRECTION('',(1.,0.,0.));
#2427 = DEFINITIONAL_REPRESENTATION('',(#2428),#2432);
#2428 = LINE('',#2429,#2430);
#2429 = CARTESIAN_POINT('',(0.,0.));
#2430 = VECTOR('',#2431,1.);
#2431 = DIRECTION('',(1.,0.));
#2432 = ( GEOMETRIC_REPRESENTATION_CONTEXT(2) 
PARAMETRIC_REPRESENTATION_CONTEXT() REPRESENTATION_CONTEXT('2D SPACE',''
  ) );
#2433 = ORIENTED_EDGE('',*,*,#2434,.F.);
#2434 = EDGE_CURVE('',#2435,#2405,#2437,.T.);
#2435 = VERTEX_POINT('',#2436);
#2436 = CARTESIAN_POINT('',(-237.5,237.5,90.));
#2437 = SURFACE_CURVE('',#2438,(#2442,#2449),.PCURVE_S1.);
#2438 = LINE('',#2439,#2440);
#2439 = CARTESIAN_POINT('',(-237.5,237.5,90.));
#2440 = VECTOR('',#2441,1.);
#2441 = DIRECTION('',(0.,-1.,0.));
#2442 = PCURVE('',#2045,#2443);
#2443 = DEFINITIONAL_REPRESENTATION('',(#2444),#2448);
#2444 = LINE('',#2445,#2446);
#2445 = CARTESIAN_POINT('',(72.5,497.5));
#2446 = VECTOR('',#2447,1.);
#2447 = DIRECTION('',(0.,-1.));
#2448 = ( GEOMETRIC_REPRESENTATION_CONTEXT(2) 
PARAMETRIC_REPRESENTATION_CONTEXT() REPRESENTATION_CONTEXT('2D SPACE',''
  ) );
#2449 = PCURVE('',#2450,#2455);
#2450 = PLANE('',#2451);
#2451 = AXIS2_PLACEMENT_3D('',#2452,#2453,#2454);
#2452 = CARTESIAN_POINT('',(-237.5,237.5,90.));
#2453 = DIRECTION('',(-1.,0.,0.));
#2454 = DIRECTION('',(0.,-1.,0.));
#2455 = DEFINITIONAL_REPRESENTATION('',(#2456),#2460);
#2456 = LINE('',#2457,#2458);
#2457 = CARTESIAN_POINT('',(0.,0.));
#2458 = VECTOR('',#2459,1.);
#2459 = DIRECTION('',(1.,0.));
#2460 = ( GEOMETRIC_REPRESENTATION_CONTEXT(2) 
PARAMETRIC_REPRESENTATION_CONTEXT() REPRESENTATION_CONTEXT('2D SPACE',''
  ) );
#2461 = ORIENTED_EDGE('',*,*,#2462,.F.);
#2462 = EDGE_CURVE('',#2463,#2435,#2465,.T.);
#2463 = VERTEX_POINT('',#2464);
#2464 = CARTESIAN_POINT('',(237.5,237.5,90.));
#2465 = SURFACE_CURVE('',#2466,(#2470,#2477),.PCURVE_S1.);
#2466 = LINE('',#2467,#2468);
#2467 = CARTESIAN_POINT('',(237.5,237.5,90.));
#2468 = VECTOR('',#2469,1.);
#2469 = DIRECTION('',(-1.,0.,0.));
#2470 = PCURVE('',#2045,#2471);
#2471 = DEFINITIONAL_REPRESENTATION('',(#2472),#2476);
#2472 = LINE('',#2473,#2474);
#2473 = CARTESIAN_POINT('',(547.5,497.5));
#2474 = VECTOR('',#2475,1.);
#2475 = DIRECTION('',(-1.,0.));
#2476 = ( GEOMETRIC_REPRESENTATION_CONTEXT(2) 
PARAMETRIC_REPRESENTATION_CONTEXT() REPRESENTATION_CONTEXT('2D SPACE',''
  ) );
#2477 = PCURVE('',#2478,#2483);
#2478 = PLANE('',#2479);
#2479 = AXIS2_PLACEMENT_3D('',#2480,#2481,#2482);
#2480 = CARTESIAN_POINT('',(237.5,237.5,90.));
#2481 = DIRECTION('',(0.,1.,-0.));
#2482 = DIRECTION('',(-1.,0.,0.));
#2483 = DEFINITIONAL_REPRESENTATION('',(#2484),#2488);
#2484 = LINE('',#2485,#2486);
#2485 = CARTESIAN_POINT('',(0.,0.));
#2486 = VECTOR('',#2487,1.);
#2487 = DIRECTION('',(1.,0.));
#2488 = ( GEOMETRIC_REPRESENTATION_CONTEXT(2) 
PARAMETRIC_REPRESENTATION_CONTEXT() REPRESENTATION_CONTEXT('2D SPACE',''
  ) );
#2489 = ORIENTED_EDGE('',*,*,#2490,.F.);
#2490 = EDGE_CURVE('',#2407,#2463,#2491,.T.);
#2491 = SURFACE_CURVE('',#2492,(#2496,#2503),.PCURVE_S1.);
#2492 = LINE('',#2493,#2494);
#2493 = CARTESIAN_POINT('',(237.5,-237.5,90.));
#2494 = VECTOR('',#2495,1.);
#2495 = DIRECTION('',(0.,1.,0.));
#2496 = PCURVE('',#2045,#2497);
#2497 = DEFINITIONAL_REPRESENTATION('',(#2498),#2502);
#2498 = LINE('',#2499,#2500);
#2499 = CARTESIAN_POINT('',(547.5,22.5));
#2500 = VECTOR('',#2501,1.);
#2501 = DIRECTION('',(0.,1.));
#2502 = ( GEOMETRIC_REPRESENTATION_CONTEXT(2) 
PARAMETRIC_REPRESENTATION_CONTEXT() REPRESENTATION_CONTEXT('2D SPACE',''
  ) );
#2503 = PCURVE('',#2504,#2509);
#2504 = PLANE('',#2505);
#2505 = AXIS2_PLACEMENT_3D('',#2506,#2507,#2508);
#2506 = CARTESIAN_POINT('',(237.5,-237.5,90.));
#2507 = DIRECTION('',(1.,0.,0.));
#2508 = DIRECTION('',(-0.,1.,0.));
#2509 = DEFINITIONAL_REPRESENTATION('',(#2510),#2514);
#2510 = LINE('',#2511,#2512);
#2511 = CARTESIAN_POINT('',(0.,0.));
#2512 = VECTOR('',#2513,1.);
#2513 = DIRECTION('',(1.,0.));
#2514 = ( GEOMETRIC_REPRESENTATION_CONTEXT(2) 
PARAMETRIC_REPRESENTATION_CONTEXT() REPRESENTATION_CONTEXT('2D SPACE',''
  ) );
#2515 = ADVANCED_FACE('',(#2516),#2422,.F.);
#2516 = FACE_BOUND('',#2517,.F.);
#2517 = EDGE_LOOP('',(#2518,#2541,#2569,#2590));
#2518 = ORIENTED_EDGE('',*,*,#2519,.T.);
#2519 = EDGE_CURVE('',#2405,#2520,#2522,.T.);
#2520 = VERTEX_POINT('',#2521);
#2521 = CARTESIAN_POINT('',(-237.5,-237.5,84.));
#2522 = SURFACE_CURVE('',#2523,(#2527,#2534),.PCURVE_S1.);
#2523 = LINE('',#2524,#2525);
#2524 = CARTESIAN_POINT('',(-237.5,-237.5,90.));
#2525 = VECTOR('',#2526,1.);
#2526 = DIRECTION('',(-0.,-0.,-1.));
#2527 = PCURVE('',#2422,#2528);
#2528 = DEFINITIONAL_REPRESENTATION('',(#2529),#2533);
#2529 = LINE('',#2530,#2531);
#2530 = CARTESIAN_POINT('',(0.,0.));
#2531 = VECTOR('',#2532,1.);
#2532 = DIRECTION('',(0.,-1.));
#2533 = ( GEOMETRIC_REPRESENTATION_CONTEXT(2) 
PARAMETRIC_REPRESENTATION_CONTEXT() REPRESENTATION_CONTEXT('2D SPACE',''
  ) );
#2534 = PCURVE('',#2450,#2535);
#2535 = DEFINITIONAL_REPRESENTATION('',(#2536),#2540);
#2536 = LINE('',#2537,#2538);
#2537 = CARTESIAN_POINT('',(475.,0.));
#2538 = VECTOR('',#2539,1.);
#2539 = DIRECTION('',(0.,-1.));
#2540 = ( GEOMETRIC_REPRESENTATION_CONTEXT(2) 
PARAMETRIC_REPRESENTATION_CONTEXT() REPRESENTATION_CONTEXT('2D SPACE',''
  ) );
#2541 = ORIENTED_EDGE('',*,*,#2542,.T.);
#2542 = EDGE_CURVE('',#2520,#2543,#2545,.T.);
#2543 = VERTEX_POINT('',#2544);
#2544 = CARTESIAN_POINT('',(237.5,-237.5,84.));
#2545 = SURFACE_CURVE('',#2546,(#2550,#2557),.PCURVE_S1.);
#2546 = LINE('',#2547,#2548);
#2547 = CARTESIAN_POINT('',(-237.5,-237.5,84.));
#2548 = VECTOR('',#2549,1.);
#2549 = DIRECTION('',(1.,0.,0.));
#2550 = PCURVE('',#2422,#2551);
#2551 = DEFINITIONAL_REPRESENTATION('',(#2552),#2556);
#2552 = LINE('',#2553,#2554);
#2553 = CARTESIAN_POINT('',(0.,-6.));
#2554 = VECTOR('',#2555,1.);
#2555 = DIRECTION('',(1.,0.));
#2556 = ( GEOMETRIC_REPRESENTATION_CONTEXT(2) 
PARAMETRIC_REPRESENTATION_CONTEXT() REPRESENTATION_CONTEXT('2D SPACE',''
  ) );
#2557 = PCURVE('',#2558,#2563);
#2558 = PLANE('',#2559);
#2559 = AXIS2_PLACEMENT_3D('',#2560,#2561,#2562);
#2560 = CARTESIAN_POINT('',(0.,0.,84.));
#2561 = DIRECTION('',(0.,0.,1.));
#2562 = DIRECTION('',(1.,0.,-0.));
#2563 = DEFINITIONAL_REPRESENTATION('',(#2564),#2568);
#2564 = LINE('',#2565,#2566);
#2565 = CARTESIAN_POINT('',(-237.5,-237.5));
#2566 = VECTOR('',#2567,1.);
#2567 = DIRECTION('',(1.,0.));
#2568 = ( GEOMETRIC_REPRESENTATION_CONTEXT(2) 
PARAMETRIC_REPRESENTATION_CONTEXT() REPRESENTATION_CONTEXT('2D SPACE',''
  ) );
#2569 = ORIENTED_EDGE('',*,*,#2570,.F.);
#2570 = EDGE_CURVE('',#2407,#2543,#2571,.T.);
#2571 = SURFACE_CURVE('',#2572,(#2576,#2583),.PCURVE_S1.);
#2572 = LINE('',#2573,#2574);
#2573 = CARTESIAN_POINT('',(237.5,-237.5,90.));
#2574 = VECTOR('',#2575,1.);
#2575 = DIRECTION('',(-0.,-0.,-1.));
#2576 = PCURVE('',#2422,#2577);
#2577 = DEFINITIONAL_REPRESENTATION('',(#2578),#2582);
#2578 = LINE('',#2579,#2580);
#2579 = CARTESIAN_POINT('',(475.,0.));
#2580 = VECTOR('',#2581,1.);
#2581 = DIRECTION('',(0.,-1.));
#2582 = ( GEOMETRIC_REPRESENTATION_CONTEXT(2) 
PARAMETRIC_REPRESENTATION_CONTEXT() REPRESENTATION_CONTEXT('2D SPACE',''
  ) );
#2583 = PCURVE('',#2504,#2584);
#2584 = DEFINITIONAL_REPRESENTATION('',(#2585),#2589);
#2585 = LINE('',#2586,#2587);
#2586 = CARTESIAN_POINT('',(0.,0.));
#2587 = VECTOR('',#2588,1.);
#2588 = DIRECTION('',(0.,-1.));
#2589 = ( GEOMETRIC_REPRESENTATION_CONTEXT(2) 
PARAMETRIC_REPRESENTATION_CONTEXT() REPRESENTATION_CONTEXT('2D SPACE',''
  ) );
#2590 = ORIENTED_EDGE('',*,*,#2404,.F.);
#2591 = ADVANCED_FACE('',(#2592),#2504,.F.);
#2592 = FACE_BOUND('',#2593,.F.);
#2593 = EDGE_LOOP('',(#2594,#2595,#2618,#2639));
#2594 = ORIENTED_EDGE('',*,*,#2570,.T.);
#2595 = ORIENTED_EDGE('',*,*,#2596,.T.);
#2596 = EDGE_CURVE('',#2543,#2597,#2599,.T.);
#2597 = VERTEX_POINT('',#2598);
#2598 = CARTESIAN_POINT('',(237.5,237.5,84.));
#2599 = SURFACE_CURVE('',#2600,(#2604,#2611),.PCURVE_S1.);
#2600 = LINE('',#2601,#2602);
#2601 = CARTESIAN_POINT('',(237.5,-237.5,84.));
#2602 = VECTOR('',#2603,1.);
#2603 = DIRECTION('',(0.,1.,0.));
#2604 = PCURVE('',#2504,#2605);
#2605 = DEFINITIONAL_REPRESENTATION('',(#2606),#2610);
#2606 = LINE('',#2607,#2608);
#2607 = CARTESIAN_POINT('',(0.,-6.));
#2608 = VECTOR('',#2609,1.);
#2609 = DIRECTION('',(1.,0.));
#2610 = ( GEOMETRIC_REPRESENTATION_CONTEXT(2) 
PARAMETRIC_REPRESENTATION_CONTEXT() REPRESENTATION_CONTEXT('2D SPACE',''
  ) );
#2611 = PCURVE('',#2558,#2612);
#2612 = DEFINITIONAL_REPRESENTATION('',(#2613),#2617);
#2613 = LINE('',#2614,#2615);
#2614 = CARTESIAN_POINT('',(237.5,-237.5));
#2615 = VECTOR('',#2616,1.);
#2616 = DIRECTION('',(0.,1.));
#2617 = ( GEOMETRIC_REPRESENTATION_CONTEXT(2) 
PARAMETRIC_REPRESENTATION_CONTEXT() REPRESENTATION_CONTEXT('2D SPACE',''
  ) );
#2618 = ORIENTED_EDGE('',*,*,#2619,.F.);
#2619 = EDGE_CURVE('',#2463,#2597,#2620,.T.);
#2620 = SURFACE_CURVE('',#2621,(#2625,#2632),.PCURVE_S1.);
#2621 = LINE('',#2622,#2623);
#2622 = CARTESIAN_POINT('',(237.5,237.5,90.));
#2623 = VECTOR('',#2624,1.);
#2624 = DIRECTION('',(-0.,-0.,-1.));
#2625 = PCURVE('',#2504,#2626);
#2626 = DEFINITIONAL_REPRESENTATION('',(#2627),#2631);
#2627 = LINE('',#2628,#2629);
#2628 = CARTESIAN_POINT('',(475.,0.));
#2629 = VECTOR('',#2630,1.);
#2630 = DIRECTION('',(0.,-1.));
#2631 = ( GEOMETRIC_REPRESENTATION_CONTEXT(2) 
PARAMETRIC_REPRESENTATION_CONTEXT() REPRESENTATION_CONTEXT('2D SPACE',''
  ) );
#2632 = PCURVE('',#2478,#2633);
#2633 = DEFINITIONAL_REPRESENTATION('',(#2634),#2638);
#2634 = LINE('',#2635,#2636);
#2635 = CARTESIAN_POINT('',(0.,0.));
#2636 = VECTOR('',#2637,1.);
#2637 = DIRECTION('',(0.,-1.));
#2638 = ( GEOMETRIC_REPRESENTATION_CONTEXT(2) 
PARAMETRIC_REPRESENTATION_CONTEXT() REPRESENTATION_CONTEXT('2D SPACE',''
  ) );
#2639 = ORIENTED_EDGE('',*,*,#2490,.F.);
#2640 = ADVANCED_FACE('',(#2641),#2478,.F.);
#2641 = FACE_BOUND('',#2642,.F.);
#2642 = EDGE_LOOP('',(#2643,#2644,#2667,#2688));
#2643 = ORIENTED_EDGE('',*,*,#2619,.T.);
#2644 = ORIENTED_EDGE('',*,*,#2645,.T.);
#2645 = EDGE_CURVE('',#2597,#2646,#2648,.T.);
#2646 = VERTEX_POINT('',#2647);
#2647 = CARTESIAN_POINT('',(-237.5,237.5,84.));
#2648 = SURFACE_CURVE('',#2649,(#2653,#2660),.PCURVE_S1.);
#2649 = LINE('',#2650,#2651);
#2650 = CARTESIAN_POINT('',(237.5,237.5,84.));
#2651 = VECTOR('',#2652,1.);
#2652 = DIRECTION('',(-1.,0.,0.));
#2653 = PCURVE('',#2478,#2654);
#2654 = DEFINITIONAL_REPRESENTATION('',(#2655),#2659);
#2655 = LINE('',#2656,#2657);
#2656 = CARTESIAN_POINT('',(0.,-6.));
#2657 = VECTOR('',#2658,1.);
#2658 = DIRECTION('',(1.,0.));
#2659 = ( GEOMETRIC_REPRESENTATION_CONTEXT(2) 
PARAMETRIC_REPRESENTATION_CONTEXT() REPRESENTATION_CONTEXT('2D SPACE',''
  ) );
#2660 = PCURVE('',#2558,#2661);
#2661 = DEFINITIONAL_REPRESENTATION('',(#2662),#2666);
#2662 = LINE('',#2663,#2664);
#2663 = CARTESIAN_POINT('',(237.5,237.5));
#2664 = VECTOR('',#2665,1.);
#2665 = DIRECTION('',(-1.,0.));
#2666 = ( GEOMETRIC_REPRESENTATION_CONTEXT(2) 
PARAMETRIC_REPRESENTATION_CONTEXT() REPRESENTATION_CONTEXT('2D SPACE',''
  ) );
#2667 = ORIENTED_EDGE('',*,*,#2668,.F.);
#2668 = EDGE_CURVE('',#2435,#2646,#2669,.T.);
#2669 = SURFACE_CURVE('',#2670,(#2674,#2681),.PCURVE_S1.);
#2670 = LINE('',#2671,#2672);
#2671 = CARTESIAN_POINT('',(-237.5,237.5,90.));
#2672 = VECTOR('',#2673,1.);
#2673 = DIRECTION('',(-0.,-0.,-1.));
#2674 = PCURVE('',#2478,#2675);
#2675 = DEFINITIONAL_REPRESENTATION('',(#2676),#2680);
#2676 = LINE('',#2677,#2678);
#2677 = CARTESIAN_POINT('',(475.,0.));
#2678 = VECTOR('',#2679,1.);
#2679 = DIRECTION('',(0.,-1.));
#2680 = ( GEOMETRIC_REPRESENTATION_CONTEXT(2) 
PARAMETRIC_REPRESENTATION_CONTEXT() REPRESENTATION_CONTEXT('2D SPACE',''
  ) );
#2681 = PCURVE('',#2450,#2682);
#2682 = DEFINITIONAL_REPRESENTATION('',(#2683),#2687);
#2683 = LINE('',#2684,#2685);
#2684 = CARTESIAN_POINT('',(0.,0.));
#2685 = VECTOR('',#2686,1.);
#2686 = DIRECTION('',(0.,-1.));
#2687 = ( GEOMETRIC_REPRESENTATION_CONTEXT(2) 
PARAMETRIC_REPRESENTATION_CONTEXT() REPRESENTATION_CONTEXT('2D SPACE',''
  ) );
#2688 = ORIENTED_EDGE('',*,*,#2462,.F.);
#2689 = ADVANCED_FACE('',(#2690),#2450,.F.);
#2690 = FACE_BOUND('',#2691,.F.);
#2691 = EDGE_LOOP('',(#2692,#2693,#2714,#2715));
#2692 = ORIENTED_EDGE('',*,*,#2668,.T.);
#2693 = ORIENTED_EDGE('',*,*,#2694,.T.);
#2694 = EDGE_CURVE('',#2646,#2520,#2695,.T.);
#2695 = SURFACE_CURVE('',#2696,(#2700,#2707),.PCURVE_S1.);
#2696 = LINE('',#2697,#2698);
#2697 = CARTESIAN_POINT('',(-237.5,237.5,84.));
#2698 = VECTOR('',#2699,1.);
#2699 = DIRECTION('',(0.,-1.,0.));
#2700 = PCURVE('',#2450,#2701);
#2701 = DEFINITIONAL_REPRESENTATION('',(#2702),#2706);
#2702 = LINE('',#2703,#2704);
#2703 = CARTESIAN_POINT('',(0.,-6.));
#2704 = VECTOR('',#2705,1.);
#2705 = DIRECTION('',(1.,0.));
#2706 = ( GEOMETRIC_REPRESENTATION_CONTEXT(2) 
PARAMETRIC_REPRESENTATION_CONTEXT() REPRESENTATION_CONTEXT('2D SPACE',''
  ) );
#2707 = PCURVE('',#2558,#2708);
#2708 = DEFINITIONAL_REPRESENTATION('',(#2709),#2713);
#2709 = LINE('',#2710,#2711);
#2710 = CARTESIAN_POINT('',(-237.5,237.5));
#2711 = VECTOR('',#2712,1.);
#2712 = DIRECTION('',(0.,-1.));
#2713 = ( GEOMETRIC_REPRESENTATION_CONTEXT(2) 
PARAMETRIC_REPRESENTATION_CONTEXT() REPRESENTATION_CONTEXT('2D SPACE',''
  ) );
#2714 = ORIENTED_EDGE('',*,*,#2519,.F.);
#2715 = ORIENTED_EDGE('',*,*,#2434,.F.);
#2716 = ADVANCED_FACE('',(#2717),#2558,.T.);
#2717 = FACE_BOUND('',#2718,.T.);
#2718 = EDGE_LOOP('',(#2719,#2720,#2721,#2722));
#2719 = ORIENTED_EDGE('',*,*,#2542,.T.);
#2720 = ORIENTED_EDGE('',*,*,#2596,.T.);
#2721 = ORIENTED_EDGE('',*,*,#2645,.T.);
#2722 = ORIENTED_EDGE('',*,*,#2694,.T.);
#2723 = ( GEOMETRIC_REPRESENTATION_CONTEXT(3) 
GLOBAL_UNCERTAINTY_ASSIGNED_CONTEXT((#2727)) 
GLOBAL_UNIT_ASSIGNED_CONTEXT((#2724,#2725,#2726)) REPRESENTATION_CONTEXT
('Context #1','3D Context with UNIT and UNCERTAINTY') );
#2724 = ( LENGTH_UNIT() NAMED_UNIT(*) SI_UNIT(.MILLI.,.METRE.) );
#2725 = ( NAMED_UNIT(*) PLANE_ANGLE_UNIT() SI_UNIT($,.RADIAN.) );
#2726 = ( NAMED_UNIT(*) SI_UNIT($,.STERADIAN.) SOLID_ANGLE_UNIT() );
#2727 = UNCERTAINTY_MEASURE_WITH_UNIT(LENGTH_MEASURE(1.E-07),#2724,
  'distance_accuracy_value','confusion accuracy');
#2728 = PRODUCT_RELATED_PRODUCT_CATEGORY('part',$,(#7));
ENDSEC;
END-ISO-10303-21;
