ISO-10303-21;
HEADER;
FILE_DESCRIPTION(('Zoo Text-to-CAD'),'1');
FILE_NAME('dump.step', '2026-02-03T23:07:15.092401994+00:00', ('Author unknown'), ('Organization unknown'), 'zoo.dev beta', 'zoo.dev', 'Authorization unknown');
FILE_SCHEMA(('AP203_CONFIGURATION_CONTROLLED_3D_DESIGN_OF_MECHANICAL_PARTS_AND_ASSEMBLIES_MIM_LF'));
ENDSEC;
DATA;
#1 = (
  LENGTH_UNIT()
  NAMED_UNIT(*)
  SI_UNIT($, .METRE.)
);
#2 = (
  NAMED_UNIT(*)
  PLANE_ANGLE_UNIT()
  SI_UNIT($, .RADIAN.)
);
#3 = UNCERTAINTY_MEASURE_WITH_UNIT(LENGTH_MEASURE(0.00001), #1, 'DISTANCE_ACCURACY_VALUE', $);
#4 = (
  GEOMETRIC_REPRESENTATION_CONTEXT(3)
  GLOBAL_UNCERTAINTY_ASSIGNED_CONTEXT((#3))
  GLOBAL_UNIT_ASSIGNED_CONTEXT((#1, #2))
  REPRESENTATION_CONTEXT('', '3D')
);
#5 = CARTESIAN_POINT('', (0.045, 0, 0));
#6 = VERTEX_POINT('', #5);
#7 = CARTESIAN_POINT('', (0.045, 0, 0.008));
#8 = VERTEX_POINT('', #7);
#9 = CARTESIAN_POINT('', (0.035, 0, 0.008));
#10 = VERTEX_POINT('', #9);
#11 = CARTESIAN_POINT('', (0.035, 0, 0.053));
#12 = VERTEX_POINT('', #11);
#13 = CARTESIAN_POINT('', (-0.045, 0.0000000000000000055109105961630896, 0));
#14 = VERTEX_POINT('', #13);
#15 = CARTESIAN_POINT('', (-0.045, 0.0000000000000000055109105961630896, 0.008));
#16 = VERTEX_POINT('', #15);
#17 = CARTESIAN_POINT('', (-0.035, 0.000000000000000004286263797015737, 0.008));
#18 = VERTEX_POINT('', #17);
#19 = CARTESIAN_POINT('', (-0.035, 0.000000000000000004286263797015737, 0.053));
#20 = VERTEX_POINT('', #19);
#21 = CARTESIAN_POINT('', (0.0349, 0.0175, 0.0305));
#22 = VERTEX_POINT('', #21);
#23 = CARTESIAN_POINT('', (0.0349, -0.0175, 0.030500000000000003));
#24 = VERTEX_POINT('', #23);
#25 = CARTESIAN_POINT('', (0.03490000000000001, 0.002620587166567434, 0.04779934062800419));
#26 = VERTEX_POINT('', #25);
#27 = CARTESIAN_POINT('', (0.035, 0.0000000000000000010715659492539342, 0.048));
#28 = VERTEX_POINT('', #27);
#29 = CARTESIAN_POINT('', (0.0349, 0.00262058716656755, 0.013197326132004547));
#30 = VERTEX_POINT('', #29);
#31 = CARTESIAN_POINT('', (0.035, 0, 0.013));
#32 = VERTEX_POINT('', #31);
#33 = CARTESIAN_POINT('', (0.0349, -0.0026205871665675026, 0.047799340628004186));
#34 = VERTEX_POINT('', #33);
#35 = CARTESIAN_POINT('', (0.03490000000000001, -0.002620587166567483, 0.013197326132009234));
#36 = VERTEX_POINT('', #35);
#37 = CARTESIAN_POINT('', (0.1148, 0.0275, 0.0305));
#38 = VERTEX_POINT('', #37);
#39 = CARTESIAN_POINT('', (0.1448, 0.0275, 0.0305));
#40 = VERTEX_POINT('', #39);
#41 = CARTESIAN_POINT('', (0.1148, -0.0275, 0.030500000000000003));
#42 = VERTEX_POINT('', #41);
#43 = CARTESIAN_POINT('', (0.1448, -0.0275, 0.030500000000000003));
#44 = VERTEX_POINT('', #43);
#45 = CARTESIAN_POINT('', (0.1148, -0.0175, 0.030500000000000003));
#46 = VERTEX_POINT('', #45);
#47 = CARTESIAN_POINT('', (0.1148, 0.0175, 0.0305));
#48 = VERTEX_POINT('', #47);
#49 = CARTESIAN_POINT('', (0.1148, -0.00030427028583421024, 0.01300348665807959));
#50 = VERTEX_POINT('', #49);
#51 = CARTESIAN_POINT('', (0.1148, 0.00030427028583420807, 0.0479965133419204));
#52 = VERTEX_POINT('', #51);
#53 = CARTESIAN_POINT('', (0.1448, -0.015, 0.030500000000000003));
#54 = VERTEX_POINT('', #53);
#55 = CARTESIAN_POINT('', (0.1448, 0.015, 0.0305));
#56 = VERTEX_POINT('', #55);
#57 = CARTESIAN_POINT('', (0.1448, -0.0000886325440092639, 0.015501015647567548));
#58 = VERTEX_POINT('', #57);
#59 = CARTESIAN_POINT('', (0.1448, 0.00008863254400926446, 0.045498984352432444));
#60 = VERTEX_POINT('', #59);
#61 = CARTESIAN_POINT('', (0.21459999999999999, 0.0225, 0.0305));
#62 = VERTEX_POINT('', #61);
#63 = CARTESIAN_POINT('', (0.24459999999999998, 0.0225, 0.0305));
#64 = VERTEX_POINT('', #63);
#65 = CARTESIAN_POINT('', (0.21459999999999999, -0.0225, 0.030500000000000003));
#66 = VERTEX_POINT('', #65);
#67 = CARTESIAN_POINT('', (0.24459999999999998, -0.0225, 0.030500000000000003));
#68 = VERTEX_POINT('', #67);
#69 = CARTESIAN_POINT('', (0.21459999999999999, 0.015, 0.0305));
#70 = VERTEX_POINT('', #69);
#71 = CARTESIAN_POINT('', (0.21459999999999999, -0.015, 0.030500000000000003));
#72 = VERTEX_POINT('', #71);
#73 = CARTESIAN_POINT('', (0.21459999999999996, 0.00025006355558397213, 0.04549713450127376));
#74 = VERTEX_POINT('', #73);
#75 = CARTESIAN_POINT('', (0.21459999999999996, -0.00025006355558397316, 0.015502865498726233));
#76 = VERTEX_POINT('', #75);
#77 = CARTESIAN_POINT('', (0.2565, 0.02, 0.0305));
#78 = VERTEX_POINT('', #77);
#79 = CARTESIAN_POINT('', (0.2565, -0.02, 0.030500000000000003));
#80 = VERTEX_POINT('', #79);
#81 = CARTESIAN_POINT('', (0.24459999999999998, -0.019999999999999997, 0.0305));
#82 = VERTEX_POINT('', #81);
#83 = CARTESIAN_POINT('', (0.24459999999999998, 0.019999999999999997, 0.030499999999999996));
#84 = VERTEX_POINT('', #83);
#85 = CARTESIAN_POINT('', (0.24459999999999998, 0.0003895576264858884, 0.010504463972688395));
#86 = VERTEX_POINT('', #85);
#87 = CARTESIAN_POINT('', (0.24459999999999998, -0.00038955762648588754, 0.050495536027311584));
#88 = VERTEX_POINT('', #87);
#89 = DIRECTION('', (1, 0, 0));
#90 = DIRECTION('', (0, -0, 1));
#91 = CARTESIAN_POINT('', (0, -0, 0));
#92 = AXIS2_PLACEMENT_3D('', #91, #90, #89);
#93 = CIRCLE('', #92, 0.045);
#94 = DIRECTION('', (0, -0, 1));
#95 = VECTOR('', #94, 1);
#96 = CARTESIAN_POINT('', (0.045, 0, 0));
#97 = LINE('', #96, #95);
#98 = DIRECTION('', (1, 0, 0));
#99 = DIRECTION('', (0, -0, 1));
#100 = CARTESIAN_POINT('', (0, -0, 0.008));
#101 = AXIS2_PLACEMENT_3D('', #100, #99, #98);
#102 = CIRCLE('', #101, 0.045);
#103 = DIRECTION('', (1, -0.000000000000000035887827627057714, 0));
#104 = DIRECTION('', (-0, -0, 1));
#105 = CARTESIAN_POINT('', (0.0000000000000000012560739669470202, 0.00000000000000000125607396694702, 0.008));
#106 = AXIS2_PLACEMENT_3D('', #105, #104, #103);
#107 = CIRCLE('', #106, 0.035);
#108 = DIRECTION('', (0, -0, 1));
#109 = VECTOR('', #108, 1);
#110 = CARTESIAN_POINT('', (0.035, 0, 0.008));
#111 = LINE('', #110, #109);
#112 = DIRECTION('', (1, -0.000000000000000035887827627057714, 0));
#113 = DIRECTION('', (-0, -0, 1));
#114 = CARTESIAN_POINT('', (0.0000000000000000012560739669470202, 0.00000000000000000125607396694702, 0.053));
#115 = AXIS2_PLACEMENT_3D('', #114, #113, #112);
#116 = CIRCLE('', #115, 0.035);
#117 = DIRECTION('', (-1, 0.00000000000000012246467991473532, 0));
#118 = DIRECTION('', (0, -0, 1));
#119 = CARTESIAN_POINT('', (0, 0, 0));
#120 = AXIS2_PLACEMENT_3D('', #119, #118, #117);
#121 = CIRCLE('', #120, 0.045);
#122 = DIRECTION('', (-1, 0.00000000000000012246467991473532, 0));
#123 = DIRECTION('', (0, -0, 1));
#124 = CARTESIAN_POINT('', (0, 0, 0.008));
#125 = AXIS2_PLACEMENT_3D('', #124, #123, #122);
#126 = CIRCLE('', #125, 0.045);
#127 = DIRECTION('', (0, -0, 1));
#128 = VECTOR('', #127, 1);
#129 = CARTESIAN_POINT('', (-0.045, 0.0000000000000000055109105961630896, 0));
#130 = LINE('', #129, #128);
#131 = DIRECTION('', (-1, 0.00000000000000008657685228767761, 0));
#132 = DIRECTION('', (0, -0, 1));
#133 = CARTESIAN_POINT('', (0.0000000000000000012560739669470206, 0.00000000000000000125607396694702, 0.008));
#134 = AXIS2_PLACEMENT_3D('', #133, #132, #131);
#135 = CIRCLE('', #134, 0.035);
#136 = DIRECTION('', (-1, 0.00000000000000008657685228767761, 0));
#137 = DIRECTION('', (0, -0, 1));
#138 = CARTESIAN_POINT('', (0.0000000000000000012560739669470206, 0.00000000000000000125607396694702, 0.053));
#139 = AXIS2_PLACEMENT_3D('', #138, #137, #136);
#140 = CIRCLE('', #139, 0.035);
#141 = DIRECTION('', (0, -0, 1));
#142 = VECTOR('', #141, 1);
#143 = CARTESIAN_POINT('', (-0.035, 0.000000000000000004286263797015737, 0.008));
#144 = LINE('', #143, #142);
#145 = DIRECTION('', (0.0000000000000012180732613030293, 1, -0.00000000000000040602442043434315));
#146 = DIRECTION('', (1, -0.0000000000000012180732613030297, -0.0000000000000010951364022842942));
#147 = CARTESIAN_POINT('', (0.03489999999999998, 0.0000000000000000076779775858335, 0.030500000000000006));
#148 = AXIS2_PLACEMENT_3D('', #147, #146, #145);
#149 = CIRCLE('', #148, 0.01749999999999999);
#150 = DIRECTION('', (1, -0, 0));
#151 = VECTOR('', #150, 1);
#152 = CARTESIAN_POINT('', (0.0349, 0.0175, 0.0305));
#153 = LINE('', #152, #151);
#154 = DIRECTION('', (-0.0000000000000012180732613030283, -1, 0));
#155 = DIRECTION('', (1, -0.0000000000000012180732613030283, -0.0000000000000010951123642124361));
#156 = CARTESIAN_POINT('', (0.03490000000000002, 0.000000000000000007677828126989067, 0.030500000000000003));
#157 = AXIS2_PLACEMENT_3D('', #156, #155, #154);
#158 = CIRCLE('', #157, 0.01750000000000001);
#159 = DIRECTION('', (1, -0, 0));
#160 = VECTOR('', #159, 1);
#161 = CARTESIAN_POINT('', (0.0349, -0.0175, 0.030500000000000003));
#162 = LINE('', #161, #160);
#163 = CARTESIAN_POINT('', (0.03490000000000001, 0.002620587166567434, 0.04779934062800419));
#164 = CARTESIAN_POINT('', (0.03491296824106905, 0.0024611476315962648, 0.047825864994747024));
#165 = CARTESIAN_POINT('', (0.034913652045787995, 0.002452740515641235, 0.047827263602858126));
#166 = CARTESIAN_POINT('', (0.03491578251228024, 0.002426547249724447, 0.047830336294726175));
#167 = CARTESIAN_POINT('', (0.034959628651704926, 0.0016677056560291008, 0.04791935483870967));
#168 = CARTESIAN_POINT('', (0.03495993341795795, 0.0016624310911031168, 0.04791997358983475));
#169 = CARTESIAN_POINT('', (0.03496215777215018, 0.0016239343727530431, 0.04792448958084544));
#170 = CARTESIAN_POINT('', (0.03496290118683864, 0.0016110681547832338, 0.047925385075150255));
#171 = CARTESIAN_POINT('', (0.03496345010043782, 0.0015951556082789658, 0.04792649259523138));
#172 = CARTESIAN_POINT('', (0.03498874689403882, 0.0008618227027193002, 0.04797753288088521));
#173 = CARTESIAN_POINT('', (0.03499068860663102, 0.0008055340773916176, 0.047981450593419316));
#174 = CARTESIAN_POINT('', (0.03499080946799448, 0.0008020304074707236, 0.0479815312740506));
#175 = CARTESIAN_POINT('', (0.034992468519335816, 0.0006572499287664835, 0.047984865201242274));
#176 = CARTESIAN_POINT('', (0.034999289703537426, 0.00006198546079347312, 0.04799857263206285));
#177 = CARTESIAN_POINT('', (0.035, 0.0000000000000000010715659492539342, 0.048));
#178 = B_SPLINE_CURVE_WITH_KNOTS('', 2, (#163, #164, #165, #166, #167, #168, #169, #170, #171, #172, #173, #174, #175, #176, #177), .UNSPECIFIED., .F., .F., (3, 1, 1, 1, 1, 1, 1, 1, 1, 1, 1, 1, 1, 3), (0, 0.07692307692307693, 0.15384615384615385, 0.23076923076923078, 0.3076923076923077, 0.38461538461538464, 0.46153846153846156, 0.5384615384615384, 0.6153846153846154, 0.6923076923076923, 0.7692307692307692, 0.8461538461538461, 0.9230769230769231, 1), .UNSPECIFIED.);
#179 = DIRECTION('', (0.0000000000000002005150752087791, -0.0000000000000009649787994422493, 1));
#180 = VECTOR('', #179, 1);
#181 = CARTESIAN_POINT('', (0.0349, 0.00262058716656755, 0.013197326132004547));
#182 = LINE('', #181, #180);
#183 = CARTESIAN_POINT('', (0.035, 0, 0.013));
#184 = CARTESIAN_POINT('', (0.0349980565641167, 0.00016959787229352833, 0.013003905408817188));
#185 = CARTESIAN_POINT('', (0.03499142334141139, 0.0007484594992353005, 0.013017235123814303));
#186 = CARTESIAN_POINT('', (0.03499080946799448, 0.0008020304074707236, 0.013018468725949387));
#187 = CARTESIAN_POINT('', (0.03499068860663102, 0.0008055340773916133, 0.013018549406580674));
#188 = CARTESIAN_POINT('', (0.03498665932698084, 0.0009223395271172423, 0.013026679116122852));
#189 = CARTESIAN_POINT('', (0.034963854443571245, 0.0015834340387569275, 0.013072691578488112));
#190 = CARTESIAN_POINT('', (0.03496290118683864, 0.001611068154783234, 0.013074614924849745));
#191 = CARTESIAN_POINT('', (0.034962224124158406, 0.001622786023905738, 0.013075430493580854));
#192 = CARTESIAN_POINT('', (0.03496215777215018, 0.0016239343727530386, 0.013075510419154564));
#193 = CARTESIAN_POINT('', (0.03495962865170493, 0.0016677056560289753, 0.01308064516129032));
#194 = CARTESIAN_POINT('', (0.03492492936873006, 0.002268243343912838, 0.013151093316777294));
#195 = CARTESIAN_POINT('', (0.03491578251228024, 0.002426547249724447, 0.013169663705273824));
#196 = CARTESIAN_POINT('', (0.034914404605726326, 0.0024434880807145325, 0.013171651008185443));
#197 = CARTESIAN_POINT('', (0.034913652045787995, 0.002452740515641227, 0.013172736397141872));
#198 = CARTESIAN_POINT('', (0.0349, 0.002620587166567533, 0.01320065937199582));
#199 = B_SPLINE_CURVE_WITH_KNOTS('', 2, (#183, #184, #185, #186, #187, #188, #189, #190, #191, #192, #193, #194, #195, #196, #197, #198), .UNSPECIFIED., .F., .F., (3, 1, 1, 1, 1, 1, 1, 1, 1, 1, 1, 1, 1, 1, 3), (0, 0.07142857142857142, 0.14285714285714285, 0.21428571428571427, 0.2857142857142857, 0.3571428571428571, 0.42857142857142855, 0.5, 0.5714285714285714, 0.6428571428571429, 0.7142857142857143, 0.7857142857142857, 0.8571428571428572, 0.9285714285714286, 1), .UNSPECIFIED.);
#200 = CARTESIAN_POINT('', (0.035, 0, 0.048));
#201 = CARTESIAN_POINT('', (0.0349980565641167, -0.00016959787229351068, 0.04799609459118281));
#202 = CARTESIAN_POINT('', (0.03499142334141139, -0.0007484594992353035, 0.04798276487618569));
#203 = CARTESIAN_POINT('', (0.03499080946799448, -0.0008020304074707232, 0.0479815312740506));
#204 = CARTESIAN_POINT('', (0.034990688606631015, -0.0008055340773916156, 0.047981450593419316));
#205 = CARTESIAN_POINT('', (0.03498665932698084, -0.0009223395271172245, 0.047973320883877145));
#206 = CARTESIAN_POINT('', (0.03496385444357125, -0.0015834340387569257, 0.04792730842151189));
#207 = CARTESIAN_POINT('', (0.03496290118683865, -0.0016110681547832335, 0.047925385075150255));
#208 = CARTESIAN_POINT('', (0.03496222412415841, -0.0016227860239057422, 0.04792456950641915));
#209 = CARTESIAN_POINT('', (0.034962157772150185, -0.0016239343727530412, 0.04792448958084544));
#210 = CARTESIAN_POINT('', (0.03495962865170494, -0.0016677056560289887, 0.04791935483870968));
#211 = CARTESIAN_POINT('', (0.03492492936873007, -0.002268243343912822, 0.04784890668322271));
#212 = CARTESIAN_POINT('', (0.03491578251228024, -0.0024265472497244454, 0.047830336294726175));
#213 = CARTESIAN_POINT('', (0.034914404605726326, -0.002443488080714536, 0.04782834899181456));
#214 = CARTESIAN_POINT('', (0.034913652045787995, -0.002452740515641229, 0.047827263602858126));
#215 = CARTESIAN_POINT('', (0.0349, -0.0026205871665675026, 0.047799340628004186));
#216 = B_SPLINE_CURVE_WITH_KNOTS('', 2, (#200, #201, #202, #203, #204, #205, #206, #207, #208, #209, #210, #211, #212, #213, #214, #215), .UNSPECIFIED., .F., .F., (3, 1, 1, 1, 1, 1, 1, 1, 1, 1, 1, 1, 1, 1, 3), (0, 0.07142857142857142, 0.14285714285714285, 0.21428571428571427, 0.2857142857142857, 0.3571428571428571, 0.42857142857142855, 0.5, 0.5714285714285714, 0.6428571428571429, 0.7142857142857143, 0.7857142857142857, 0.8571428571428572, 0.9285714285714286, 1), .UNSPECIFIED.);
#217 = DIRECTION('', (0.00000000000000020051507520877894, 0.000000000000001077768529247187, -1));
#218 = VECTOR('', #217, 1);
#219 = CARTESIAN_POINT('', (0.0349, -0.0026205871665675204, 0.04780267386799547));
#220 = LINE('', #219, #218);
#221 = CARTESIAN_POINT('', (0.0349, -0.0026205871665674957, 0.013200659371995811));
#222 = CARTESIAN_POINT('', (0.03491296824106904, -0.0024611476315962674, 0.013174135005252973));
#223 = CARTESIAN_POINT('', (0.034913652045787995, -0.002452740515641234, 0.013172736397141872));
#224 = CARTESIAN_POINT('', (0.03491578251228024, -0.002426547249724445, 0.013169663705273824));
#225 = CARTESIAN_POINT('', (0.03495962865170493, -0.0016677056560289677, 0.013080645161290318));
#226 = CARTESIAN_POINT('', (0.03495993341795795, -0.001662431091103119, 0.013080026410165252));
#227 = CARTESIAN_POINT('', (0.03496215777215018, -0.0016239343727530455, 0.013075510419154564));
#228 = CARTESIAN_POINT('', (0.03496290118683864, -0.0016110681547832331, 0.013074614924849745));
#229 = CARTESIAN_POINT('', (0.03496345010043782, -0.00159515560827901, 0.013073507404768623));
#230 = CARTESIAN_POINT('', (0.03498874689403882, -0.0008618227027193015, 0.013022467119114787));
#231 = CARTESIAN_POINT('', (0.034990688606631015, -0.0008055340773916197, 0.013018549406580676));
#232 = CARTESIAN_POINT('', (0.03499080946799448, -0.0008020304074707232, 0.01301846872594939));
#233 = CARTESIAN_POINT('', (0.034992468519335816, -0.0006572499287664717, 0.013015134798757723));
#234 = CARTESIAN_POINT('', (0.034999289703537426, -0.00006198546079347522, 0.013001427367937147));
#235 = CARTESIAN_POINT('', (0.035, -0.000000000000000003214697847761802, 0.013));
#236 = B_SPLINE_CURVE_WITH_KNOTS('', 2, (#221, #222, #223, #224, #225, #226, #227, #228, #229, #230, #231, #232, #233, #234, #235), .UNSPECIFIED., .F., .F., (3, 1, 1, 1, 1, 1, 1, 1, 1, 1, 1, 1, 1, 3), (0, 0.07692307692307693, 0.15384615384615385, 0.23076923076923078, 0.3076923076923077, 0.38461538461538464, 0.46153846153846156, 0.5384615384615384, 0.6153846153846154, 0.6923076923076923, 0.7692307692307692, 0.8461538461538461, 0.9230769230769231, 1), .UNSPECIFIED.);
#237 = DIRECTION('', (0, -0.14977604431642302, 0.9887199484934676));
#238 = DIRECTION('', (1.0000000000000002, 0, 0));
#239 = CARTESIAN_POINT('', (0.0349, 0.000000000000000015355955171667066, 0.030499999999999992));
#240 = AXIS2_PLACEMENT_3D('', #239, #238, #237);
#241 = CIRCLE('', #240, 0.017500000000000016);
#242 = DIRECTION('', (0, 0.14974783807006647, -0.9887242208995091));
#243 = DIRECTION('', (1, -0, 0));
#244 = CARTESIAN_POINT('', (0.0349, -0, 0.0305));
#245 = AXIS2_PLACEMENT_3D('', #244, #243, #242);
#246 = CIRCLE('', #245, 0.017499999999999995);
#247 = DIRECTION('', (0, -0, 1));
#248 = VECTOR('', #247, 1);
#249 = CARTESIAN_POINT('', (0.035, 0, 0.048));
#250 = LINE('', #249, #248);
#251 = DIRECTION('', (0, 1, 0.0000000000000001291895883200182));
#252 = DIRECTION('', (1, -0, -0));
#253 = CARTESIAN_POINT('', (0.1148, 0, 0.030499999999999996));
#254 = AXIS2_PLACEMENT_3D('', #253, #252, #251);
#255 = CIRCLE('', #254, 0.0275);
#256 = DIRECTION('', (1, -0, 0));
#257 = VECTOR('', #256, 1);
#258 = CARTESIAN_POINT('', (0.1148, 0.0275, 0.0305));
#259 = LINE('', #258, #257);
#260 = DIRECTION('', (0, 1, 0.0000000000000001291895883200182));
#261 = DIRECTION('', (1, -0, -0));
#262 = CARTESIAN_POINT('', (0.1448, 0, 0.030499999999999996));
#263 = AXIS2_PLACEMENT_3D('', #262, #261, #260);
#264 = CIRCLE('', #263, 0.0275);
#265 = DIRECTION('', (0, -1, 0.00000000000000012918958832001823));
#266 = DIRECTION('', (1, 0, 0));
#267 = CARTESIAN_POINT('', (0.1148, -0.0000000000000000025121479338940404, 0.0305));
#268 = AXIS2_PLACEMENT_3D('', #267, #266, #265);
#269 = CIRCLE('', #268, 0.027499999999999997);
#270 = DIRECTION('', (0, -1, 0.00000000000000012918958832001823));
#271 = DIRECTION('', (1, 0, 0));
#272 = CARTESIAN_POINT('', (0.1448, -0.0000000000000000025121479338940404, 0.0305));
#273 = AXIS2_PLACEMENT_3D('', #272, #271, #270);
#274 = CIRCLE('', #273, 0.027499999999999997);
#275 = DIRECTION('', (1, -0, 0));
#276 = VECTOR('', #275, 1);
#277 = CARTESIAN_POINT('', (0.1148, -0.0275, 0.030500000000000003));
#278 = LINE('', #277, #276);
#279 = CARTESIAN_POINT('', (0.1148, -0.0175, 0.030500000000000003));
#280 = CARTESIAN_POINT('', (0.1148, -0.017496117000227667, 0.030838857847156384));
#281 = CARTESIAN_POINT('', (0.1148, -0.017495404733997237, 0.030901015203735362));
#282 = CARTESIAN_POINT('', (0.1148, -0.017483613485208903, 0.031242833651974895));
#283 = CARTESIAN_POINT('', (0.1148, -0.017481450593419327, 0.03130553407739162));
#284 = CARTESIAN_POINT('', (0.1148, -0.017461542953418393, 0.031650073995004274));
#285 = CARTESIAN_POINT('', (0.1148, -0.01745789125614012, 0.031713273624862225));
#286 = CARTESIAN_POINT('', (0.1148, -0.017429666840516115, 0.03206028195682996));
#287 = CARTESIAN_POINT('', (0.1148, -0.01742448958084544, 0.032123934372753044));
#288 = CARTESIAN_POINT('', (0.1148, -0.01738775675366055, 0.03247314431486752));
#289 = CARTESIAN_POINT('', (0.1148, -0.017381018779443203, 0.03253720057643882));
#290 = CARTESIAN_POINT('', (0.1148, -0.01733559565522881, 0.032888331825064857));
#291 = CARTESIAN_POINT('', (0.1148, -0.017327263602858124, 0.03295274051564123));
#292 = CARTESIAN_POINT('', (0.1148, -0.017272979053813156, 0.033305499596142506));
#293 = CARTESIAN_POINT('', (0.1148, -0.017263021532982422, 0.03337020688309838));
#294 = CARTESIAN_POINT('', (0.1148, -0.017199716194787704, 0.033724287559436));
#295 = CARTESIAN_POINT('', (0.1148, -0.017188103972988675, 0.03378923726929675));
#296 = CARTESIAN_POINT('', (0.1148, -0.017115631242213946, 0.03414432103673565));
#297 = CARTESIAN_POINT('', (0.1148, -0.017102337427693137, 0.03420945474555582));
#298 = CARTESIAN_POINT('', (0.1148, -0.017020564443386035, 0.034565211407772155));
#299 = CARTESIAN_POINT('', (0.1148, -0.017005564665199525, 0.03463046854699527));
#300 = CARTESIAN_POINT('', (0.1148, -0.016914373266919854, 0.03498655687817285));
#301 = CARTESIAN_POINT('', (0.1148, -0.016897645850667366, 0.03505187485608117));
#302 = CARTESIAN_POINT('', (0.1148, -0.01679693350497295, 0.03540794334782302));
#303 = CARTESIAN_POINT('', (0.1148, -0.01677845964274498, 0.03547325768654489));
#304 = CARTESIAN_POINT('', (0.1148, -0.0166681403299594, 0.03582894537861427));
#305 = CARTESIAN_POINT('', (0.1148, -0.01664790424299873, 0.03589418986650866));
#306 = CARTESIAN_POINT('', (0.1148, -0.01652790929600218, 0.0362491272595605));
#307 = CARTESIAN_POINT('', (0.1148, -0.016505898388564946, 0.036314234118641));
#308 = CARTESIAN_POINT('', (0.1148, -0.016376177275357465, 0.03666804416622015));
#309 = CARTESIAN_POINT('', (0.1148, -0.01635238227826023, 0.036732944234119304));
#310 = CARTESIAN_POINT('', (0.1148, -0.01621290332015612, 0.037085243410298514));
#311 = CARTESIAN_POINT('', (0.1148, -0.016187318422515723, 0.03714986633610655));
#312 = CARTESIAN_POINT('', (0.1148, -0.01603806944004565, 0.03750026577422559));
#313 = CARTESIAN_POINT('', (0.1148, -0.01601069240775823, 0.0375645402273717));
#314 = CARTESIAN_POINT('', (0.1148, -0.01585168128668315, 0.037912646924435404));
#315 = CARTESIAN_POINT('', (0.1148, -0.01582251356624925, 0.03797650081561279));
#316 = CARTESIAN_POINT('', (0.1148, -0.0156537687365311, 0.0383219188960233));
#317 = CARTESIAN_POINT('', (0.1148, -0.015622815542914158, 0.03838527960899801));
#318 = CARTESIAN_POINT('', (0.1148, -0.015444386364039617, 0.03872761164045036));
#319 = CARTESIAN_POINT('', (0.1148, -0.01541165675134664, 0.03879040627343869));
#320 = CARTESIAN_POINT('', (0.1148, -0.01522361379806058, 0.03912925462701502));
#321 = CARTESIAN_POINT('', (0.1148, -0.015189120711954855, 0.039191410242168066));
#322 = CARTESIAN_POINT('', (0.1148, -0.014991555955224618, 0.03952637848793806));
#323 = CARTESIAN_POINT('', (0.1148, -0.014955316266120245, 0.03958782236733967));
#324 = CARTESIAN_POINT('', (0.1148, -0.014791225992437094, 0.03985));
#325 = CARTESIAN_POINT('', (0.1148, -0.014748343145011182, 0.039918516696130134));
#326 = CARTESIAN_POINT('', (0.1148, -0.014710377661257443, 0.03997917660259466));
#327 = CARTESIAN_POINT('', (0.1148, -0.014494131042347631, 0.04030520726403988));
#328 = CARTESIAN_POINT('', (0.1148, -0.014454464502784281, 0.04036501170489672));
#329 = CARTESIAN_POINT('', (0.1148, -0.014229100524767186, 0.04068599445143977));
#330 = CARTESIAN_POINT('', (0.1148, -0.014187761570219675, 0.0407448729434092));
#331 = CARTESIAN_POINT('', (0.1148, -0.013953457372426599, 0.04106043046959994));
#332 = CARTESIAN_POINT('', (0.1148, -0.013910478495908339, 0.041118313802806526));
#333 = CARTESIAN_POINT('', (0.1148, -0.01366743183061042, 0.04142807716904704));
#334 = CARTESIAN_POINT('', (0.1148, -0.01362284930620666, 0.04148489766817992));
#335 = CARTESIAN_POINT('', (0.1148, -0.013371278035714012, 0.041788507698005746));
#336 = CARTESIAN_POINT('', (0.1148, -0.013325131826333698, 0.04184419947862469));
#337 = CARTESIAN_POINT('', (0.1148, -0.013065273307077178, 0.04214130811868867));
#338 = CARTESIAN_POINT('', (0.1148, -0.013017606951473904, 0.042195807336688575));
#339 = CARTESIAN_POINT('', (0.1148, -0.012749717308416342, 0.04248607896883161));
#340 = CARTESIAN_POINT('', (0.1148, -0.012700577788092169, 0.042539324061118204));
#341 = CARTESIAN_POINT('', (0.1148, -0.01242493108395037, 0.042822436756269386));
#342 = CARTESIAN_POINT('', (0.1148, -0.012374368670764586, 0.04287436867076457));
#343 = CARTESIAN_POINT('', (0.1148, -0.012091255975613394, 0.0431500153749064));
#344 = CARTESIAN_POINT('', (0.1148, -0.012039324061118203, 0.04320057778809218));
#345 = CARTESIAN_POINT('', (0.1148, -0.011749052428975167, 0.04346846743114974));
#346 = CARTESIAN_POINT('', (0.1148, -0.011695807336688568, 0.043517606951473914));
#347 = CARTESIAN_POINT('', (0.1148, -0.01139869869662459, 0.043777465470730435));
#348 = CARTESIAN_POINT('', (0.1148, -0.01134419947862469, 0.0438251318263337));
#349 = CARTESIAN_POINT('', (0.1148, -0.011040589448798873, 0.04407670309682635));
#350 = CARTESIAN_POINT('', (0.1148, -0.010984897668179922, 0.04412284930620667));
#351 = CARTESIAN_POINT('', (0.1148, -0.010675134301939409, 0.04436589597150459));
#352 = CARTESIAN_POINT('', (0.1148, -0.010618313802806525, 0.04441047849590835));
#353 = CARTESIAN_POINT('', (0.1148, -0.010302756276615775, 0.044644782693701424));
#354 = CARTESIAN_POINT('', (0.1148, -0.010244872943409188, 0.044687761570219676));
#355 = CARTESIAN_POINT('', (0.1148, -0.009923890196866134, 0.044913125548236774));
#356 = CARTESIAN_POINT('', (0.1148, -0.00986501170489671, 0.04495446450278428));
#357 = CARTESIAN_POINT('', (0.1148, -0.00953898104345148, 0.04517071112169411));
#358 = CARTESIAN_POINT('', (0.1148, -0.009479176602594657, 0.045210377661257455));
#359 = CARTESIAN_POINT('', (0.1148, -0.00935, 0.04529122599243709));
#360 = CARTESIAN_POINT('', (0.1148, -0.00914848227380418, 0.04541735078236652));
#361 = CARTESIAN_POINT('', (0.1148, -0.009087822367339658, 0.045455316266120246));
#362 = CARTESIAN_POINT('', (0.1148, -0.008752854121569672, 0.0456528810228505));
#363 = CARTESIAN_POINT('', (0.1148, -0.008691410242168063, 0.04568912071195487));
#364 = CARTESIAN_POINT('', (0.1148, -0.008352561888591752, 0.045877163665240916));
#365 = CARTESIAN_POINT('', (0.1148, -0.008290406273438683, 0.04591165675134665));
#366 = CARTESIAN_POINT('', (0.1148, -0.007948074241986324, 0.04609008593022119));
#367 = CARTESIAN_POINT('', (0.1148, -0.007885279608998005, 0.04612281554291416));
#368 = CARTESIAN_POINT('', (0.1148, -0.007539861528587507, 0.0462915603726323));
#369 = CARTESIAN_POINT('', (0.1148, -0.0074765008156127775, 0.04632251356624926));
#370 = CARTESIAN_POINT('', (0.1148, -0.007128394118549064, 0.04648152468732434));
#371 = CARTESIAN_POINT('', (0.1148, -0.007064540227371692, 0.046510692407758236));
#372 = CARTESIAN_POINT('', (0.1148, -0.006714140789252652, 0.046659941390228304));
#373 = CARTESIAN_POINT('', (0.1148, -0.006649866336106537, 0.04668731842251572));
#374 = CARTESIAN_POINT('', (0.1148, -0.00629756715992731, 0.04682679738061983));
#375 = CARTESIAN_POINT('', (0.1148, -0.006232944234119286, 0.04685238227826023));
#376 = CARTESIAN_POINT('', (0.1148, -0.005879134186540134, 0.04698210339146771));
#377 = CARTESIAN_POINT('', (0.1148, -0.005814234118641, 0.047005898388564935));
#378 = CARTESIAN_POINT('', (0.1148, -0.005459296725589177, 0.04712589333556148));
#379 = CARTESIAN_POINT('', (0.1148, -0.005394189866508659, 0.04714790424299873));
#380 = CARTESIAN_POINT('', (0.1148, -0.005038502174439286, 0.047258223555784316));
#381 = CARTESIAN_POINT('', (0.1148, -0.004973257686544888, 0.047278459642745));
#382 = CARTESIAN_POINT('', (0.1148, -0.004617189194803053, 0.0473791719884394));
#383 = CARTESIAN_POINT('', (0.1148, -0.004551874856081165, 0.047397645850667365));
#384 = CARTESIAN_POINT('', (0.1148, -0.004195786524903591, 0.04748883724894705));
#385 = CARTESIAN_POINT('', (0.1148, -0.004130468546995271, 0.047505564665199534));
#386 = CARTESIAN_POINT('', (0.1148, -0.0037747118847789207, 0.04758733764950662));
#387 = CARTESIAN_POINT('', (0.1148, -0.0037094547455558038, 0.04760233742769313));
#388 = CARTESIAN_POINT('', (0.1148, -0.003354370978116914, 0.04767481015846787));
#389 = CARTESIAN_POINT('', (0.1148, -0.0032892372692967463, 0.047688103972988685));
#390 = CARTESIAN_POINT('', (0.1148, -0.00293515659295912, 0.047751409311183386));
#391 = CARTESIAN_POINT('', (0.1148, -0.002870206883098373, 0.04776302153298241));
#392 = CARTESIAN_POINT('', (0.1148, -0.0025174478025970907, 0.04781730608202739));
#393 = CARTESIAN_POINT('', (0.1148, -0.002452740515641229, 0.047827263602858126));
#394 = CARTESIAN_POINT('', (0.1148, -0.0021016092670151825, 0.04787268672707252));
#395 = CARTESIAN_POINT('', (0.1148, -0.0020372005764388184, 0.0478810187794432));
#396 = CARTESIAN_POINT('', (0.1148, -0.0016879906343243425, 0.047917751606628096));
#397 = CARTESIAN_POINT('', (0.1148, -0.0016239343727530412, 0.04792448958084544));
#398 = CARTESIAN_POINT('', (0.1148, -0.0012769260407853016, 0.04795271399646944));
#399 = CARTESIAN_POINT('', (0.1148, -0.0012132736248622216, 0.047957891256140125));
#400 = CARTESIAN_POINT('', (0.1148, -0.0008687337072495729, 0.04797779889614104));
#401 = CARTESIAN_POINT('', (0.1148, -0.0008055340773916156, 0.047981450593419316));
#402 = CARTESIAN_POINT('', (0.1148, -0.0004637156291520794, 0.04799324184220766));
#403 = CARTESIAN_POINT('', (0.1148, -0.0004010152037353603, 0.047995404733997236));
#404 = CARTESIAN_POINT('', (0.1148, -0.00006215735657898564, 0.04799928773376957));
#405 = CARTESIAN_POINT('', (0.1148, 0.0000000000000000010715659492539342, 0.048));
#406 = CARTESIAN_POINT('', (0.11480000000000001, 0.00025414338536728737, 0.047997087750170746));
#407 = CARTESIAN_POINT('', (0.1148, 0.00030427028583420807, 0.047996513341920406));
#408 = B_SPLINE_CURVE_WITH_KNOTS('', 2, (#279, #280, #281, #282, #283, #284, #285, #286, #287, #288, #289, #290, #291, #292, #293, #294, #295, #296, #297, #298, #299, #300, #301, #302, #303, #304, #305, #306, #307, #308, #309, #310, #311, #312, #313, #314, #315, #316, #317, #318, #319, #320, #321, #322, #323, #324, #325, #326, #327, #328, #329, #330, #331, #332, #333, #334, #335, #336, #337, #338, #339, #340, #341, #342, #343, #344, #345, #346, #347, #348, #349, #350, #351, #352, #353, #354, #355, #356, #357, #358, #359, #360, #361, #362, #363, #364, #365, #366, #367, #368, #369, #370, #371, #372, #373, #374, #375, #376, #377, #378, #379, #380, #381, #382, #383, #384, #385, #386, #387, #388, #389, #390, #391, #392, #393, #394, #395, #396, #397, #398, #399, #400, #401, #402, #403, #404, #405, #406, #407), .UNSPECIFIED., .F., .F., (3, 1, 1, 1, 1, 1, 1, 1, 1, 1, 1, 1, 1, 1, 1, 1, 1, 1, 1, 1, 1, 1, 1, 1, 1, 1, 1, 1, 1, 1, 1, 1, 1, 1, 1, 1, 1, 1, 1, 1, 1, 1, 1, 1, 1, 1, 1, 1, 1, 1, 1, 1, 1, 1, 1, 1, 1, 1, 1, 1, 1, 1, 1, 1, 1, 1, 1, 1, 1, 1, 1, 1, 1, 1, 1, 1, 1, 1, 1, 1, 1, 1, 1, 1, 1, 1, 1, 1, 1, 1, 1, 1, 1, 1, 1, 1, 1, 1, 1, 1, 1, 1, 1, 1, 1, 1, 1, 1, 1, 1, 1, 1, 1, 1, 1, 1, 1, 1, 1, 1, 1, 1, 1, 1, 1, 1, 1, 3), (0, 0.003952569169960474, 0.007905138339920948, 0.011857707509881422, 0.015810276679841896, 0.01976284584980237, 0.023715415019762844, 0.02766798418972332, 0.03162055335968379, 0.035573122529644265, 0.03952569169960474, 0.043478260869565216, 0.04743083003952569, 0.05138339920948616, 0.05533596837944664, 0.05928853754940711, 0.06324110671936758, 0.06719367588932806, 0.07114624505928853, 0.07509881422924901, 0.07905138339920947, 0.08300395256916995, 0.08695652173913043, 0.0909090909090909, 0.09486166007905138, 0.09881422924901186, 0.10276679841897232, 0.1067193675889328, 0.11067193675889328, 0.11462450592885375, 0.11857707509881422, 0.12252964426877469, 0.12648221343873517, 0.13043478260869565, 0.13438735177865613, 0.13833992094861658, 0.14229249011857706, 0.14624505928853754, 0.15019762845849802, 0.1541501976284585, 0.15810276679841895, 0.16205533596837943, 0.1660079051383399, 0.16996047430830039, 0.17391304347826086, 0.17786561264822134, 0.1818181818181818, 0.18577075098814227, 0.18972332015810275, 0.19367588932806323, 0.1976284584980237, 0.20158102766798416, 0.20553359683794464, 0.20948616600790512, 0.2134387351778656, 0.21739130434782608, 0.22134387351778656, 0.225296442687747, 0.2292490118577075, 0.23320158102766797, 0.23715415019762845, 0.24110671936758893, 0.24505928853754938, 0.24901185770750986, 0.25296442687747034, 0.2569169960474308, 0.2608695652173913, 0.26482213438735175, 0.26877470355731226, 0.2727272727272727, 0.27667984189723316, 0.28063241106719367, 0.2845849802371541, 0.2885375494071146, 0.2924901185770751, 0.2964426877470355, 0.30039525691699603, 0.3043478260869565, 0.308300395256917, 0.31225296442687744, 0.3162055335968379, 0.3201581027667984, 0.32411067193675885, 0.32806324110671936, 0.3320158102766798, 0.3359683794466403, 0.33992094861660077, 0.3438735177865612, 0.34782608695652173, 0.3517786561264822, 0.3557312252964427, 0.35968379446640314, 0.3636363636363636, 0.3675889328063241, 0.37154150197628455, 0.37549407114624506, 0.3794466403162055, 0.38339920948616596, 0.38735177865612647, 0.3913043478260869, 0.3952569169960474, 0.3992094861660079, 0.40316205533596833, 0.40711462450592883, 0.4110671936758893, 0.4150197628458498, 0.41897233201581024, 0.4229249011857707, 0.4268774703557312, 0.43083003952569165, 0.43478260869565216, 0.4387351778656126, 0.4426877470355731, 0.44664031620553357, 0.450592885375494, 0.45454545454545453, 0.458498023715415, 0.4624505928853755, 0.46640316205533594, 0.4703557312252964, 0.4743083003952569, 0.47826086956521735, 0.48221343873517786, 0.4861660079051383, 0.49011857707509876, 0.49407114624505927, 0.4980237154150197, 0.5), .UNSPECIFIED.);
#409 = CARTESIAN_POINT('', (0.1148, 0.0175, 0.0305));
#410 = CARTESIAN_POINT('', (0.1148, 0.017496117000227667, 0.030161142152843618));
#411 = CARTESIAN_POINT('', (0.1148, 0.017495404733997237, 0.030098984796264633));
#412 = CARTESIAN_POINT('', (0.1148, 0.017483613485208903, 0.02975716634802511));
#413 = CARTESIAN_POINT('', (0.1148, 0.017481450593419327, 0.029694465922608385));
#414 = CARTESIAN_POINT('', (0.1148, 0.017461542953418393, 0.029349926004995728));
#415 = CARTESIAN_POINT('', (0.1148, 0.01745789125614012, 0.029286726375137778));
#416 = CARTESIAN_POINT('', (0.1148, 0.017429666840516108, 0.02893971804317004));
#417 = CARTESIAN_POINT('', (0.1148, 0.017424489580845432, 0.028876065627246955));
#418 = CARTESIAN_POINT('', (0.1148, 0.01738775675366055, 0.028526855685132472));
#419 = CARTESIAN_POINT('', (0.1148, 0.017381018779443203, 0.028462799423561176));
#420 = CARTESIAN_POINT('', (0.1148, 0.01733559565522881, 0.02811166817493514));
#421 = CARTESIAN_POINT('', (0.1148, 0.017327263602858124, 0.02804725948435877));
#422 = CARTESIAN_POINT('', (0.1148, 0.017272979053813156, 0.027694500403857496));
#423 = CARTESIAN_POINT('', (0.1148, 0.017263021532982422, 0.027629793116901627));
#424 = CARTESIAN_POINT('', (0.1148, 0.017199716194787707, 0.027275712440564003));
#425 = CARTESIAN_POINT('', (0.1148, 0.01718810397298868, 0.027210762730703247));
#426 = CARTESIAN_POINT('', (0.1148, 0.017115631242213943, 0.02685567896326434));
#427 = CARTESIAN_POINT('', (0.1148, 0.017102337427693137, 0.02679054525444419));
#428 = CARTESIAN_POINT('', (0.1148, 0.017020564443386038, 0.026434788592227854));
#429 = CARTESIAN_POINT('', (0.1148, 0.017005564665199528, 0.026369531453004733));
#430 = CARTESIAN_POINT('', (0.1148, 0.016914373266919854, 0.026013443121827164));
#431 = CARTESIAN_POINT('', (0.1148, 0.016897645850667366, 0.02594812514391884));
#432 = CARTESIAN_POINT('', (0.1148, 0.016796933504972952, 0.02559205665217699));
#433 = CARTESIAN_POINT('', (0.1148, 0.016778459642744985, 0.025526742313455118));
#434 = CARTESIAN_POINT('', (0.1148, 0.0166681403299594, 0.025171054621385736));
#435 = CARTESIAN_POINT('', (0.1148, 0.016647904242998734, 0.025105810133491346));
#436 = CARTESIAN_POINT('', (0.1148, 0.01652790929600219, 0.02475087274043953));
#437 = CARTESIAN_POINT('', (0.1148, 0.01650589838856495, 0.024685765881359005));
#438 = CARTESIAN_POINT('', (0.1148, 0.016376177275357458, 0.024331955833779846));
#439 = CARTESIAN_POINT('', (0.1148, 0.016352382278260226, 0.024267055765880716));
#440 = CARTESIAN_POINT('', (0.1148, 0.01621290332015613, 0.0239147565897015));
#441 = CARTESIAN_POINT('', (0.1148, 0.016187318422515726, 0.023850133663893464));
#442 = CARTESIAN_POINT('', (0.1148, 0.016038069440045644, 0.023499734225774414));
#443 = CARTESIAN_POINT('', (0.1148, 0.01601069240775823, 0.023435459772628314));
#444 = CARTESIAN_POINT('', (0.1148, 0.01585168128668315, 0.02308735307556461));
#445 = CARTESIAN_POINT('', (0.1148, 0.015822513566249252, 0.02302349918438723));
#446 = CARTESIAN_POINT('', (0.1148, 0.015653768736531102, 0.022678081103976712));
#447 = CARTESIAN_POINT('', (0.1148, 0.015622815542914162, 0.022614720391002));
#448 = CARTESIAN_POINT('', (0.1148, 0.015444386364039614, 0.022272388359549637));
#449 = CARTESIAN_POINT('', (0.1148, 0.015411656751346642, 0.022209593726561318));
#450 = CARTESIAN_POINT('', (0.1148, 0.015223613798060583, 0.02187074537298499));
#451 = CARTESIAN_POINT('', (0.1148, 0.015189120711954858, 0.021808589757831943));
#452 = CARTESIAN_POINT('', (0.1148, 0.014991555955224632, 0.021473621512061968));
#453 = CARTESIAN_POINT('', (0.1148, 0.014955316266120254, 0.02141217763266035));
#454 = CARTESIAN_POINT('', (0.1148, 0.014791225992437082, 0.021149999999999995));
#455 = CARTESIAN_POINT('', (0.1148, 0.014748343145011179, 0.021081483303869872));
#456 = CARTESIAN_POINT('', (0.1148, 0.014710377661257441, 0.021020823397405342));
#457 = CARTESIAN_POINT('', (0.1148, 0.01449413104234763, 0.020694792735960116));
#458 = CARTESIAN_POINT('', (0.1148, 0.014454464502784281, 0.02063498829510329));
#459 = CARTESIAN_POINT('', (0.1148, 0.014229100524767184, 0.020314005548560242));
#460 = CARTESIAN_POINT('', (0.1148, 0.014187761570219674, 0.020255127056590813));
#461 = CARTESIAN_POINT('', (0.1148, 0.013953457372426597, 0.01993956953040006));
#462 = CARTESIAN_POINT('', (0.1148, 0.013910478495908337, 0.01988168619719347));
#463 = CARTESIAN_POINT('', (0.1148, 0.013667431830610416, 0.019571922830952954));
#464 = CARTESIAN_POINT('', (0.1148, 0.013622849306206657, 0.019515102331820078));
#465 = CARTESIAN_POINT('', (0.1148, 0.01337127803571401, 0.019211492301994256));
#466 = CARTESIAN_POINT('', (0.1148, 0.013325131826333696, 0.019155800521375308));
#467 = CARTESIAN_POINT('', (0.1148, 0.013065273307077177, 0.018858691881311337));
#468 = CARTESIAN_POINT('', (0.1148, 0.013017606951473904, 0.01880419266331143));
#469 = CARTESIAN_POINT('', (0.1148, 0.012749717308416342, 0.018513921031168393));
#470 = CARTESIAN_POINT('', (0.1148, 0.012700577788092169, 0.018460675938881795));
#471 = CARTESIAN_POINT('', (0.1148, 0.012424931083950366, 0.01817756324373062));
#472 = CARTESIAN_POINT('', (0.1148, 0.012374368670764578, 0.01812563132923542));
#473 = CARTESIAN_POINT('', (0.1148, 0.012091255975613393, 0.017849984625093608));
#474 = CARTESIAN_POINT('', (0.1148, 0.012039324061118201, 0.017799422211907827));
#475 = CARTESIAN_POINT('', (0.1148, 0.011749052428975164, 0.017531532568850268));
#476 = CARTESIAN_POINT('', (0.1148, 0.011695807336688565, 0.01748239304852609));
#477 = CARTESIAN_POINT('', (0.1148, 0.011398698696624585, 0.017222534529269567));
#478 = CARTESIAN_POINT('', (0.1148, 0.011344199478624686, 0.0171748681736663));
#479 = CARTESIAN_POINT('', (0.1148, 0.011040589448798871, 0.016923296903173658));
#480 = CARTESIAN_POINT('', (0.1148, 0.01098489766817992, 0.01687715069379334));
#481 = CARTESIAN_POINT('', (0.1148, 0.010675134301939407, 0.01663410402849542));
#482 = CARTESIAN_POINT('', (0.1148, 0.010618313802806523, 0.016589521504091657));
#483 = CARTESIAN_POINT('', (0.1148, 0.010302756276615772, 0.016355217306298582));
#484 = CARTESIAN_POINT('', (0.1148, 0.010244872943409186, 0.016312238429780322));
#485 = CARTESIAN_POINT('', (0.1148, 0.009923890196866137, 0.016086874451763225));
#486 = CARTESIAN_POINT('', (0.1148, 0.009865011704896698, 0.01604553549721571));
#487 = CARTESIAN_POINT('', (0.1148, 0.009538981043451475, 0.0158292888783059));
#488 = CARTESIAN_POINT('', (0.1148, 0.009479176602594645, 0.015789622338742555));
#489 = CARTESIAN_POINT('', (0.1148, 0.00935, 0.015708774007562917));
#490 = CARTESIAN_POINT('', (0.1148, 0.009148482273804175, 0.01558264921763348));
#491 = CARTESIAN_POINT('', (0.1148, 0.009087822367339652, 0.015544683733879745));
#492 = CARTESIAN_POINT('', (0.1148, 0.008752854121569655, 0.015347118977149505));
#493 = CARTESIAN_POINT('', (0.1148, 0.008691410242168053, 0.015310879288045138));
#494 = CARTESIAN_POINT('', (0.1148, 0.008352561888591745, 0.015122836334759089));
#495 = CARTESIAN_POINT('', (0.1148, 0.008290406273438675, 0.015088343248653354));
#496 = CARTESIAN_POINT('', (0.1148, 0.007948074241986309, 0.014909914069778808));
#497 = CARTESIAN_POINT('', (0.1148, 0.007885279608997996, 0.014877184457085838));
#498 = CARTESIAN_POINT('', (0.1148, 0.007539861528587494, 0.014708439627367698));
#499 = CARTESIAN_POINT('', (0.1148, 0.00747650081561277, 0.014677486433750752));
#500 = CARTESIAN_POINT('', (0.1148, 0.00712839411854905, 0.014518475312675656));
#501 = CARTESIAN_POINT('', (0.1148, 0.007064540227371684, 0.014489307592241766));
#502 = CARTESIAN_POINT('', (0.1148, 0.006714140789252644, 0.014340058609771692));
#503 = CARTESIAN_POINT('', (0.1148, 0.0066498663361065306, 0.014312681577484275));
#504 = CARTESIAN_POINT('', (0.1148, 0.006297567159927304, 0.014173202619380168));
#505 = CARTESIAN_POINT('', (0.1148, 0.006232944234119279, 0.01414761772173977));
#506 = CARTESIAN_POINT('', (0.1148, 0.005879134186540152, 0.014017896608532296));
#507 = CARTESIAN_POINT('', (0.1148, 0.005814234118640993, 0.013994101611435054));
#508 = CARTESIAN_POINT('', (0.1148, 0.005459296725589169, 0.013874106664438503));
#509 = CARTESIAN_POINT('', (0.1148, 0.00539418986650865, 0.013852095757001264));
#510 = CARTESIAN_POINT('', (0.1148, 0.005038502174439278, 0.013741776444215686));
#511 = CARTESIAN_POINT('', (0.1148, 0.00497325768654488, 0.013721540357255015));
#512 = CARTESIAN_POINT('', (0.1148, 0.004617189194803041, 0.013620828011560605));
#513 = CARTESIAN_POINT('', (0.1148, 0.0045518748560811565, 0.013602354149332634));
#514 = CARTESIAN_POINT('', (0.1148, 0.004195786524903593, 0.013511162751052961));
#515 = CARTESIAN_POINT('', (0.1148, 0.004130468546995264, 0.013494435334800473));
#516 = CARTESIAN_POINT('', (0.1148, 0.0037747118847789186, 0.013412662350493373));
#517 = CARTESIAN_POINT('', (0.1148, 0.003709454745555802, 0.013397662572306861));
#518 = CARTESIAN_POINT('', (0.1148, 0.003354370978116912, 0.013325189841532133));
#519 = CARTESIAN_POINT('', (0.1148, 0.003289237269296744, 0.01331189602701132));
#520 = CARTESIAN_POINT('', (0.1148, 0.0029351565929591175, 0.013248590688816606));
#521 = CARTESIAN_POINT('', (0.1148, 0.00287020688309837, 0.013236978467017576));
#522 = CARTESIAN_POINT('', (0.1148, 0.0025174478025970885, 0.013182693917972606));
#523 = CARTESIAN_POINT('', (0.1148, 0.002452740515641227, 0.013172736397141872));
#524 = CARTESIAN_POINT('', (0.1148, 0.0021016092670151803, 0.01312731327292748));
#525 = CARTESIAN_POINT('', (0.1148, 0.0020372005764388162, 0.013118981220556793));
#526 = CARTESIAN_POINT('', (0.1148, 0.0016879906343243401, 0.01308224839337191));
#527 = CARTESIAN_POINT('', (0.1148, 0.0016239343727530386, 0.013075510419154564));
#528 = CARTESIAN_POINT('', (0.1148, 0.0012769260407852995, 0.013047286003530554));
#529 = CARTESIAN_POINT('', (0.1148, 0.0012132736248622194, 0.01304210874385988));
#530 = CARTESIAN_POINT('', (0.1148, 0.0008687337072495707, 0.013022201103858953));
#531 = CARTESIAN_POINT('', (0.1148, 0.0008055340773916133, 0.013018549406580674));
#532 = CARTESIAN_POINT('', (0.1148, 0.0004637156291520773, 0.013006758157792335));
#533 = CARTESIAN_POINT('', (0.1148, 0.0004010152037353582, 0.013004595266002757));
#534 = CARTESIAN_POINT('', (0.1148, 0.00006215735657898347, 0.013000712266230428));
#535 = CARTESIAN_POINT('', (0.1148, -0.000000000000000003214697847761802, 0.013));
#536 = CARTESIAN_POINT('', (0.11480000000000001, -0.0002541433853672895, 0.013002912249829248));
#537 = CARTESIAN_POINT('', (0.1148, -0.00030427028583421024, 0.01300348665807959));
#538 = B_SPLINE_CURVE_WITH_KNOTS('', 2, (#409, #410, #411, #412, #413, #414, #415, #416, #417, #418, #419, #420, #421, #422, #423, #424, #425, #426, #427, #428, #429, #430, #431, #432, #433, #434, #435, #436, #437, #438, #439, #440, #441, #442, #443, #444, #445, #446, #447, #448, #449, #450, #451, #452, #453, #454, #455, #456, #457, #458, #459, #460, #461, #462, #463, #464, #465, #466, #467, #468, #469, #470, #471, #472, #473, #474, #475, #476, #477, #478, #479, #480, #481, #482, #483, #484, #485, #486, #487, #488, #489, #490, #491, #492, #493, #494, #495, #496, #497, #498, #499, #500, #501, #502, #503, #504, #505, #506, #507, #508, #509, #510, #511, #512, #513, #514, #515, #516, #517, #518, #519, #520, #521, #522, #523, #524, #525, #526, #527, #528, #529, #530, #531, #532, #533, #534, #535, #536, #537), .UNSPECIFIED., .F., .F., (3, 1, 1, 1, 1, 1, 1, 1, 1, 1, 1, 1, 1, 1, 1, 1, 1, 1, 1, 1, 1, 1, 1, 1, 1, 1, 1, 1, 1, 1, 1, 1, 1, 1, 1, 1, 1, 1, 1, 1, 1, 1, 1, 1, 1, 1, 1, 1, 1, 1, 1, 1, 1, 1, 1, 1, 1, 1, 1, 1, 1, 1, 1, 1, 1, 1, 1, 1, 1, 1, 1, 1, 1, 1, 1, 1, 1, 1, 1, 1, 1, 1, 1, 1, 1, 1, 1, 1, 1, 1, 1, 1, 1, 1, 1, 1, 1, 1, 1, 1, 1, 1, 1, 1, 1, 1, 1, 1, 1, 1, 1, 1, 1, 1, 1, 1, 1, 1, 1, 1, 1, 1, 1, 1, 1, 1, 1, 3), (0, 0.003952569169960474, 0.007905138339920948, 0.011857707509881422, 0.015810276679841896, 0.01976284584980237, 0.023715415019762844, 0.02766798418972332, 0.03162055335968379, 0.035573122529644265, 0.03952569169960474, 0.043478260869565216, 0.04743083003952569, 0.05138339920948616, 0.05533596837944664, 0.05928853754940711, 0.06324110671936758, 0.06719367588932806, 0.07114624505928853, 0.07509881422924901, 0.07905138339920947, 0.08300395256916995, 0.08695652173913043, 0.0909090909090909, 0.09486166007905138, 0.09881422924901186, 0.10276679841897232, 0.1067193675889328, 0.11067193675889328, 0.11462450592885375, 0.11857707509881422, 0.12252964426877469, 0.12648221343873517, 0.13043478260869565, 0.13438735177865613, 0.13833992094861658, 0.14229249011857706, 0.14624505928853754, 0.15019762845849802, 0.1541501976284585, 0.15810276679841895, 0.16205533596837943, 0.1660079051383399, 0.16996047430830039, 0.17391304347826086, 0.17786561264822134, 0.1818181818181818, 0.18577075098814227, 0.18972332015810275, 0.19367588932806323, 0.1976284584980237, 0.20158102766798416, 0.20553359683794464, 0.20948616600790512, 0.2134387351778656, 0.21739130434782608, 0.22134387351778656, 0.225296442687747, 0.2292490118577075, 0.23320158102766797, 0.23715415019762845, 0.24110671936758893, 0.24505928853754938, 0.24901185770750986, 0.25296442687747034, 0.2569169960474308, 0.2608695652173913, 0.26482213438735175, 0.26877470355731226, 0.2727272727272727, 0.27667984189723316, 0.28063241106719367, 0.2845849802371541, 0.2885375494071146, 0.2924901185770751, 0.2964426877470355, 0.30039525691699603, 0.3043478260869565, 0.308300395256917, 0.31225296442687744, 0.3162055335968379, 0.3201581027667984, 0.32411067193675885, 0.32806324110671936, 0.3320158102766798, 0.3359683794466403, 0.33992094861660077, 0.3438735177865612, 0.34782608695652173, 0.3517786561264822, 0.3557312252964427, 0.35968379446640314, 0.3636363636363636, 0.3675889328063241, 0.37154150197628455, 0.37549407114624506, 0.3794466403162055, 0.38339920948616596, 0.38735177865612647, 0.3913043478260869, 0.3952569169960474, 0.3992094861660079, 0.40316205533596833, 0.40711462450592883, 0.4110671936758893, 0.4150197628458498, 0.41897233201581024, 0.4229249011857707, 0.4268774703557312, 0.43083003952569165, 0.43478260869565216, 0.4387351778656126, 0.4426877470355731, 0.44664031620553357, 0.450592885375494, 0.45454545454545453, 0.458498023715415, 0.4624505928853755, 0.46640316205533594, 0.4703557312252964, 0.4743083003952569, 0.47826086956521735, 0.48221343873517786, 0.4861660079051383, 0.49011857707509876, 0.49407114624505927, 0.4980237154150197, 0.5), .UNSPECIFIED.);
#539 = CARTESIAN_POINT('', (0.11480000000000001, -0.00030427028583421024, 0.01300348665807959));
#540 = CARTESIAN_POINT('', (0.1148, -0.0003543971863011296, 0.013004061066329937));
#541 = CARTESIAN_POINT('', (0.1148, -0.0004010152037353647, 0.013004595266002757));
#542 = CARTESIAN_POINT('', (0.1148, -0.0007428336519748958, 0.0130163865147911));
#543 = CARTESIAN_POINT('', (0.1148, -0.0008055340773916197, 0.013018549406580676));
#544 = CARTESIAN_POINT('', (0.1148, -0.0011500739950042762, 0.013038457046581601));
#545 = CARTESIAN_POINT('', (0.1148, -0.0012132736248622257, 0.01304210874385988));
#546 = CARTESIAN_POINT('', (0.1148, -0.0012446617408632826, 0.013044661740863276));
#547 = CARTESIAN_POINT('', (0.1148, -0.0015602819568299627, 0.013070333159483888));
#548 = CARTESIAN_POINT('', (0.1148, -0.0016239343727530455, 0.013075510419154564));
#549 = CARTESIAN_POINT('', (0.1148, -0.001973144314867529, 0.013112243246339448));
#550 = CARTESIAN_POINT('', (0.1148, -0.0020372005764388228, 0.013118981220556793));
#551 = CARTESIAN_POINT('', (0.1148, -0.0023883318250648615, 0.013164404344771185));
#552 = CARTESIAN_POINT('', (0.1148, -0.002452740515641234, 0.013172736397141872));
#553 = CARTESIAN_POINT('', (0.1148, -0.0028054995961425077, 0.013227020946186841));
#554 = CARTESIAN_POINT('', (0.1148, -0.002870206883098377, 0.013236978467017579));
#555 = CARTESIAN_POINT('', (0.1148, -0.0032242875594359947, 0.013300283805212287));
#556 = CARTESIAN_POINT('', (0.1148, -0.00328923726929675, 0.013311896027011317));
#557 = CARTESIAN_POINT('', (0.1148, -0.003644321036735656, 0.013384368757786052));
#558 = CARTESIAN_POINT('', (0.1148, -0.003709454745555808, 0.01339766257230686));
#559 = CARTESIAN_POINT('', (0.1148, -0.004065211407772148, 0.013479435556613963));
#560 = CARTESIAN_POINT('', (0.1148, -0.00413046854699527, 0.013494435334800473));
#561 = CARTESIAN_POINT('', (0.1148, -0.004486556878172842, 0.013585626733080149));
#562 = CARTESIAN_POINT('', (0.1148, -0.0045518748560811634, 0.013602354149332635));
#563 = CARTESIAN_POINT('', (0.1148, -0.0049079433478230105, 0.013703066495027045));
#564 = CARTESIAN_POINT('', (0.1148, -0.004973257686544886, 0.013721540357255013));
#565 = CARTESIAN_POINT('', (0.1148, -0.005328945378614267, 0.013831859670040593));
#566 = CARTESIAN_POINT('', (0.1148, -0.005394189866508656, 0.013852095757001264));
#567 = CARTESIAN_POINT('', (0.1148, -0.005749127259560473, 0.013972090703997811));
#568 = CARTESIAN_POINT('', (0.1148, -0.0058142341186409995, 0.013994101611435052));
#569 = CARTESIAN_POINT('', (0.1148, -0.006168044166220154, 0.01412382272464254));
#570 = CARTESIAN_POINT('', (0.1148, -0.006232944234119286, 0.01414761772173977));
#571 = CARTESIAN_POINT('', (0.1148, -0.006585243410298499, 0.014287096679843871));
#572 = CARTESIAN_POINT('', (0.1148, -0.006649866336106537, 0.014312681577484275));
#573 = CARTESIAN_POINT('', (0.1148, -0.007000265774225591, 0.014461930559954353));
#574 = CARTESIAN_POINT('', (0.1148, -0.00706454022737169, 0.014489307592241766));
#575 = CARTESIAN_POINT('', (0.1148, -0.007412646924435396, 0.014648318713316854));
#576 = CARTESIAN_POINT('', (0.1148, -0.007476500815612777, 0.014677486433750752));
#577 = CARTESIAN_POINT('', (0.1148, -0.007821918896023287, 0.014846231263468897));
#578 = CARTESIAN_POINT('', (0.1148, -0.007885279608998002, 0.01487718445708584));
#579 = CARTESIAN_POINT('', (0.1148, -0.008227611640450362, 0.015055613635960382));
#580 = CARTESIAN_POINT('', (0.1148, -0.00829040627343868, 0.015088343248653354));
#581 = CARTESIAN_POINT('', (0.1148, -0.00862925462701502, 0.015276386201939416));
#582 = CARTESIAN_POINT('', (0.1148, -0.008691410242168072, 0.015310879288045141));
#583 = CARTESIAN_POINT('', (0.1148, -0.009026378487938061, 0.015508444044775381));
#584 = CARTESIAN_POINT('', (0.1148, -0.009087822367339671, 0.015544683733879752));
#585 = CARTESIAN_POINT('', (0.1148, -0.00935, 0.01570877400756291));
#586 = CARTESIAN_POINT('', (0.1148, -0.009418516696130131, 0.015751656854988822));
#587 = CARTESIAN_POINT('', (0.1148, -0.009479176602594662, 0.01578962233874256));
#588 = CARTESIAN_POINT('', (0.1148, -0.009805207264039885, 0.01600586895765237));
#589 = CARTESIAN_POINT('', (0.1148, -0.009865011704896716, 0.01604553549721572));
#590 = CARTESIAN_POINT('', (0.1148, -0.010185994451439761, 0.01627089947523281));
#591 = CARTESIAN_POINT('', (0.1148, -0.010244872943409191, 0.016312238429780322));
#592 = CARTESIAN_POINT('', (0.1148, -0.01056043046959994, 0.0165465426275734));
#593 = CARTESIAN_POINT('', (0.1148, -0.010618313802806529, 0.01658952150409166));
#594 = CARTESIAN_POINT('', (0.1148, -0.010928077169047049, 0.016832568169389578));
#595 = CARTESIAN_POINT('', (0.1148, -0.010984897668179923, 0.016877150693793336));
#596 = CARTESIAN_POINT('', (0.1148, -0.011288507698005748, 0.017128721964285987));
#597 = CARTESIAN_POINT('', (0.1148, -0.011344199478624693, 0.0171748681736663));
#598 = CARTESIAN_POINT('', (0.1148, -0.011641308118688664, 0.017434726692922817));
#599 = CARTESIAN_POINT('', (0.1148, -0.011695807336688572, 0.01748239304852609));
#600 = CARTESIAN_POINT('', (0.1148, -0.011986078968831608, 0.017750282691583654));
#601 = CARTESIAN_POINT('', (0.1148, -0.012039324061118207, 0.017799422211907827));
#602 = CARTESIAN_POINT('', (0.1148, -0.012322436756269383, 0.018075068916049635));
#603 = CARTESIAN_POINT('', (0.1148, -0.012374368670764583, 0.01812563132923542));
#604 = CARTESIAN_POINT('', (0.1148, -0.012650015374906391, 0.018408744024386605));
#605 = CARTESIAN_POINT('', (0.1148, -0.012700577788092172, 0.018460675938881795));
#606 = CARTESIAN_POINT('', (0.1148, -0.012968467431149737, 0.018750947571024836));
#607 = CARTESIAN_POINT('', (0.1148, -0.01301760695147391, 0.018804192663311434));
#608 = CARTESIAN_POINT('', (0.1148, -0.013277465470730436, 0.01910130130337541));
#609 = CARTESIAN_POINT('', (0.1148, -0.013325131826333702, 0.019155800521375308));
#610 = CARTESIAN_POINT('', (0.1148, -0.013576703096826346, 0.01945941055120113));
#611 = CARTESIAN_POINT('', (0.1148, -0.013622849306206664, 0.01951510233182008));
#612 = CARTESIAN_POINT('', (0.1148, -0.013865895971504576, 0.01982486569806059));
#613 = CARTESIAN_POINT('', (0.1148, -0.01391047849590834, 0.01988168619719347));
#614 = CARTESIAN_POINT('', (0.1148, -0.014144782693701423, 0.020197243723384228));
#615 = CARTESIAN_POINT('', (0.1148, -0.014187761570219679, 0.020255127056590817));
#616 = CARTESIAN_POINT('', (0.1148, -0.014413125548236774, 0.02057610980313386));
#617 = CARTESIAN_POINT('', (0.1148, -0.014454464502784281, 0.020634988295103285));
#618 = CARTESIAN_POINT('', (0.1148, -0.0146707111216941, 0.020961018956548522));
#619 = CARTESIAN_POINT('', (0.1148, -0.014710377661257445, 0.021020823397405346));
#620 = CARTESIAN_POINT('', (0.1148, -0.014791225992437084, 0.021149999999999995));
#621 = CARTESIAN_POINT('', (0.1148, -0.014917350782366504, 0.0213515177261958));
#622 = CARTESIAN_POINT('', (0.1148, -0.014955316266120247, 0.021412177632660335));
#623 = CARTESIAN_POINT('', (0.1148, -0.015152881022850484, 0.02174714587843032));
#624 = CARTESIAN_POINT('', (0.1148, -0.015189120711954857, 0.021808589757831932));
#625 = CARTESIAN_POINT('', (0.1148, -0.015377163665240903, 0.022147438111408246));
#626 = CARTESIAN_POINT('', (0.1148, -0.01541165675134664, 0.022209593726561318));
#627 = CARTESIAN_POINT('', (0.1148, -0.015590085930221187, 0.022551925758013673));
#628 = CARTESIAN_POINT('', (0.1148, -0.01562281554291416, 0.022614720391001993));
#629 = CARTESIAN_POINT('', (0.1148, -0.015791560372632307, 0.02296013847141251));
#630 = CARTESIAN_POINT('', (0.1148, -0.015822513566249252, 0.023023499184387234));
#631 = CARTESIAN_POINT('', (0.1148, -0.015981524687324344, 0.023371605881450947));
#632 = CARTESIAN_POINT('', (0.1148, -0.016010692407758233, 0.023435459772628314));
#633 = CARTESIAN_POINT('', (0.1148, -0.01615994139022831, 0.02378585921074736));
#634 = CARTESIAN_POINT('', (0.1148, -0.016187318422515726, 0.023850133663893474));
#635 = CARTESIAN_POINT('', (0.1148, -0.016326797380619835, 0.024202432840072695));
#636 = CARTESIAN_POINT('', (0.1148, -0.01635238227826023, 0.02426705576588072));
#637 = CARTESIAN_POINT('', (0.1148, -0.016482103391467707, 0.024620865813459847));
#638 = CARTESIAN_POINT('', (0.1148, -0.01650589838856495, 0.02468576588135901));
#639 = CARTESIAN_POINT('', (0.1148, -0.0166258933355615, 0.025040703274410832));
#640 = CARTESIAN_POINT('', (0.1148, -0.016647904242998737, 0.02510581013349135));
#641 = CARTESIAN_POINT('', (0.1148, -0.016758223555784317, 0.02546149782556072));
#642 = CARTESIAN_POINT('', (0.1148, -0.016778459642744988, 0.025526742313455118));
#643 = CARTESIAN_POINT('', (0.1148, -0.016879171988439395, 0.02588281080519696));
#644 = CARTESIAN_POINT('', (0.1148, -0.016897645850667366, 0.025948125143918845));
#645 = CARTESIAN_POINT('', (0.1148, -0.01698883724894704, 0.026304213475096407));
#646 = CARTESIAN_POINT('', (0.1148, -0.017005564665199528, 0.026369531453004736));
#647 = CARTESIAN_POINT('', (0.1148, -0.01708733764950663, 0.026725288115221076));
#648 = CARTESIAN_POINT('', (0.1148, -0.017102337427693137, 0.02679054525444419));
#649 = CARTESIAN_POINT('', (0.1148, -0.01717481015846787, 0.02714562902188309));
#650 = CARTESIAN_POINT('', (0.1148, -0.017188103972988682, 0.027210762730703258));
#651 = CARTESIAN_POINT('', (0.1148, -0.017251409311183387, 0.02756484340704088));
#652 = CARTESIAN_POINT('', (0.1148, -0.01726302153298242, 0.027629793116901624));
#653 = CARTESIAN_POINT('', (0.1148, -0.01731730608202739, 0.02798255219740291));
#654 = CARTESIAN_POINT('', (0.1148, -0.017327263602858124, 0.028047259484358773));
#655 = CARTESIAN_POINT('', (0.1148, -0.017372686727072515, 0.028398390732984814));
#656 = CARTESIAN_POINT('', (0.1148, -0.017381018779443203, 0.02846279942356118));
#657 = CARTESIAN_POINT('', (0.1148, -0.01741775160662809, 0.028812009365675652));
#658 = CARTESIAN_POINT('', (0.1148, -0.01742448958084544, 0.028876065627246955));
#659 = CARTESIAN_POINT('', (0.1148, -0.01745271399646944, 0.029223073959214703));
#660 = CARTESIAN_POINT('', (0.1148, -0.017455338259136716, 0.029255338259136707));
#661 = CARTESIAN_POINT('', (0.1148, -0.01745789125614012, 0.02928672637513778));
#662 = CARTESIAN_POINT('', (0.1148, -0.017477798896141046, 0.029631266292750428));
#663 = CARTESIAN_POINT('', (0.1148, -0.017481450593419327, 0.02969446592260839));
#664 = CARTESIAN_POINT('', (0.1148, -0.01749324184220766, 0.030036284370847918));
#665 = CARTESIAN_POINT('', (0.1148, -0.017495404733997237, 0.030098984796264636));
#666 = CARTESIAN_POINT('', (0.1148, -0.01749928773376957, 0.030437842643421018));
#667 = CARTESIAN_POINT('', (0.1148, -0.0175, 0.030500000000000003));
#668 = B_SPLINE_CURVE_WITH_KNOTS('', 2, (#539, #540, #541, #542, #543, #544, #545, #546, #547, #548, #549, #550, #551, #552, #553, #554, #555, #556, #557, #558, #559, #560, #561, #562, #563, #564, #565, #566, #567, #568, #569, #570, #571, #572, #573, #574, #575, #576, #577, #578, #579, #580, #581, #582, #583, #584, #585, #586, #587, #588, #589, #590, #591, #592, #593, #594, #595, #596, #597, #598, #599, #600, #601, #602, #603, #604, #605, #606, #607, #608, #609, #610, #611, #612, #613, #614, #615, #616, #617, #618, #619, #620, #621, #622, #623, #624, #625, #626, #627, #628, #629, #630, #631, #632, #633, #634, #635, #636, #637, #638, #639, #640, #641, #642, #643, #644, #645, #646, #647, #648, #649, #650, #651, #652, #653, #654, #655, #656, #657, #658, #659, #660, #661, #662, #663, #664, #665, #666, #667), .UNSPECIFIED., .F., .F., (3, 1, 1, 1, 1, 1, 1, 1, 1, 1, 1, 1, 1, 1, 1, 1, 1, 1, 1, 1, 1, 1, 1, 1, 1, 1, 1, 1, 1, 1, 1, 1, 1, 1, 1, 1, 1, 1, 1, 1, 1, 1, 1, 1, 1, 1, 1, 1, 1, 1, 1, 1, 1, 1, 1, 1, 1, 1, 1, 1, 1, 1, 1, 1, 1, 1, 1, 1, 1, 1, 1, 1, 1, 1, 1, 1, 1, 1, 1, 1, 1, 1, 1, 1, 1, 1, 1, 1, 1, 1, 1, 1, 1, 1, 1, 1, 1, 1, 1, 1, 1, 1, 1, 1, 1, 1, 1, 1, 1, 1, 1, 1, 1, 1, 1, 1, 1, 1, 1, 1, 1, 1, 1, 1, 1, 1, 1, 3), (0.5, 0.5019762845849802, 0.5059288537549407, 0.5098814229249012, 0.5138339920948617, 0.5177865612648221, 0.5217391304347827, 0.5256916996047432, 0.5296442687747036, 0.5335968379446641, 0.5375494071146245, 0.541501976284585, 0.5454545454545454, 0.549407114624506, 0.5533596837944664, 0.5573122529644269, 0.5612648221343874, 0.5652173913043479, 0.5691699604743083, 0.5731225296442688, 0.5770750988142292, 0.5810276679841897, 0.5849802371541502, 0.5889328063241107, 0.5928853754940712, 0.5968379446640317, 0.6007905138339922, 0.6047430830039526, 0.6086956521739131, 0.6126482213438735, 0.616600790513834, 0.6205533596837944, 0.6245059288537549, 0.6284584980237155, 0.6324110671936759, 0.6363636363636365, 0.6403162055335969, 0.6442687747035574, 0.6482213438735178, 0.6521739130434783, 0.6561264822134387, 0.6600790513833992, 0.6640316205533596, 0.6679841897233202, 0.6719367588932806, 0.6758893280632412, 0.6798418972332017, 0.6837944664031621, 0.6877470355731226, 0.691699604743083, 0.6956521739130435, 0.6996047430830039, 0.7035573122529645, 0.7075098814229249, 0.7114624505928854, 0.7154150197628459, 0.7193675889328064, 0.7233201581027668, 0.7272727272727273, 0.7312252964426877, 0.7351778656126482, 0.7391304347826086, 0.7430830039525692, 0.7470355731225297, 0.7509881422924901, 0.7549407114624507, 0.7588932806324111, 0.7628458498023716, 0.766798418972332, 0.7707509881422925, 0.7747035573122529, 0.7786561264822134, 0.782608695652174, 0.7865612648221344, 0.7905138339920948, 0.7944664031620554, 0.7984189723320159, 0.8023715415019763, 0.8063241106719368, 0.8102766798418972, 0.8142292490118577, 0.8181818181818182, 0.8221343873517787, 0.8260869565217391, 0.8300395256916996, 0.8339920948616601, 0.8379446640316206, 0.841897233201581, 0.8458498023715415, 0.849802371541502, 0.8537549407114624, 0.857707509881423, 0.8616600790513834, 0.8656126482213439, 0.8695652173913043, 0.8735177865612649, 0.8774703557312253, 0.8814229249011858, 0.8853754940711462, 0.8893280632411067, 0.8932806324110671, 0.8972332015810277, 0.9011857707509882, 0.9051383399209486, 0.9090909090909091, 0.9130434782608696, 0.9169960474308301, 0.9209486166007905, 0.924901185770751, 0.9288537549407114, 0.9328063241106719, 0.9367588932806324, 0.9407114624505929, 0.9446640316205533, 0.9486166007905138, 0.9525691699604744, 0.9565217391304348, 0.9604743083003953, 0.9644268774703557, 0.9683794466403162, 0.9723320158102767, 0.9762845849802372, 0.9802371541501976, 0.9841897233201581, 0.9881422924901185, 0.9920948616600791, 0.9960474308300395, 1), .UNSPECIFIED.);
#669 = CARTESIAN_POINT('', (0.11480000000000001, 0.0003042702858342081, 0.047996513341920406));
#670 = CARTESIAN_POINT('', (0.1148, 0.0003543971863011274, 0.04799593893367006));
#671 = CARTESIAN_POINT('', (0.1148, 0.0004010152037353625, 0.047995404733997236));
#672 = CARTESIAN_POINT('', (0.1148, 0.0007428336519748938, 0.0479836134852089));
#673 = CARTESIAN_POINT('', (0.1148, 0.0008055340773916176, 0.047981450593419316));
#674 = CARTESIAN_POINT('', (0.1148, 0.0011500739950042738, 0.047961542953418396));
#675 = CARTESIAN_POINT('', (0.1148, 0.0012132736248622233, 0.047957891256140125));
#676 = CARTESIAN_POINT('', (0.1148, 0.0012446617408632718, 0.047955338259136726));
#677 = CARTESIAN_POINT('', (0.1148, 0.0015602819568299605, 0.04792966684051611));
#678 = CARTESIAN_POINT('', (0.1148, 0.0016239343727530431, 0.04792448958084544));
#679 = CARTESIAN_POINT('', (0.1148, 0.001973144314867527, 0.04788775675366055));
#680 = CARTESIAN_POINT('', (0.1148, 0.0020372005764388206, 0.0478810187794432));
#681 = CARTESIAN_POINT('', (0.1148, 0.0023883318250648472, 0.04783559565522882));
#682 = CARTESIAN_POINT('', (0.1148, 0.002452740515641235, 0.047827263602858126));
#683 = CARTESIAN_POINT('', (0.1148, 0.002805499596142521, 0.04777297905381316));
#684 = CARTESIAN_POINT('', (0.1148, 0.002870206883098378, 0.04776302153298242));
#685 = CARTESIAN_POINT('', (0.1148, 0.0032242875594359973, 0.04769971619478771));
#686 = CARTESIAN_POINT('', (0.1148, 0.003289237269296751, 0.04768810397298868));
#687 = CARTESIAN_POINT('', (0.1148, 0.0036443210367356578, 0.04761563124221394));
#688 = CARTESIAN_POINT('', (0.1148, 0.0037094547455558094, 0.04760233742769314));
#689 = CARTESIAN_POINT('', (0.1148, 0.0040652114077721485, 0.047520564443386044));
#690 = CARTESIAN_POINT('', (0.1148, 0.004130468546995271, 0.047505564665199534));
#691 = CARTESIAN_POINT('', (0.1148, 0.004486556878172846, 0.04741437326691985));
#692 = CARTESIAN_POINT('', (0.1148, 0.004551874856081167, 0.047397645850667365));
#693 = CARTESIAN_POINT('', (0.1148, 0.004907943347823017, 0.047296933504972945));
#694 = CARTESIAN_POINT('', (0.1148, 0.00497325768654489, 0.04727845964274498));
#695 = CARTESIAN_POINT('', (0.1148, 0.00532894537861427, 0.0471681403299594));
#696 = CARTESIAN_POINT('', (0.1148, 0.005394189866508661, 0.04714790424299873));
#697 = CARTESIAN_POINT('', (0.1148, 0.005749127259560492, 0.047027909296002174));
#698 = CARTESIAN_POINT('', (0.1148, 0.005814234118641003, 0.047005898388564935));
#699 = CARTESIAN_POINT('', (0.1148, 0.006168044166220144, 0.046876177275357464));
#700 = CARTESIAN_POINT('', (0.1148, 0.00623294423411929, 0.04685238227826023));
#701 = CARTESIAN_POINT('', (0.1148, 0.00658524341029851, 0.046712903320156124));
#702 = CARTESIAN_POINT('', (0.1148, 0.006649866336106539, 0.04668731842251572));
#703 = CARTESIAN_POINT('', (0.1148, 0.0070002657742255815, 0.04653806944004566));
#704 = CARTESIAN_POINT('', (0.1148, 0.007064540227371695, 0.04651069240775824));
#705 = CARTESIAN_POINT('', (0.1148, 0.007412646924435397, 0.04635168128668315));
#706 = CARTESIAN_POINT('', (0.1148, 0.007476500815612781, 0.04632251356624925));
#707 = CARTESIAN_POINT('', (0.1148, 0.007821918896023293, 0.0461537687365311));
#708 = CARTESIAN_POINT('', (0.1148, 0.007885279608998007, 0.046122815542914156));
#709 = CARTESIAN_POINT('', (0.1148, 0.00822761164045036, 0.04594438636403962));
#710 = CARTESIAN_POINT('', (0.1148, 0.008290406273438687, 0.04591165675134665));
#711 = CARTESIAN_POINT('', (0.1148, 0.008629254627015014, 0.04572361379806058));
#712 = CARTESIAN_POINT('', (0.1148, 0.008691410242168065, 0.04568912071195485));
#713 = CARTESIAN_POINT('', (0.1148, 0.009026378487938054, 0.04549155595522462));
#714 = CARTESIAN_POINT('', (0.1148, 0.009087822367339668, 0.045455316266120246));
#715 = CARTESIAN_POINT('', (0.1148, 0.00935, 0.04529122599243709));
#716 = CARTESIAN_POINT('', (0.1148, 0.009418516696130117, 0.0452483431450112));
#717 = CARTESIAN_POINT('', (0.1148, 0.009479176602594655, 0.045210377661257455));
#718 = CARTESIAN_POINT('', (0.1148, 0.009805207264039875, 0.044994131042347646));
#719 = CARTESIAN_POINT('', (0.1148, 0.009865011704896712, 0.0449544645027843));
#720 = CARTESIAN_POINT('', (0.1148, 0.010185994451439752, 0.04472910052476719));
#721 = CARTESIAN_POINT('', (0.1148, 0.010244872943409184, 0.044687761570219676));
#722 = CARTESIAN_POINT('', (0.1148, 0.010560430469599933, 0.044453457372426605));
#723 = CARTESIAN_POINT('', (0.1148, 0.010618313802806523, 0.044410478495908345));
#724 = CARTESIAN_POINT('', (0.1148, 0.010928077169047045, 0.04416743183061043));
#725 = CARTESIAN_POINT('', (0.1148, 0.01098489766817992, 0.04412284930620666));
#726 = CARTESIAN_POINT('', (0.1148, 0.011288507698005745, 0.04387127803571402));
#727 = CARTESIAN_POINT('', (0.1148, 0.011344199478624691, 0.0438251318263337));
#728 = CARTESIAN_POINT('', (0.1148, 0.011641308118688663, 0.043565273307077185));
#729 = CARTESIAN_POINT('', (0.1148, 0.01169580733668857, 0.043517606951473914));
#730 = CARTESIAN_POINT('', (0.1148, 0.011986078968831604, 0.04324971730841634));
#731 = CARTESIAN_POINT('', (0.1148, 0.012039324061118203, 0.04320057778809217));
#732 = CARTESIAN_POINT('', (0.1148, 0.012322436756269383, 0.04292493108395037));
#733 = CARTESIAN_POINT('', (0.1148, 0.012374368670764583, 0.04287436867076458));
#734 = CARTESIAN_POINT('', (0.1148, 0.01265001537490639, 0.04259125597561339));
#735 = CARTESIAN_POINT('', (0.1148, 0.01270057778809217, 0.042539324061118204));
#736 = CARTESIAN_POINT('', (0.1148, 0.012968467431149733, 0.04224905242897517));
#737 = CARTESIAN_POINT('', (0.1148, 0.013017606951473906, 0.04219580733668857));
#738 = CARTESIAN_POINT('', (0.1148, 0.013277465470730422, 0.041898698696624596));
#739 = CARTESIAN_POINT('', (0.1148, 0.013325131826333702, 0.04184419947862469));
#740 = CARTESIAN_POINT('', (0.1148, 0.013576703096826362, 0.04154058944879884));
#741 = CARTESIAN_POINT('', (0.1148, 0.013622849306206662, 0.041484897668179914));
#742 = CARTESIAN_POINT('', (0.1148, 0.013865895971504576, 0.041175134301939406));
#743 = CARTESIAN_POINT('', (0.1148, 0.01391047849590834, 0.041118313802806526));
#744 = CARTESIAN_POINT('', (0.1148, 0.01414478269370141, 0.040802756276615795));
#745 = CARTESIAN_POINT('', (0.1148, 0.014187761570219682, 0.040744872943409186));
#746 = CARTESIAN_POINT('', (0.1148, 0.014413125548236769, 0.04042389019686615));
#747 = CARTESIAN_POINT('', (0.1148, 0.014454464502784285, 0.04036501170489672));
#748 = CARTESIAN_POINT('', (0.1148, 0.014670711121694095, 0.04003898104345149));
#749 = CARTESIAN_POINT('', (0.1148, 0.014710377661257445, 0.03997917660259465));
#750 = CARTESIAN_POINT('', (0.1148, 0.01479122599243709, 0.03985));
#751 = CARTESIAN_POINT('', (0.1148, 0.0149173507823665, 0.039648482273804214));
#752 = CARTESIAN_POINT('', (0.1148, 0.014955316266120249, 0.03958782236733967));
#753 = CARTESIAN_POINT('', (0.1148, 0.015152881022850494, 0.039252854121569654));
#754 = CARTESIAN_POINT('', (0.1148, 0.015189120711954855, 0.03919141024216806));
#755 = CARTESIAN_POINT('', (0.1148, 0.015377163665240907, 0.03885256188859175));
#756 = CARTESIAN_POINT('', (0.1148, 0.01541165675134664, 0.03879040627343868));
#757 = CARTESIAN_POINT('', (0.1148, 0.015590085930221188, 0.03844807424198633));
#758 = CARTESIAN_POINT('', (0.1148, 0.015622815542914162, 0.03838527960899802));
#759 = CARTESIAN_POINT('', (0.1148, 0.0157915603726323, 0.038039861528587515));
#760 = CARTESIAN_POINT('', (0.1148, 0.01582251356624925, 0.03797650081561279));
#761 = CARTESIAN_POINT('', (0.1148, 0.015981524687324337, 0.037628394118549076));
#762 = CARTESIAN_POINT('', (0.1148, 0.01601069240775823, 0.0375645402273717));
#763 = CARTESIAN_POINT('', (0.1148, 0.016159941390228305, 0.037214140789252656));
#764 = CARTESIAN_POINT('', (0.1148, 0.016187318422515723, 0.037149866336106535));
#765 = CARTESIAN_POINT('', (0.1148, 0.01632679738061983, 0.03679756715992731));
#766 = CARTESIAN_POINT('', (0.1148, 0.016352382278260226, 0.03673294423411929));
#767 = CARTESIAN_POINT('', (0.1148, 0.016482103391467717, 0.03637913418654013));
#768 = CARTESIAN_POINT('', (0.1148, 0.016505898388564946, 0.036314234118640994));
#769 = CARTESIAN_POINT('', (0.1148, 0.016625893335561498, 0.035959296725589174));
#770 = CARTESIAN_POINT('', (0.1148, 0.016647904242998734, 0.03589418986650866));
#771 = CARTESIAN_POINT('', (0.1148, 0.016758223555784317, 0.035538502174439275));
#772 = CARTESIAN_POINT('', (0.1148, 0.016778459642744985, 0.03547325768654489));
#773 = CARTESIAN_POINT('', (0.1148, 0.01687917198843939, 0.03511718919480306));
#774 = CARTESIAN_POINT('', (0.1148, 0.016897645850667366, 0.03505187485608116));
#775 = CARTESIAN_POINT('', (0.1148, 0.01698883724894704, 0.03469578652490358));
#776 = CARTESIAN_POINT('', (0.1148, 0.017005564665199525, 0.034630468546995266));
#777 = CARTESIAN_POINT('', (0.1148, 0.017087337649506627, 0.03427471188477893));
#778 = CARTESIAN_POINT('', (0.1148, 0.017102337427693137, 0.03420945474555581));
#779 = CARTESIAN_POINT('', (0.1148, 0.01717481015846787, 0.03385437097811691));
#780 = CARTESIAN_POINT('', (0.1148, 0.017188103972988682, 0.03378923726929675));
#781 = CARTESIAN_POINT('', (0.1148, 0.017251409311183387, 0.03343515659295912));
#782 = CARTESIAN_POINT('', (0.1148, 0.01726302153298242, 0.03337020688309838));
#783 = CARTESIAN_POINT('', (0.1148, 0.01731730608202739, 0.0330174478025971));
#784 = CARTESIAN_POINT('', (0.1148, 0.017327263602858124, 0.03295274051564123));
#785 = CARTESIAN_POINT('', (0.1148, 0.017372686727072515, 0.0326016092670152));
#786 = CARTESIAN_POINT('', (0.1148, 0.017381018779443206, 0.03253720057643882));
#787 = CARTESIAN_POINT('', (0.1148, 0.01741775160662809, 0.03218799063432434));
#788 = CARTESIAN_POINT('', (0.1148, 0.01742448958084544, 0.03212393437275305));
#789 = CARTESIAN_POINT('', (0.1148, 0.017452713996469443, 0.0317769260407853));
#790 = CARTESIAN_POINT('', (0.1148, 0.017455338259136723, 0.031744661740863274));
#791 = CARTESIAN_POINT('', (0.1148, 0.017457891256140123, 0.031713273624862225));
#792 = CARTESIAN_POINT('', (0.1148, 0.01747779889614105, 0.031368733707249574));
#793 = CARTESIAN_POINT('', (0.1148, 0.017481450593419327, 0.03130553407739162));
#794 = CARTESIAN_POINT('', (0.1148, 0.017493241842207664, 0.030963715629152073));
#795 = CARTESIAN_POINT('', (0.1148, 0.01749540473399724, 0.030901015203735355));
#796 = CARTESIAN_POINT('', (0.1148, 0.01749928773376957, 0.030562157356578985));
#797 = CARTESIAN_POINT('', (0.1148, 0.0175, 0.0305));
#798 = B_SPLINE_CURVE_WITH_KNOTS('', 2, (#669, #670, #671, #672, #673, #674, #675, #676, #677, #678, #679, #680, #681, #682, #683, #684, #685, #686, #687, #688, #689, #690, #691, #692, #693, #694, #695, #696, #697, #698, #699, #700, #701, #702, #703, #704, #705, #706, #707, #708, #709, #710, #711, #712, #713, #714, #715, #716, #717, #718, #719, #720, #721, #722, #723, #724, #725, #726, #727, #728, #729, #730, #731, #732, #733, #734, #735, #736, #737, #738, #739, #740, #741, #742, #743, #744, #745, #746, #747, #748, #749, #750, #751, #752, #753, #754, #755, #756, #757, #758, #759, #760, #761, #762, #763, #764, #765, #766, #767, #768, #769, #770, #771, #772, #773, #774, #775, #776, #777, #778, #779, #780, #781, #782, #783, #784, #785, #786, #787, #788, #789, #790, #791, #792, #793, #794, #795, #796, #797), .UNSPECIFIED., .F., .F., (3, 1, 1, 1, 1, 1, 1, 1, 1, 1, 1, 1, 1, 1, 1, 1, 1, 1, 1, 1, 1, 1, 1, 1, 1, 1, 1, 1, 1, 1, 1, 1, 1, 1, 1, 1, 1, 1, 1, 1, 1, 1, 1, 1, 1, 1, 1, 1, 1, 1, 1, 1, 1, 1, 1, 1, 1, 1, 1, 1, 1, 1, 1, 1, 1, 1, 1, 1, 1, 1, 1, 1, 1, 1, 1, 1, 1, 1, 1, 1, 1, 1, 1, 1, 1, 1, 1, 1, 1, 1, 1, 1, 1, 1, 1, 1, 1, 1, 1, 1, 1, 1, 1, 1, 1, 1, 1, 1, 1, 1, 1, 1, 1, 1, 1, 1, 1, 1, 1, 1, 1, 1, 1, 1, 1, 1, 1, 3), (0.5, 0.5019762845849802, 0.5059288537549407, 0.5098814229249012, 0.5138339920948617, 0.5177865612648221, 0.5217391304347827, 0.5256916996047432, 0.5296442687747036, 0.5335968379446641, 0.5375494071146245, 0.541501976284585, 0.5454545454545454, 0.549407114624506, 0.5533596837944664, 0.5573122529644269, 0.5612648221343874, 0.5652173913043479, 0.5691699604743083, 0.5731225296442688, 0.5770750988142292, 0.5810276679841897, 0.5849802371541502, 0.5889328063241107, 0.5928853754940712, 0.5968379446640317, 0.6007905138339922, 0.6047430830039526, 0.6086956521739131, 0.6126482213438735, 0.616600790513834, 0.6205533596837944, 0.6245059288537549, 0.6284584980237155, 0.6324110671936759, 0.6363636363636365, 0.6403162055335969, 0.6442687747035574, 0.6482213438735178, 0.6521739130434783, 0.6561264822134387, 0.6600790513833992, 0.6640316205533596, 0.6679841897233202, 0.6719367588932806, 0.6758893280632412, 0.6798418972332017, 0.6837944664031621, 0.6877470355731226, 0.691699604743083, 0.6956521739130435, 0.6996047430830039, 0.7035573122529645, 0.7075098814229249, 0.7114624505928854, 0.7154150197628459, 0.7193675889328064, 0.7233201581027668, 0.7272727272727273, 0.7312252964426877, 0.7351778656126482, 0.7391304347826086, 0.7430830039525692, 0.7470355731225297, 0.7509881422924901, 0.7549407114624507, 0.7588932806324111, 0.7628458498023716, 0.766798418972332, 0.7707509881422925, 0.7747035573122529, 0.7786561264822134, 0.782608695652174, 0.7865612648221344, 0.7905138339920948, 0.7944664031620554, 0.7984189723320159, 0.8023715415019763, 0.8063241106719368, 0.8102766798418972, 0.8142292490118577, 0.8181818181818182, 0.8221343873517787, 0.8260869565217391, 0.8300395256916996, 0.8339920948616601, 0.8379446640316206, 0.841897233201581, 0.8458498023715415, 0.849802371541502, 0.8537549407114624, 0.857707509881423, 0.8616600790513834, 0.8656126482213439, 0.8695652173913043, 0.8735177865612649, 0.8774703557312253, 0.8814229249011858, 0.8853754940711462, 0.8893280632411067, 0.8932806324110671, 0.8972332015810277, 0.9011857707509882, 0.9051383399209486, 0.9090909090909091, 0.9130434782608696, 0.9169960474308301, 0.9209486166007905, 0.924901185770751, 0.9288537549407114, 0.9328063241106719, 0.9367588932806324, 0.9407114624505929, 0.9446640316205533, 0.9486166007905138, 0.9525691699604744, 0.9565217391304348, 0.9604743083003953, 0.9644268774703557, 0.9683794466403162, 0.9723320158102767, 0.9762845849802372, 0.9802371541501976, 0.9841897233201581, 0.9881422924901185, 0.9920948616600791, 0.9960474308300395, 1), .UNSPECIFIED.);
#799 = CARTESIAN_POINT('', (0.1448, -0.015, 0.030500000000000003));
#800 = CARTESIAN_POINT('', (0.1448, -0.014999302269815091, 0.03056088883909778));
#801 = CARTESIAN_POINT('', (0.1448, -0.014996061200569063, 0.030843727317487454));
#802 = CARTESIAN_POINT('', (0.1448, -0.014993942449428251, 0.030905148142385475));
#803 = CARTESIAN_POINT('', (0.1448, -0.014984100508645135, 0.031190457780621385));
#804 = CARTESIAN_POINT('', (0.1448, -0.01498052333580111, 0.031252367622114884));
#805 = CARTESIAN_POINT('', (0.1448, -0.014963906790977246, 0.03153994882131048));
#806 = CARTESIAN_POINT('', (0.1448, -0.014958835189667197, 0.031602302208337166));
#807 = CARTESIAN_POINT('', (0.1448, -0.014935276783581801, 0.03189194374807403));
#808 = CARTESIAN_POINT('', (0.1448, -0.014928676319042359, 0.031954692739001034));
#809 = CARTESIAN_POINT('', (0.1448, -0.014898016096665603, 0.03224617192266185));
#810 = CARTESIAN_POINT('', (0.1448, -0.01488985408618003, 0.032309266150165245));
#811 = CARTESIAN_POINT('', (0.1448, -0.01485194023102125, 0.03260234901340677));
#812 = CARTESIAN_POINT('', (0.1448, -0.014842185924901347, 0.032665735743485975));
#813 = CARTESIAN_POINT('', (0.1448, -0.014796875599699218, 0.03296017732837005));
#814 = CARTESIAN_POINT('', (0.1448, -0.014785500362018538, 0.033023801533947905));
#815 = CARTESIAN_POINT('', (0.1448, -0.01473266054827601, 0.03331934623082579));
#816 = CARTESIAN_POINT('', (0.1448, -0.014719638036092357, 0.033383150680282275));
#817 = CARTESIAN_POINT('', (0.1448, -0.014659146366594116, 0.03367953263904784));
#818 = CARTESIAN_POINT('', (0.1448, -0.014644452706329782, 0.033743457999919464));
#819 = CARTESIAN_POINT('', (0.1448, -0.014576198284456738, 0.034040401611710236));
#820 = CARTESIAN_POINT('', (0.1448, -0.014559812244046143, 0.034104386569661235));
#821 = CARTESIAN_POINT('', (0.1448, -0.014483696443429171, 0.03440160701949815));
#822 = CARTESIAN_POINT('', (0.1448, -0.01446559959879769, 0.03446558841253182));
#823 = CARTESIAN_POINT('', (0.1448, -0.014381536836638556, 0.034762792302752754));
#824 = CARTESIAN_POINT('', (0.1448, -0.014361713731044433, 0.03482670527048603));
#825 = CARTESIAN_POINT('', (0.1448, -0.014269632208284628, 0.035123591314150285));
#826 = CARTESIAN_POINT('', (0.1448, -0.014248070503039984, 0.035187369461821));
#827 = CARTESIAN_POINT('', (0.1448, -0.014147912904484236, 0.03548362924454943));
#828 = CARTESIAN_POINT('', (0.1448, -0.01412460351957266, 0.035547204821266956));
#829 = CARTESIAN_POINT('', (0.1448, -0.014016327667080195, 0.035842523629245115));
#830 = CARTESIAN_POINT('', (0.1448, -0.013991264910207976, 0.03590582771983255));
#831 = CARTESIAN_POINT('', (0.1448, -0.013874844362156337, 0.036199885430948466));
#832 = CARTESIAN_POINT('', (0.1448, -0.013848026044813567, 0.03626284816056096));
#833 = CARTESIAN_POINT('', (0.1448, -0.01372345063522134, 0.03655532019489002));
#834 = CARTESIAN_POINT('', (0.1448, -0.013694878174388138, 0.03661787094543112));
#835 = CARTESIAN_POINT('', (0.1448, -0.013562154485356498, 0.03690842927052524));
#836 = CARTESIAN_POINT('', (0.1448, -0.013531832989568483, 0.03697049690772494));
#837 = CARTESIAN_POINT('', (0.1448, -0.01339098475106928, 0.03725881109342686));
#838 = CARTESIAN_POINT('', (0.1448, -0.013358923089655764, 0.03732032420329295));
#839 = CARTESIAN_POINT('', (0.1448, -0.013209991501154265, 0.037606062520090314));
#840 = CARTESIAN_POINT('', (0.1448, -0.013176202355581321, 0.037666949653301446));
#841 = CARTESIAN_POINT('', (0.1448, -0.013019246324532732, 0.03794978020757263));
#842 = CARTESIAN_POINT('', (0.1448, -0.012983746220920286, 0.03800997013025176));
#843 = CARTESIAN_POINT('', (0.1448, -0.012818842513817355, 0.038289562029148294));
#844 = CARTESIAN_POINT('', (0.1448, -0.012781651835854524, 0.03834898397833801));
#845 = CARTESIAN_POINT('', (0.1448, -0.012608895138220664, 0.03862500851650971));
#846 = CARTESIAN_POINT('', (0.1448, -0.012570038119872902, 0.03868359245857353));
#847 = CARTESIAN_POINT('', (0.1448, -0.012389541002386525, 0.038955724318482904));
#848 = CARTESIAN_POINT('', (0.1448, -0.01234904569997264, 0.0390134012085754));
#849 = CARTESIAN_POINT('', (0.1448, -0.012160938488759722, 0.03928131966577931));
#850 = CARTESIAN_POINT('', (0.1448, -0.012118836732170412, 0.03933802170647147));
#851 = CARTESIAN_POINT('', (0.1448, -0.01192326728220715, 0.03960141183097702));
#852 = CARTESIAN_POINT('', (0.1448, -0.011879594605240193, 0.03965707272808679));
#853 = CARTESIAN_POINT('', (0.1448, -0.011728219926392202, 0.03985));
#854 = CARTESIAN_POINT('', (0.1448, -0.011676727976748565, 0.03991562657272565));
#855 = CARTESIAN_POINT('', (0.1448, -0.011631523526743359, 0.039970181786393194));
#856 = CARTESIAN_POINT('', (0.1448, -0.011421541565428883, 0.04022359955310688));
#857 = CARTESIAN_POINT('', (0.1448, -0.011374847992593033, 0.040276986542168006));
#858 = CARTESIAN_POINT('', (0.1448, -0.011157948815549061, 0.04052497771716163));
#859 = CARTESIAN_POINT('', (0.1448, -0.011109812142578451, 0.040577136174911765));
#860 = CARTESIAN_POINT('', (0.1448, -0.010886209532650433, 0.040819420623815605));
#861 = CARTESIAN_POINT('', (0.1448, -0.010836679005448041, 0.04087029270332109));
#862 = CARTESIAN_POINT('', (0.1448, -0.010606601717798215, 0.04110660171779821));
#863 = CARTESIAN_POINT('', (0.1448, -0.010555729638292738, 0.041156132245000594));
#864 = CARTESIAN_POINT('', (0.1448, -0.010319420623815603, 0.04138620953265043));
#865 = CARTESIAN_POINT('', (0.1448, -0.010267262166065477, 0.041434346205621045));
#866 = CARTESIAN_POINT('', (0.1448, -0.01002497771716163, 0.041657948815549066));
#867 = CARTESIAN_POINT('', (0.1448, -0.009971590728100506, 0.04170464238838492));
#868 = CARTESIAN_POINT('', (0.1448, -0.009723599553106877, 0.04192154156542889));
#869 = CARTESIAN_POINT('', (0.1448, -0.00966904433943935, 0.04196674601543409));
#870 = CARTESIAN_POINT('', (0.1448, -0.009415626572725646, 0.04217672797674858));
#871 = CARTESIAN_POINT('', (0.1448, -0.00935996567561589, 0.04222040065371553));
#872 = CARTESIAN_POINT('', (0.1448, -0.00935, 0.04222821992639221));
#873 = CARTESIAN_POINT('', (0.1448, -0.009101411830977024, 0.04242326728220715));
#874 = CARTESIAN_POINT('', (0.1448, -0.009044709790284855, 0.04246536903879646));
#875 = CARTESIAN_POINT('', (0.1448, -0.008781319665779304, 0.04266093848875972));
#876 = CARTESIAN_POINT('', (0.1448, -0.008723642775686796, 0.042701433791173624));
#877 = CARTESIAN_POINT('', (0.1448, -0.008455724318482896, 0.042889541002386525));
#878 = CARTESIAN_POINT('', (0.1448, -0.00839714037641906, 0.04292839802073429));
#879 = CARTESIAN_POINT('', (0.1448, -0.008125008516509706, 0.04310889513822067));
#880 = CARTESIAN_POINT('', (0.1448, -0.00806558656731997, 0.04314608581618352));
#881 = CARTESIAN_POINT('', (0.1448, -0.00778956202914828, 0.04331884251381736));
#882 = CARTESIAN_POINT('', (0.1448, -0.007729372106469168, 0.04335434261742979));
#883 = CARTESIAN_POINT('', (0.1448, -0.007449780207572625, 0.04351924632453275));
#884 = CARTESIAN_POINT('', (0.1448, -0.0073888930743614915, 0.0435530354701057));
#885 = CARTESIAN_POINT('', (0.1448, -0.007106062520090301, 0.04370999150115427));
#886 = CARTESIAN_POINT('', (0.1448, -0.007044549410224221, 0.04374205316256778));
#887 = CARTESIAN_POINT('', (0.1448, -0.006758811093426862, 0.04389098475106929));
#888 = CARTESIAN_POINT('', (0.1448, -0.00669674345622716, 0.043921306246857306));
#889 = CARTESIAN_POINT('', (0.1448, -0.006408429270525238, 0.04406215448535651));
#890 = CARTESIAN_POINT('', (0.1448, -0.00634587851998416, 0.0440907269461897));
#891 = CARTESIAN_POINT('', (0.1448, -0.00605532019489002, 0.04422345063522134));
#892 = CARTESIAN_POINT('', (0.1448, -0.005992357465277519, 0.04425026895256411));
#893 = CARTESIAN_POINT('', (0.1448, -0.00569988543094846, 0.044374844362156336));
#894 = CARTESIAN_POINT('', (0.1448, -0.005636581340361014, 0.04439990711902856));
#895 = CARTESIAN_POINT('', (0.1448, -0.005342523629245102, 0.0445163276670802));
#896 = CARTESIAN_POINT('', (0.1448, -0.005278948052527589, 0.044539637051991765));
#897 = CARTESIAN_POINT('', (0.1448, -0.004983629244549429, 0.044647912904484235));
#898 = CARTESIAN_POINT('', (0.1448, -0.004919851096878726, 0.04466947460972887));
#899 = CARTESIAN_POINT('', (0.1448, -0.0046235913141502785, 0.044769632208284636));
#900 = CARTESIAN_POINT('', (0.1448, -0.004559678346416989, 0.04478945531387876));
#901 = CARTESIAN_POINT('', (0.1448, -0.004262792302752762, 0.04488153683663856));
#902 = CARTESIAN_POINT('', (0.1448, -0.004198810909719105, 0.04489963368127004));
#903 = CARTESIAN_POINT('', (0.1448, -0.0039016070194981415, 0.044983696443429165));
#904 = CARTESIAN_POINT('', (0.1448, -0.003837622061547141, 0.04500008248383977));
#905 = CARTESIAN_POINT('', (0.1448, -0.0035404016117102327, 0.04507619828445674));
#906 = CARTESIAN_POINT('', (0.1448, -0.0034764762508386108, 0.04509089194472108));
#907 = CARTESIAN_POINT('', (0.1448, -0.0031795326390478317, 0.04515914636659411));
#908 = CARTESIAN_POINT('', (0.1448, -0.003115728189591343, 0.04517216887877777));
#909 = CARTESIAN_POINT('', (0.1448, -0.0028193462308257825, 0.045232660548276016));
#910 = CARTESIAN_POINT('', (0.1448, -0.0027557220252479252, 0.0452440357859567));
#911 = CARTESIAN_POINT('', (0.1448, -0.002460177328370033, 0.04529687559969921));
#912 = CARTESIAN_POINT('', (0.1448, -0.0023967905982908294, 0.04530662990581911));
#913 = CARTESIAN_POINT('', (0.1448, -0.002102349013406768, 0.045351940231021244));
#914 = CARTESIAN_POINT('', (0.1448, -0.002039254785903382, 0.045360102241506814));
#915 = CARTESIAN_POINT('', (0.1448, -0.0017461719226618444, 0.0453980160966656));
#916 = CARTESIAN_POINT('', (0.1448, -0.0016834229317348529, 0.045404616561205036));
#917 = CARTESIAN_POINT('', (0.1448, -0.001391943748074035, 0.0454352767835818));
#918 = CARTESIAN_POINT('', (0.1448, -0.001329590361047336, 0.04544034838489185));
#919 = CARTESIAN_POINT('', (0.1448, -0.0010399488213104755, 0.04546390679097725));
#920 = CARTESIAN_POINT('', (0.1448, -0.0009780389798169828, 0.04546748396382127));
#921 = CARTESIAN_POINT('', (0.1448, -0.0006904577806213846, 0.04548410050864513));
#922 = CARTESIAN_POINT('', (0.1448, -0.0006290369557233769, 0.04548621925978594));
#923 = CARTESIAN_POINT('', (0.1448, -0.00034372731748745174, 0.04549606120056906));
#924 = CARTESIAN_POINT('', (0.1448, -0.00028283847838966343, 0.04549675893075397));
#925 = CARTESIAN_POINT('', (0.1448, 0.000000000000000000918485099360515, 0.0455));
#926 = CARTESIAN_POINT('', (0.1448, 0.00004566662932333158, 0.04549947670236132));
#927 = CARTESIAN_POINT('', (0.1448, 0.00008863254400926445, 0.045498984352432444));
#928 = B_SPLINE_CURVE_WITH_KNOTS('', 2, (#799, #800, #801, #802, #803, #804, #805, #806, #807, #808, #809, #810, #811, #812, #813, #814, #815, #816, #817, #818, #819, #820, #821, #822, #823, #824, #825, #826, #827, #828, #829, #830, #831, #832, #833, #834, #835, #836, #837, #838, #839, #840, #841, #842, #843, #844, #845, #846, #847, #848, #849, #850, #851, #852, #853, #854, #855, #856, #857, #858, #859, #860, #861, #862, #863, #864, #865, #866, #867, #868, #869, #870, #871, #872, #873, #874, #875, #876, #877, #878, #879, #880, #881, #882, #883, #884, #885, #886, #887, #888, #889, #890, #891, #892, #893, #894, #895, #896, #897, #898, #899, #900, #901, #902, #903, #904, #905, #906, #907, #908, #909, #910, #911, #912, #913, #914, #915, #916, #917, #918, #919, #920, #921, #922, #923, #924, #925, #926, #927), .UNSPECIFIED., .F., .F., (3, 1, 1, 1, 1, 1, 1, 1, 1, 1, 1, 1, 1, 1, 1, 1, 1, 1, 1, 1, 1, 1, 1, 1, 1, 1, 1, 1, 1, 1, 1, 1, 1, 1, 1, 1, 1, 1, 1, 1, 1, 1, 1, 1, 1, 1, 1, 1, 1, 1, 1, 1, 1, 1, 1, 1, 1, 1, 1, 1, 1, 1, 1, 1, 1, 1, 1, 1, 1, 1, 1, 1, 1, 1, 1, 1, 1, 1, 1, 1, 1, 1, 1, 1, 1, 1, 1, 1, 1, 1, 1, 1, 1, 1, 1, 1, 1, 1, 1, 1, 1, 1, 1, 1, 1, 1, 1, 1, 1, 1, 1, 1, 1, 1, 1, 1, 1, 1, 1, 1, 1, 1, 1, 1, 1, 1, 1, 3), (0, 0.003952569169960474, 0.007905138339920948, 0.011857707509881422, 0.015810276679841896, 0.01976284584980237, 0.023715415019762844, 0.02766798418972332, 0.03162055335968379, 0.035573122529644265, 0.03952569169960474, 0.043478260869565216, 0.04743083003952569, 0.05138339920948616, 0.05533596837944664, 0.05928853754940711, 0.06324110671936758, 0.06719367588932806, 0.07114624505928853, 0.07509881422924901, 0.07905138339920947, 0.08300395256916995, 0.08695652173913043, 0.0909090909090909, 0.09486166007905138, 0.09881422924901186, 0.10276679841897232, 0.1067193675889328, 0.11067193675889328, 0.11462450592885375, 0.11857707509881422, 0.12252964426877469, 0.12648221343873517, 0.13043478260869565, 0.13438735177865613, 0.13833992094861658, 0.14229249011857706, 0.14624505928853754, 0.15019762845849802, 0.1541501976284585, 0.15810276679841895, 0.16205533596837943, 0.1660079051383399, 0.16996047430830039, 0.17391304347826086, 0.17786561264822134, 0.1818181818181818, 0.18577075098814227, 0.18972332015810275, 0.19367588932806323, 0.1976284584980237, 0.20158102766798416, 0.20553359683794464, 0.20948616600790512, 0.2134387351778656, 0.21739130434782608, 0.22134387351778656, 0.225296442687747, 0.2292490118577075, 0.23320158102766797, 0.23715415019762845, 0.24110671936758893, 0.24505928853754938, 0.24901185770750986, 0.25296442687747034, 0.2569169960474308, 0.2608695652173913, 0.26482213438735175, 0.26877470355731226, 0.2727272727272727, 0.27667984189723316, 0.28063241106719367, 0.2845849802371541, 0.2885375494071146, 0.2924901185770751, 0.2964426877470355, 0.30039525691699603, 0.3043478260869565, 0.308300395256917, 0.31225296442687744, 0.3162055335968379, 0.3201581027667984, 0.32411067193675885, 0.32806324110671936, 0.3320158102766798, 0.3359683794466403, 0.33992094861660077, 0.3438735177865612, 0.34782608695652173, 0.3517786561264822, 0.3557312252964427, 0.35968379446640314, 0.3636363636363636, 0.3675889328063241, 0.37154150197628455, 0.37549407114624506, 0.3794466403162055, 0.38339920948616596, 0.38735177865612647, 0.3913043478260869, 0.3952569169960474, 0.3992094861660079, 0.40316205533596833, 0.40711462450592883, 0.4110671936758893, 0.4150197628458498, 0.41897233201581024, 0.4229249011857707, 0.4268774703557312, 0.43083003952569165, 0.43478260869565216, 0.4387351778656126, 0.4426877470355731, 0.44664031620553357, 0.450592885375494, 0.45454545454545453, 0.458498023715415, 0.4624505928853755, 0.46640316205533594, 0.4703557312252964, 0.4743083003952569, 0.47826086956521735, 0.48221343873517786, 0.4861660079051383, 0.49011857707509876, 0.49407114624505927, 0.4980237154150197, 0.5), .UNSPECIFIED.);
#929 = CARTESIAN_POINT('', (0.1448, -0.015, 0.030500000000000003));
#930 = CARTESIAN_POINT('', (0.1448, -0.014996758930753971, 0.030217161521610338));
#931 = CARTESIAN_POINT('', (0.1448, -0.014996061200569063, 0.030156272682512548));
#932 = CARTESIAN_POINT('', (0.1448, -0.014986219259785945, 0.029870963044276624));
#933 = CARTESIAN_POINT('', (0.1448, -0.014984100508645135, 0.029809542219378617));
#934 = CARTESIAN_POINT('', (0.1448, -0.014967483963821271, 0.029521961020183018));
#935 = CARTESIAN_POINT('', (0.1448, -0.014963906790977246, 0.029460051178689526));
#936 = CARTESIAN_POINT('', (0.1448, -0.014940348384891852, 0.02917040963895266));
#937 = CARTESIAN_POINT('', (0.1448, -0.014935276783581801, 0.02910805625192596));
#938 = CARTESIAN_POINT('', (0.1448, -0.014904616561205043, 0.028816577068265146));
#939 = CARTESIAN_POINT('', (0.1448, -0.014898016096665603, 0.028753828077338155));
#940 = CARTESIAN_POINT('', (0.1448, -0.014860102241506822, 0.028460745214096618));
#941 = CARTESIAN_POINT('', (0.1448, -0.014851940231021252, 0.02839765098659323));
#942 = CARTESIAN_POINT('', (0.1448, -0.014806629905819118, 0.02810320940170917));
#943 = CARTESIAN_POINT('', (0.1448, -0.014796875599699215, 0.028039822671629962));
#944 = CARTESIAN_POINT('', (0.1448, -0.014744035785956691, 0.027744277974752075));
#945 = CARTESIAN_POINT('', (0.1448, -0.014732660548276013, 0.02768065376917422));
#946 = CARTESIAN_POINT('', (0.1448, -0.014672168878777769, 0.027384271810408655));
#947 = CARTESIAN_POINT('', (0.1448, -0.014659146366594116, 0.027320467360952165));
#948 = CARTESIAN_POINT('', (0.1448, -0.014590891944721072, 0.02702352374916138));
#949 = CARTESIAN_POINT('', (0.1448, -0.014576198284456741, 0.026959598388289773));
#950 = CARTESIAN_POINT('', (0.1448, -0.014500082483839768, 0.02666237793845286));
#951 = CARTESIAN_POINT('', (0.1448, -0.014483696443429171, 0.026598392980501866));
#952 = CARTESIAN_POINT('', (0.1448, -0.014399633681270042, 0.026301189090280924));
#953 = CARTESIAN_POINT('', (0.1448, -0.014381536836638559, 0.026237207697247238));
#954 = CARTESIAN_POINT('', (0.1448, -0.014356506834392716, 0.026156506834392707));
#955 = CARTESIAN_POINT('', (0.1448, -0.014289455313878754, 0.025940321653582996));
#956 = CARTESIAN_POINT('', (0.1448, -0.014269632208284632, 0.025876408685849728));
#957 = CARTESIAN_POINT('', (0.1448, -0.01416947460972888, 0.025580148903121283));
#958 = CARTESIAN_POINT('', (0.1448, -0.01414791290448424, 0.02551637075545058));
#959 = CARTESIAN_POINT('', (0.1448, -0.014039637051991766, 0.025221051947472418));
#960 = CARTESIAN_POINT('', (0.1448, -0.014016327667080193, 0.025157476370754904));
#961 = CARTESIAN_POINT('', (0.1448, -0.013899907119028563, 0.024863418659638988));
#962 = CARTESIAN_POINT('', (0.1448, -0.01387484436215634, 0.024800114569051547));
#963 = CARTESIAN_POINT('', (0.1448, -0.013750268952564114, 0.024507642534722485));
#964 = CARTESIAN_POINT('', (0.1448, -0.013723450635221344, 0.024444679805109986));
#965 = CARTESIAN_POINT('', (0.1448, -0.013590726946189697, 0.02415412148001586));
#966 = CARTESIAN_POINT('', (0.1448, -0.0135621544853565, 0.024091570729474772));
#967 = CARTESIAN_POINT('', (0.1448, -0.01342130624685729, 0.02380325654377284));
#968 = CARTESIAN_POINT('', (0.1448, -0.013390984751069278, 0.023741188906573136));
#969 = CARTESIAN_POINT('', (0.1448, -0.01324205316256777, 0.023455450589775773));
#970 = CARTESIAN_POINT('', (0.1448, -0.013209991501154261, 0.023393937479909695));
#971 = CARTESIAN_POINT('', (0.1448, -0.01305303547010569, 0.023111106925638523));
#972 = CARTESIAN_POINT('', (0.1448, -0.013019246324532736, 0.023050219792427374));
#973 = CARTESIAN_POINT('', (0.1448, -0.012854342617429789, 0.022770627893530827));
#974 = CARTESIAN_POINT('', (0.1448, -0.012818842513817355, 0.02271043797085172));
#975 = CARTESIAN_POINT('', (0.1448, -0.012646085816183506, 0.022434413432680027));
#976 = CARTESIAN_POINT('', (0.1448, -0.012608895138220666, 0.022374991483490293));
#977 = CARTESIAN_POINT('', (0.1448, -0.012428398020734295, 0.022102859623580936));
#978 = CARTESIAN_POINT('', (0.1448, -0.012389541002386524, 0.0220442756815171));
#979 = CARTESIAN_POINT('', (0.1448, -0.012201433791173616, 0.0217763572243132));
#980 = CARTESIAN_POINT('', (0.1448, -0.012160938488759723, 0.021718680334220693));
#981 = CARTESIAN_POINT('', (0.1448, -0.011965369038796463, 0.021455290209715143));
#982 = CARTESIAN_POINT('', (0.1448, -0.01192326728220715, 0.021398588169022976));
#983 = CARTESIAN_POINT('', (0.1448, -0.011728219926392199, 0.021149999999999995));
#984 = CARTESIAN_POINT('', (0.1448, -0.011720400653715518, 0.021140034324384112));
#985 = CARTESIAN_POINT('', (0.1448, -0.01167672797674857, 0.021084373427274358));
#986 = CARTESIAN_POINT('', (0.1448, -0.011466746015434084, 0.020830955660560653));
#987 = CARTESIAN_POINT('', (0.1448, -0.011421541565428885, 0.020776400446893124));
#988 = CARTESIAN_POINT('', (0.1448, -0.011204642388384915, 0.02052840927189949));
#989 = CARTESIAN_POINT('', (0.1448, -0.011157948815549063, 0.020475022282838366));
#990 = CARTESIAN_POINT('', (0.1448, -0.010934346205621042, 0.020232737833934523));
#991 = CARTESIAN_POINT('', (0.1448, -0.010886209532650433, 0.020180579376184393));
#992 = CARTESIAN_POINT('', (0.1448, -0.010656132245000591, 0.01994427036170727));
#993 = CARTESIAN_POINT('', (0.1448, -0.010606601717798213, 0.01989339828220179));
#994 = CARTESIAN_POINT('', (0.1448, -0.010370292703321094, 0.019663320994551956));
#995 = CARTESIAN_POINT('', (0.1448, -0.010319420623815604, 0.019613790467349568));
#996 = CARTESIAN_POINT('', (0.1448, -0.01007713617491176, 0.01939018785742155));
#997 = CARTESIAN_POINT('', (0.1448, -0.010024977717161631, 0.019342051184450936));
#998 = CARTESIAN_POINT('', (0.1448, -0.009776986542168003, 0.019125152007406967));
#999 = CARTESIAN_POINT('', (0.1448, -0.009723599553106877, 0.019078458434571115));
#1000 = CARTESIAN_POINT('', (0.1448, -0.00947018178639319, 0.018868476473256637));
#1001 = CARTESIAN_POINT('', (0.1448, -0.009415626572725646, 0.01882327202325143));
#1002 = CARTESIAN_POINT('', (0.1448, -0.00935, 0.018771780073607795));
#1003 = CARTESIAN_POINT('', (0.1448, -0.009157072728086791, 0.018620405394759808));
#1004 = CARTESIAN_POINT('', (0.1448, -0.009101411830977025, 0.01857673271779285));
#1005 = CARTESIAN_POINT('', (0.1448, -0.00883802170647147, 0.018381163267829587));
#1006 = CARTESIAN_POINT('', (0.1448, -0.008781319665779306, 0.018339061511240276));
#1007 = CARTESIAN_POINT('', (0.1448, -0.008513401208575399, 0.01815095430002736));
#1008 = CARTESIAN_POINT('', (0.1448, -0.0084557243184829, 0.018110458997613474));
#1009 = CARTESIAN_POINT('', (0.1448, -0.00818359245857353, 0.017929961880127094));
#1010 = CARTESIAN_POINT('', (0.1448, -0.00812500851650971, 0.017891104861779337));
#1011 = CARTESIAN_POINT('', (0.1448, -0.007848983978338008, 0.017718348164145477));
#1012 = CARTESIAN_POINT('', (0.1448, -0.007789562029148289, 0.01768115748618265));
#1013 = CARTESIAN_POINT('', (0.1448, -0.007509970130251758, 0.017516253779079713));
#1014 = CARTESIAN_POINT('', (0.1448, -0.0074497802075726306, 0.017480753675467267));
#1015 = CARTESIAN_POINT('', (0.1448, -0.0071669496533014465, 0.017323797644418687));
#1016 = CARTESIAN_POINT('', (0.1448, -0.007106062520090297, 0.017290008498845735));
#1017 = CARTESIAN_POINT('', (0.1448, -0.00682032420329295, 0.017141076910344232));
#1018 = CARTESIAN_POINT('', (0.1448, -0.006758811093426858, 0.017109015248930718));
#1019 = CARTESIAN_POINT('', (0.1448, -0.006470496907724939, 0.01696816701043152));
#1020 = CARTESIAN_POINT('', (0.1448, -0.006408429270525238, 0.016937845514643505));
#1021 = CARTESIAN_POINT('', (0.1448, -0.006117870945431112, 0.016805121825611856));
#1022 = CARTESIAN_POINT('', (0.1448, -0.006055320194890019, 0.016776549364778657));
#1023 = CARTESIAN_POINT('', (0.1448, -0.005762848160560962, 0.016651973955186434));
#1024 = CARTESIAN_POINT('', (0.1448, -0.00569988543094846, 0.016625155637843666));
#1025 = CARTESIAN_POINT('', (0.1448, -0.0054058277198325505, 0.016508735089792028));
#1026 = CARTESIAN_POINT('', (0.1448, -0.005342523629245101, 0.016483672332919804));
#1027 = CARTESIAN_POINT('', (0.1448, -0.0050472048212669585, 0.016375396480427334));
#1028 = CARTESIAN_POINT('', (0.1448, -0.004983629244549427, 0.016352087095515756));
#1029 = CARTESIAN_POINT('', (0.1448, -0.004687369461820977, 0.01625192949696001));
#1030 = CARTESIAN_POINT('', (0.1448, -0.004623591314150276, 0.01623036779171537));
#1031 = CARTESIAN_POINT('', (0.1448, -0.004343493165607288, 0.016143493165607283));
#1032 = CARTESIAN_POINT('', (0.1448, -0.004326705270486042, 0.016138286268955568));
#1033 = CARTESIAN_POINT('', (0.1448, -0.004262792302752759, 0.01611846316336144));
#1034 = CARTESIAN_POINT('', (0.1448, -0.003965588412531815, 0.016034400401202308));
#1035 = CARTESIAN_POINT('', (0.1448, -0.0039016070194981393, 0.01601630355657083));
#1036 = CARTESIAN_POINT('', (0.1448, -0.003604386569661214, 0.015940187755953853));
#1037 = CARTESIAN_POINT('', (0.1448, -0.003540401611710231, 0.01592380171554326));
#1038 = CARTESIAN_POINT('', (0.1448, -0.0032434579999194566, 0.015855547293670218));
#1039 = CARTESIAN_POINT('', (0.1448, -0.0031795326390478356, 0.015840853633405882));
#1040 = CARTESIAN_POINT('', (0.1448, -0.0028831506802822595, 0.015780361963907634));
#1041 = CARTESIAN_POINT('', (0.1448, -0.0028193462308257855, 0.015767339451723986));
#1042 = CARTESIAN_POINT('', (0.1448, -0.0025238015339478946, 0.015714499637981463));
#1043 = CARTESIAN_POINT('', (0.1448, -0.0024601773283700378, 0.015703124400300784));
#1044 = CARTESIAN_POINT('', (0.1448, -0.0021657357434859753, 0.015657814075098652));
#1045 = CARTESIAN_POINT('', (0.1448, -0.0021023490134067717, 0.015648059768978748));
#1046 = CARTESIAN_POINT('', (0.1448, -0.0018092661501652458, 0.015610145913819968));
#1047 = CARTESIAN_POINT('', (0.1448, -0.0017461719226618479, 0.015601983903334397));
#1048 = CARTESIAN_POINT('', (0.1448, -0.0014546927390010364, 0.01557132368095764));
#1049 = CARTESIAN_POINT('', (0.1448, -0.0013919437480740386, 0.015564723216418198));
#1050 = CARTESIAN_POINT('', (0.1448, -0.0011023022083371634, 0.015541164810332806));
#1051 = CARTESIAN_POINT('', (0.1448, -0.001039948821310479, 0.015536093209022757));
#1052 = CARTESIAN_POINT('', (0.1448, -0.0007523676221148811, 0.015519476664198891));
#1053 = CARTESIAN_POINT('', (0.1448, -0.0006904577806213883, 0.015515899491354866));
#1054 = CARTESIAN_POINT('', (0.1448, -0.00040514814238547736, 0.015506057550571746));
#1055 = CARTESIAN_POINT('', (0.1448, -0.0003437273174874553, 0.015503938799430935));
#1056 = CARTESIAN_POINT('', (0.1448, -0.000131598458695196, 0.015501507997496417));
#1057 = CARTESIAN_POINT('', (0.1448, -0.00008863254400926391, 0.015501015647567548));
#1058 = B_SPLINE_CURVE_WITH_KNOTS('', 2, (#929, #930, #931, #932, #933, #934, #935, #936, #937, #938, #939, #940, #941, #942, #943, #944, #945, #946, #947, #948, #949, #950, #951, #952, #953, #954, #955, #956, #957, #958, #959, #960, #961, #962, #963, #964, #965, #966, #967, #968, #969, #970, #971, #972, #973, #974, #975, #976, #977, #978, #979, #980, #981, #982, #983, #984, #985, #986, #987, #988, #989, #990, #991, #992, #993, #994, #995, #996, #997, #998, #999, #1000, #1001, #1002, #1003, #1004, #1005, #1006, #1007, #1008, #1009, #1010, #1011, #1012, #1013, #1014, #1015, #1016, #1017, #1018, #1019, #1020, #1021, #1022, #1023, #1024, #1025, #1026, #1027, #1028, #1029, #1030, #1031, #1032, #1033, #1034, #1035, #1036, #1037, #1038, #1039, #1040, #1041, #1042, #1043, #1044, #1045, #1046, #1047, #1048, #1049, #1050, #1051, #1052, #1053, #1054, #1055, #1056, #1057), .UNSPECIFIED., .F., .F., (3, 1, 1, 1, 1, 1, 1, 1, 1, 1, 1, 1, 1, 1, 1, 1, 1, 1, 1, 1, 1, 1, 1, 1, 1, 1, 1, 1, 1, 1, 1, 1, 1, 1, 1, 1, 1, 1, 1, 1, 1, 1, 1, 1, 1, 1, 1, 1, 1, 1, 1, 1, 1, 1, 1, 1, 1, 1, 1, 1, 1, 1, 1, 1, 1, 1, 1, 1, 1, 1, 1, 1, 1, 1, 1, 1, 1, 1, 1, 1, 1, 1, 1, 1, 1, 1, 1, 1, 1, 1, 1, 1, 1, 1, 1, 1, 1, 1, 1, 1, 1, 1, 1, 1, 1, 1, 1, 1, 1, 1, 1, 1, 1, 1, 1, 1, 1, 1, 1, 1, 1, 1, 1, 1, 1, 1, 1, 3), (0, 0.003952569169960474, 0.007905138339920948, 0.011857707509881422, 0.015810276679841896, 0.01976284584980237, 0.023715415019762844, 0.02766798418972332, 0.03162055335968379, 0.035573122529644265, 0.03952569169960474, 0.043478260869565216, 0.04743083003952569, 0.05138339920948616, 0.05533596837944664, 0.05928853754940711, 0.06324110671936758, 0.06719367588932806, 0.07114624505928853, 0.07509881422924901, 0.07905138339920947, 0.08300395256916995, 0.08695652173913043, 0.0909090909090909, 0.09486166007905138, 0.09881422924901186, 0.10276679841897232, 0.1067193675889328, 0.11067193675889328, 0.11462450592885375, 0.11857707509881422, 0.12252964426877469, 0.12648221343873517, 0.13043478260869565, 0.13438735177865613, 0.13833992094861658, 0.14229249011857706, 0.14624505928853754, 0.15019762845849802, 0.1541501976284585, 0.15810276679841895, 0.16205533596837943, 0.1660079051383399, 0.16996047430830039, 0.17391304347826086, 0.17786561264822134, 0.1818181818181818, 0.18577075098814227, 0.18972332015810275, 0.19367588932806323, 0.1976284584980237, 0.20158102766798416, 0.20553359683794464, 0.20948616600790512, 0.2134387351778656, 0.21739130434782608, 0.22134387351778656, 0.225296442687747, 0.2292490118577075, 0.23320158102766797, 0.23715415019762845, 0.24110671936758893, 0.24505928853754938, 0.24901185770750986, 0.25296442687747034, 0.2569169960474308, 0.2608695652173913, 0.26482213438735175, 0.26877470355731226, 0.2727272727272727, 0.27667984189723316, 0.28063241106719367, 0.2845849802371541, 0.2885375494071146, 0.2924901185770751, 0.2964426877470355, 0.30039525691699603, 0.3043478260869565, 0.308300395256917, 0.31225296442687744, 0.3162055335968379, 0.3201581027667984, 0.32411067193675885, 0.32806324110671936, 0.3320158102766798, 0.3359683794466403, 0.33992094861660077, 0.3438735177865612, 0.34782608695652173, 0.3517786561264822, 0.3557312252964427, 0.35968379446640314, 0.3636363636363636, 0.3675889328063241, 0.37154150197628455, 0.37549407114624506, 0.3794466403162055, 0.38339920948616596, 0.38735177865612647, 0.3913043478260869, 0.3952569169960474, 0.3992094861660079, 0.40316205533596833, 0.40711462450592883, 0.4110671936758893, 0.4150197628458498, 0.41897233201581024, 0.4229249011857707, 0.4268774703557312, 0.43083003952569165, 0.43478260869565216, 0.4387351778656126, 0.4426877470355731, 0.44664031620553357, 0.450592885375494, 0.45454545454545453, 0.458498023715415, 0.4624505928853755, 0.46640316205533594, 0.4703557312252964, 0.4743083003952569, 0.47826086956521735, 0.48221343873517786, 0.4861660079051383, 0.49011857707509876, 0.49407114624505927, 0.4980237154150197, 0.5), .UNSPECIFIED.);
#1059 = CARTESIAN_POINT('', (0.1448, -0.00008863254400926391, 0.015501015647567548));
#1060 = CARTESIAN_POINT('', (0.1448, -0.00004566662932333302, 0.015500523297638683));
#1061 = CARTESIAN_POINT('', (0.1448, -0.0000000000000000027554552980815444, 0.0155));
#1062 = CARTESIAN_POINT('', (0.1448, 0.0002828384783896616, 0.015503241069246027));
#1063 = CARTESIAN_POINT('', (0.1448, 0.00034372731748744985, 0.015503938799430935));
#1064 = CARTESIAN_POINT('', (0.1448, 0.0006290369557233751, 0.015513780740214055));
#1065 = CARTESIAN_POINT('', (0.1448, 0.0006904577806213829, 0.015515899491354863));
#1066 = CARTESIAN_POINT('', (0.1448, 0.0009780389798169807, 0.015532516036178728));
#1067 = CARTESIAN_POINT('', (0.1448, 0.0010399488213104736, 0.015536093209022757));
#1068 = CARTESIAN_POINT('', (0.1448, 0.0013295903610473342, 0.015559651615108146));
#1069 = CARTESIAN_POINT('', (0.1448, 0.0013919437480740331, 0.015564723216418198));
#1070 = CARTESIAN_POINT('', (0.1448, 0.0016834229317348511, 0.015595383438794954));
#1071 = CARTESIAN_POINT('', (0.1448, 0.0017461719226618427, 0.015601983903334397));
#1072 = CARTESIAN_POINT('', (0.1448, 0.00203925478590338, 0.015639897758493178));
#1073 = CARTESIAN_POINT('', (0.1448, 0.002102349013406766, 0.015648059768978748));
#1074 = CARTESIAN_POINT('', (0.1448, 0.0023967905982908277, 0.015693370094180877));
#1075 = CARTESIAN_POINT('', (0.1448, 0.0024601773283700313, 0.015703124400300777));
#1076 = CARTESIAN_POINT('', (0.1448, 0.002755722025247923, 0.015755964214043308));
#1077 = CARTESIAN_POINT('', (0.1448, 0.0028193462308257803, 0.015767339451723986));
#1078 = CARTESIAN_POINT('', (0.1448, 0.0031157281895913412, 0.01582783112122223));
#1079 = CARTESIAN_POINT('', (0.1448, 0.00317953263904783, 0.015840853633405882));
#1080 = CARTESIAN_POINT('', (0.1448, 0.00347647625083862, 0.01590910805527893));
#1081 = CARTESIAN_POINT('', (0.1448, 0.003540401611710226, 0.01592380171554326));
#1082 = CARTESIAN_POINT('', (0.1448, 0.0038376220615471373, 0.01599991751616023));
#1083 = CARTESIAN_POINT('', (0.1448, 0.0039016070194981345, 0.01601630355657083));
#1084 = CARTESIAN_POINT('', (0.1448, 0.00419881090971907, 0.016100366318729957));
#1085 = CARTESIAN_POINT('', (0.1448, 0.004262792302752754, 0.01611846316336144));
#1086 = CARTESIAN_POINT('', (0.1448, 0.004559678346417005, 0.01621054468612125));
#1087 = CARTESIAN_POINT('', (0.1448, 0.0046235913141502724, 0.01623036779171537));
#1088 = CARTESIAN_POINT('', (0.1448, 0.004919851096878719, 0.016330525390271116));
#1089 = CARTESIAN_POINT('', (0.1448, 0.004983629244549422, 0.016352087095515756));
#1090 = CARTESIAN_POINT('', (0.1448, 0.005278948052527583, 0.01646036294800823));
#1091 = CARTESIAN_POINT('', (0.1448, 0.005342523629245096, 0.0164836723329198));
#1092 = CARTESIAN_POINT('', (0.1448, 0.005636581340361012, 0.016600092880971442));
#1093 = CARTESIAN_POINT('', (0.1448, 0.005699885430948454, 0.016625155637843666));
#1094 = CARTESIAN_POINT('', (0.1448, 0.005992357465277512, 0.016749731047435885));
#1095 = CARTESIAN_POINT('', (0.1448, 0.006055320194890013, 0.016776549364778657));
#1096 = CARTESIAN_POINT('', (0.1448, 0.006345878519984143, 0.016909273053810306));
#1097 = CARTESIAN_POINT('', (0.1448, 0.006408429270525232, 0.0169378455146435));
#1098 = CARTESIAN_POINT('', (0.1448, 0.0066967434562271375, 0.017078693753142693));
#1099 = CARTESIAN_POINT('', (0.1448, 0.006758811093426855, 0.017109015248930718));
#1100 = CARTESIAN_POINT('', (0.1448, 0.007044549410224205, 0.017257946837432217));
#1101 = CARTESIAN_POINT('', (0.1448, 0.0071060625200902935, 0.017290008498845735));
#1102 = CARTESIAN_POINT('', (0.1448, 0.0073888930743614654, 0.017446964529894308));
#1103 = CARTESIAN_POINT('', (0.1448, 0.0074497802075726175, 0.017480753675467264));
#1104 = CARTESIAN_POINT('', (0.1448, 0.007729372106469165, 0.017645657382570203));
#1105 = CARTESIAN_POINT('', (0.1448, 0.007789562029148274, 0.01768115748618264));
#1106 = CARTESIAN_POINT('', (0.1448, 0.008065586567319965, 0.017853914183816495));
#1107 = CARTESIAN_POINT('', (0.1448, 0.008125008516509697, 0.017891104861779333));
#1108 = CARTESIAN_POINT('', (0.1448, 0.008397140376419063, 0.018071601979265703));
#1109 = CARTESIAN_POINT('', (0.1448, 0.008455724318482882, 0.018110458997613463));
#1110 = CARTESIAN_POINT('', (0.1448, 0.008723642775686798, 0.01829856620882639));
#1111 = CARTESIAN_POINT('', (0.1448, 0.0087813196657793, 0.018339061511240276));
#1112 = CARTESIAN_POINT('', (0.1448, 0.009044709790284851, 0.018534630961203537));
#1113 = CARTESIAN_POINT('', (0.1448, 0.00910141183097702, 0.01857673271779285));
#1114 = CARTESIAN_POINT('', (0.1448, 0.00935, 0.0187717800736078));
#1115 = CARTESIAN_POINT('', (0.1448, 0.00935996567561589, 0.018779599346284485));
#1116 = CARTESIAN_POINT('', (0.1448, 0.009415626572725646, 0.018823272023251434));
#1117 = CARTESIAN_POINT('', (0.1448, 0.009669044339439343, 0.01903325398456592));
#1118 = CARTESIAN_POINT('', (0.1448, 0.009723599553106872, 0.019078458434571115));
#1119 = CARTESIAN_POINT('', (0.1448, 0.009971590728100502, 0.019295357611615084));
#1120 = CARTESIAN_POINT('', (0.1448, 0.010024977717161628, 0.019342051184450936));
#1121 = CARTESIAN_POINT('', (0.1448, 0.010267262166065475, 0.019565653794378957));
#1122 = CARTESIAN_POINT('', (0.1448, 0.010319420623815601, 0.019613790467349568));
#1123 = CARTESIAN_POINT('', (0.1448, 0.010555729638292734, 0.01984386775499941));
#1124 = CARTESIAN_POINT('', (0.1448, 0.010606601717798208, 0.019893398282201786));
#1125 = CARTESIAN_POINT('', (0.1448, 0.010836679005448036, 0.020129707296678904));
#1126 = CARTESIAN_POINT('', (0.1448, 0.010886209532650428, 0.020180579376184393));
#1127 = CARTESIAN_POINT('', (0.1448, 0.011109812142578451, 0.020422863825088237));
#1128 = CARTESIAN_POINT('', (0.1448, 0.011157948815549061, 0.020475022282838366));
#1129 = CARTESIAN_POINT('', (0.1448, 0.011374847992593033, 0.020723013457832));
#1130 = CARTESIAN_POINT('', (0.1448, 0.011421541565428883, 0.020776400446893124));
#1131 = CARTESIAN_POINT('', (0.1448, 0.011631523526743357, 0.021029818213606808));
#1132 = CARTESIAN_POINT('', (0.1448, 0.011676727976748564, 0.02108437342727435));
#1133 = CARTESIAN_POINT('', (0.1448, 0.011728219926392195, 0.021149999999999995));
#1134 = CARTESIAN_POINT('', (0.1448, 0.01187959460524019, 0.021342927271913212));
#1135 = CARTESIAN_POINT('', (0.1448, 0.011923267282207146, 0.021398588169022976));
#1136 = CARTESIAN_POINT('', (0.1448, 0.01211883673217041, 0.021661978293528526));
#1137 = CARTESIAN_POINT('', (0.1448, 0.01216093848875972, 0.021718680334220693));
#1138 = CARTESIAN_POINT('', (0.1448, 0.012349045699972638, 0.021986598791424602));
#1139 = CARTESIAN_POINT('', (0.1448, 0.012389541002386525, 0.022044275681517102));
#1140 = CARTESIAN_POINT('', (0.1448, 0.0125700381198729, 0.022316407541426473));
#1141 = CARTESIAN_POINT('', (0.1448, 0.012608895138220663, 0.022374991483490293));
#1142 = CARTESIAN_POINT('', (0.1448, 0.012781651835854526, 0.022651016021662));
#1143 = CARTESIAN_POINT('', (0.1448, 0.012818842513817359, 0.022710437970851725));
#1144 = CARTESIAN_POINT('', (0.1448, 0.0129837462209203, 0.022990029869748265));
#1145 = CARTESIAN_POINT('', (0.1448, 0.013019246324532737, 0.023050219792427377));
#1146 = CARTESIAN_POINT('', (0.1448, 0.013176202355581309, 0.023333050346698553));
#1147 = CARTESIAN_POINT('', (0.1448, 0.013209991501154263, 0.023393937479909706));
#1148 = CARTESIAN_POINT('', (0.1448, 0.013358923089655764, 0.02367967579670705));
#1149 = CARTESIAN_POINT('', (0.1448, 0.01339098475106928, 0.02374118890657314));
#1150 = CARTESIAN_POINT('', (0.1448, 0.013531832989568485, 0.024029503092275067));
#1151 = CARTESIAN_POINT('', (0.1448, 0.0135621544853565, 0.02409157072947477));
#1152 = CARTESIAN_POINT('', (0.1448, 0.013694878174388142, 0.02438212905456889));
#1153 = CARTESIAN_POINT('', (0.1448, 0.013723450635221342, 0.024444679805109983));
#1154 = CARTESIAN_POINT('', (0.1448, 0.013848026044813567, 0.02473715183943904));
#1155 = CARTESIAN_POINT('', (0.1448, 0.013874844362156337, 0.024800114569051544));
#1156 = CARTESIAN_POINT('', (0.1448, 0.01399126491020797, 0.025094172280167453));
#1157 = CARTESIAN_POINT('', (0.1448, 0.014016327667080192, 0.0251574763707549));
#1158 = CARTESIAN_POINT('', (0.1448, 0.014124603519572662, 0.025452795178733046));
#1159 = CARTESIAN_POINT('', (0.1448, 0.01414791290448424, 0.025516370755450577));
#1160 = CARTESIAN_POINT('', (0.1448, 0.014248070503039991, 0.025812630538179025));
#1161 = CARTESIAN_POINT('', (0.1448, 0.01426963220828463, 0.025876408685849724));
#1162 = CARTESIAN_POINT('', (0.1448, 0.014361713731044431, 0.02617329472951396));
#1163 = CARTESIAN_POINT('', (0.1448, 0.014381536836638557, 0.026237207697247238));
#1164 = CARTESIAN_POINT('', (0.1448, 0.014465599598797691, 0.02653441158746819));
#1165 = CARTESIAN_POINT('', (0.1448, 0.014483696443429171, 0.026598392980501862));
#1166 = CARTESIAN_POINT('', (0.1448, 0.014559812244046146, 0.026895613430338788));
#1167 = CARTESIAN_POINT('', (0.1448, 0.014576198284456738, 0.02695959838828977));
#1168 = CARTESIAN_POINT('', (0.1448, 0.01464445270632978, 0.027256542000080545));
#1169 = CARTESIAN_POINT('', (0.1448, 0.014659146366594112, 0.027320467360952165));
#1170 = CARTESIAN_POINT('', (0.1448, 0.014719638036092358, 0.02761684931971774));
#1171 = CARTESIAN_POINT('', (0.1448, 0.01473266054827601, 0.027680653769174213));
#1172 = CARTESIAN_POINT('', (0.1448, 0.014785500362018535, 0.027976198466052107));
#1173 = CARTESIAN_POINT('', (0.1448, 0.014796875599699217, 0.028039822671629966));
#1174 = CARTESIAN_POINT('', (0.1448, 0.014842185924901347, 0.028334264256514027));
#1175 = CARTESIAN_POINT('', (0.1448, 0.01485194023102125, 0.028397650986593227));
#1176 = CARTESIAN_POINT('', (0.1448, 0.01488985408618003, 0.028690733849834754));
#1177 = CARTESIAN_POINT('', (0.1448, 0.014898016096665603, 0.028753828077338152));
#1178 = CARTESIAN_POINT('', (0.1448, 0.014928676319042359, 0.029045307260998965));
#1179 = CARTESIAN_POINT('', (0.1448, 0.014935276783581801, 0.029108056251925963));
#1180 = CARTESIAN_POINT('', (0.1448, 0.014958835189667197, 0.029397697791662836));
#1181 = CARTESIAN_POINT('', (0.1448, 0.014963906790977246, 0.029460051178689522));
#1182 = CARTESIAN_POINT('', (0.1448, 0.01498052333580111, 0.029747632377885122));
#1183 = CARTESIAN_POINT('', (0.1448, 0.014984100508645135, 0.029809542219378614));
#1184 = CARTESIAN_POINT('', (0.1448, 0.014993942449428251, 0.030094851857614523));
#1185 = CARTESIAN_POINT('', (0.1448, 0.014996061200569063, 0.030156272682512544));
#1186 = CARTESIAN_POINT('', (0.1448, 0.014999302269815091, 0.030439111160902227));
#1187 = CARTESIAN_POINT('', (0.1448, 0.015, 0.0305));
#1188 = B_SPLINE_CURVE_WITH_KNOTS('', 2, (#1059, #1060, #1061, #1062, #1063, #1064, #1065, #1066, #1067, #1068, #1069, #1070, #1071, #1072, #1073, #1074, #1075, #1076, #1077, #1078, #1079, #1080, #1081, #1082, #1083, #1084, #1085, #1086, #1087, #1088, #1089, #1090, #1091, #1092, #1093, #1094, #1095, #1096, #1097, #1098, #1099, #1100, #1101, #1102, #1103, #1104, #1105, #1106, #1107, #1108, #1109, #1110, #1111, #1112, #1113, #1114, #1115, #1116, #1117, #1118, #1119, #1120, #1121, #1122, #1123, #1124, #1125, #1126, #1127, #1128, #1129, #1130, #1131, #1132, #1133, #1134, #1135, #1136, #1137, #1138, #1139, #1140, #1141, #1142, #1143, #1144, #1145, #1146, #1147, #1148, #1149, #1150, #1151, #1152, #1153, #1154, #1155, #1156, #1157, #1158, #1159, #1160, #1161, #1162, #1163, #1164, #1165, #1166, #1167, #1168, #1169, #1170, #1171, #1172, #1173, #1174, #1175, #1176, #1177, #1178, #1179, #1180, #1181, #1182, #1183, #1184, #1185, #1186, #1187), .UNSPECIFIED., .F., .F., (3, 1, 1, 1, 1, 1, 1, 1, 1, 1, 1, 1, 1, 1, 1, 1, 1, 1, 1, 1, 1, 1, 1, 1, 1, 1, 1, 1, 1, 1, 1, 1, 1, 1, 1, 1, 1, 1, 1, 1, 1, 1, 1, 1, 1, 1, 1, 1, 1, 1, 1, 1, 1, 1, 1, 1, 1, 1, 1, 1, 1, 1, 1, 1, 1, 1, 1, 1, 1, 1, 1, 1, 1, 1, 1, 1, 1, 1, 1, 1, 1, 1, 1, 1, 1, 1, 1, 1, 1, 1, 1, 1, 1, 1, 1, 1, 1, 1, 1, 1, 1, 1, 1, 1, 1, 1, 1, 1, 1, 1, 1, 1, 1, 1, 1, 1, 1, 1, 1, 1, 1, 1, 1, 1, 1, 1, 1, 3), (0.5, 0.5019762845849802, 0.5059288537549407, 0.5098814229249012, 0.5138339920948617, 0.5177865612648221, 0.5217391304347827, 0.5256916996047432, 0.5296442687747036, 0.5335968379446641, 0.5375494071146245, 0.541501976284585, 0.5454545454545454, 0.549407114624506, 0.5533596837944664, 0.5573122529644269, 0.5612648221343874, 0.5652173913043479, 0.5691699604743083, 0.5731225296442688, 0.5770750988142292, 0.5810276679841897, 0.5849802371541502, 0.5889328063241107, 0.5928853754940712, 0.5968379446640317, 0.6007905138339922, 0.6047430830039526, 0.6086956521739131, 0.6126482213438735, 0.616600790513834, 0.6205533596837944, 0.6245059288537549, 0.6284584980237155, 0.6324110671936759, 0.6363636363636365, 0.6403162055335969, 0.6442687747035574, 0.6482213438735178, 0.6521739130434783, 0.6561264822134387, 0.6600790513833992, 0.6640316205533596, 0.6679841897233202, 0.6719367588932806, 0.6758893280632412, 0.6798418972332017, 0.6837944664031621, 0.6877470355731226, 0.691699604743083, 0.6956521739130435, 0.6996047430830039, 0.7035573122529645, 0.7075098814229249, 0.7114624505928854, 0.7154150197628459, 0.7193675889328064, 0.7233201581027668, 0.7272727272727273, 0.7312252964426877, 0.7351778656126482, 0.7391304347826086, 0.7430830039525692, 0.7470355731225297, 0.7509881422924901, 0.7549407114624507, 0.7588932806324111, 0.7628458498023716, 0.766798418972332, 0.7707509881422925, 0.7747035573122529, 0.7786561264822134, 0.782608695652174, 0.7865612648221344, 0.7905138339920948, 0.7944664031620554, 0.7984189723320159, 0.8023715415019763, 0.8063241106719368, 0.8102766798418972, 0.8142292490118577, 0.8181818181818182, 0.8221343873517787, 0.8260869565217391, 0.8300395256916996, 0.8339920948616601, 0.8379446640316206, 0.841897233201581, 0.8458498023715415, 0.849802371541502, 0.8537549407114624, 0.857707509881423, 0.8616600790513834, 0.8656126482213439, 0.8695652173913043, 0.8735177865612649, 0.8774703557312253, 0.8814229249011858, 0.8853754940711462, 0.8893280632411067, 0.8932806324110671, 0.8972332015810277, 0.9011857707509882, 0.9051383399209486, 0.9090909090909091, 0.9130434782608696, 0.9169960474308301, 0.9209486166007905, 0.924901185770751, 0.9288537549407114, 0.9328063241106719, 0.9367588932806324, 0.9407114624505929, 0.9446640316205533, 0.9486166007905138, 0.9525691699604744, 0.9565217391304348, 0.9604743083003953, 0.9644268774703557, 0.9683794466403162, 0.9723320158102767, 0.9762845849802372, 0.9802371541501976, 0.9841897233201581, 0.9881422924901185, 0.9920948616600791, 0.9960474308300395, 1), .UNSPECIFIED.);
#1189 = CARTESIAN_POINT('', (0.1448, 0.00008863254400926444, 0.04549898435243245));
#1190 = CARTESIAN_POINT('', (0.1448, 0.0001315984586951961, 0.04549849200250358));
#1191 = CARTESIAN_POINT('', (0.1448, 0.00034372731748745353, 0.04549606120056906));
#1192 = CARTESIAN_POINT('', (0.1448, 0.0004051481423854756, 0.04549394244942825));
#1193 = CARTESIAN_POINT('', (0.1448, 0.0006904577806213867, 0.045484100508645126));
#1194 = CARTESIAN_POINT('', (0.1448, 0.0007523676221148793, 0.045480523335801104));
#1195 = CARTESIAN_POINT('', (0.1448, 0.0010399488213104775, 0.04546390679097724));
#1196 = CARTESIAN_POINT('', (0.1448, 0.0011023022083371619, 0.04545883518966719));
#1197 = CARTESIAN_POINT('', (0.1448, 0.001391943748074037, 0.0454352767835818));
#1198 = CARTESIAN_POINT('', (0.1448, 0.001454692739001035, 0.045428676319042356));
#1199 = CARTESIAN_POINT('', (0.1448, 0.0017461719226618462, 0.0453980160966656));
#1200 = CARTESIAN_POINT('', (0.1448, 0.0018092661501652445, 0.04538985408618003));
#1201 = CARTESIAN_POINT('', (0.1448, 0.0021023490134067725, 0.04535194023102125));
#1202 = CARTESIAN_POINT('', (0.1448, 0.0021657357434859614, 0.04534218592490135));
#1203 = CARTESIAN_POINT('', (0.1448, 0.002460177328370038, 0.04529687559969922));
#1204 = CARTESIAN_POINT('', (0.1448, 0.002523801533947907, 0.04528550036201854));
#1205 = CARTESIAN_POINT('', (0.1448, 0.0028193462308257864, 0.045232660548276016));
#1206 = CARTESIAN_POINT('', (0.1448, 0.0028831506802822603, 0.045219638036092365));
#1207 = CARTESIAN_POINT('', (0.1448, 0.003179532639047837, 0.04515914636659411));
#1208 = CARTESIAN_POINT('', (0.1448, 0.0032434579999194575, 0.04514445270632978));
#1209 = CARTESIAN_POINT('', (0.1448, 0.0035404016117102314, 0.04507619828445674));
#1210 = CARTESIAN_POINT('', (0.1448, 0.0036043865696612147, 0.04505981224404615));
#1211 = CARTESIAN_POINT('', (0.1448, 0.0039016070194981428, 0.04498369644342917));
#1212 = CARTESIAN_POINT('', (0.1448, 0.0039655884125318185, 0.044965599598797694));
#1213 = CARTESIAN_POINT('', (0.1448, 0.004262792302752763, 0.04488153683663856));
#1214 = CARTESIAN_POINT('', (0.1448, 0.00432670527048603, 0.04486171373104444));
#1215 = CARTESIAN_POINT('', (0.1448, 0.004343493165607269, 0.044856506834392726));
#1216 = CARTESIAN_POINT('', (0.1448, 0.004623591314150281, 0.044769632208284636));
#1217 = CARTESIAN_POINT('', (0.1448, 0.004687369461820996, 0.04474807050303999));
#1218 = CARTESIAN_POINT('', (0.1448, 0.004983629244549431, 0.044647912904484235));
#1219 = CARTESIAN_POINT('', (0.1448, 0.005047204821266959, 0.04462460351957266));
#1220 = CARTESIAN_POINT('', (0.1448, 0.005342523629245107, 0.0445163276670802));
#1221 = CARTESIAN_POINT('', (0.1448, 0.005405827719832544, 0.044491264910207974));
#1222 = CARTESIAN_POINT('', (0.1448, 0.005699885430948463, 0.044374844362156336));
#1223 = CARTESIAN_POINT('', (0.1448, 0.005762848160560965, 0.044348026044813575));
#1224 = CARTESIAN_POINT('', (0.1448, 0.006055320194890025, 0.04422345063522134));
#1225 = CARTESIAN_POINT('', (0.1448, 0.006117870945431119, 0.044194878174388136));
#1226 = CARTESIAN_POINT('', (0.1448, 0.0064084292705252404, 0.04406215448535651));
#1227 = CARTESIAN_POINT('', (0.1448, 0.006470496907724941, 0.04403183298956849));
#1228 = CARTESIAN_POINT('', (0.1448, 0.006758811093426861, 0.043890984751069284));
#1229 = CARTESIAN_POINT('', (0.1448, 0.006820324203292949, 0.04385892308965577));
#1230 = CARTESIAN_POINT('', (0.1448, 0.007106062520090302, 0.04370999150115427));
#1231 = CARTESIAN_POINT('', (0.1448, 0.007166949653301436, 0.043676202355581326));
#1232 = CARTESIAN_POINT('', (0.1448, 0.0074497802075726245, 0.04351924632453274));
#1233 = CARTESIAN_POINT('', (0.1448, 0.0075099701302517525, 0.04348374622092029));
#1234 = CARTESIAN_POINT('', (0.1448, 0.007789562029148284, 0.04331884251381736));
#1235 = CARTESIAN_POINT('', (0.1448, 0.007848983978338017, 0.043281651835854515));
#1236 = CARTESIAN_POINT('', (0.1448, 0.008125008516509706, 0.043108895138220665));
#1237 = CARTESIAN_POINT('', (0.1448, 0.008183592458573523, 0.04307003811987291));
#1238 = CARTESIAN_POINT('', (0.1448, 0.008455724318482896, 0.04288954100238654));
#1239 = CARTESIAN_POINT('', (0.1448, 0.008513401208575386, 0.04284904569997266));
#1240 = CARTESIAN_POINT('', (0.1448, 0.008781319665779302, 0.042660938488759716));
#1241 = CARTESIAN_POINT('', (0.1448, 0.008838021706471466, 0.04261883673217041));
#1242 = CARTESIAN_POINT('', (0.1448, 0.009101411830977022, 0.04242326728220715));
#1243 = CARTESIAN_POINT('', (0.1448, 0.00915707272808679, 0.04237959460524019));
#1244 = CARTESIAN_POINT('', (0.1448, 0.00935, 0.042228219926392196));
#1245 = CARTESIAN_POINT('', (0.1448, 0.009415626572725646, 0.04217672797674856));
#1246 = CARTESIAN_POINT('', (0.1448, 0.00947018178639319, 0.04213152352674335));
#1247 = CARTESIAN_POINT('', (0.1448, 0.009723599553106877, 0.04192154156542889));
#1248 = CARTESIAN_POINT('', (0.1448, 0.009776986542168003, 0.04187484799259304));
#1249 = CARTESIAN_POINT('', (0.1448, 0.010024977717161631, 0.041657948815549066));
#1250 = CARTESIAN_POINT('', (0.1448, 0.01007713617491176, 0.04160981214257846));
#1251 = CARTESIAN_POINT('', (0.1448, 0.010319420623815604, 0.04138620953265043));
#1252 = CARTESIAN_POINT('', (0.1448, 0.010370292703321094, 0.04133667900544804));
#1253 = CARTESIAN_POINT('', (0.1448, 0.010606601717798213, 0.041106601717798216));
#1254 = CARTESIAN_POINT('', (0.1448, 0.010656132245000591, 0.04105572963829274));
#1255 = CARTESIAN_POINT('', (0.1448, 0.010886209532650433, 0.040819420623815605));
#1256 = CARTESIAN_POINT('', (0.1448, 0.010934346205621042, 0.04076726216606548));
#1257 = CARTESIAN_POINT('', (0.1448, 0.011157948815549063, 0.040524977717161625));
#1258 = CARTESIAN_POINT('', (0.1448, 0.011204642388384914, 0.0404715907281005));
#1259 = CARTESIAN_POINT('', (0.1448, 0.011421541565428888, 0.04022359955310688));
#1260 = CARTESIAN_POINT('', (0.1448, 0.011466746015434083, 0.04016904433943935));
#1261 = CARTESIAN_POINT('', (0.1448, 0.011676727976748567, 0.03991562657272564));
#1262 = CARTESIAN_POINT('', (0.1448, 0.011720400653715525, 0.03985996567561587));
#1263 = CARTESIAN_POINT('', (0.1448, 0.011728219926392202, 0.03985));
#1264 = CARTESIAN_POINT('', (0.1448, 0.01192326728220715, 0.03960141183097702));
#1265 = CARTESIAN_POINT('', (0.1448, 0.01196536903879646, 0.039544709790284856));
#1266 = CARTESIAN_POINT('', (0.1448, 0.012160938488759725, 0.0392813196657793));
#1267 = CARTESIAN_POINT('', (0.1448, 0.012201433791173614, 0.039223642775686796));
#1268 = CARTESIAN_POINT('', (0.1448, 0.012389541002386527, 0.038955724318482904));
#1269 = CARTESIAN_POINT('', (0.1448, 0.012428398020734277, 0.038897140376419094));
#1270 = CARTESIAN_POINT('', (0.1448, 0.012608895138220668, 0.03862500851650971));
#1271 = CARTESIAN_POINT('', (0.1448, 0.01264608581618351, 0.03856558656731997));
#1272 = CARTESIAN_POINT('', (0.1448, 0.012818842513817357, 0.038289562029148294));
#1273 = CARTESIAN_POINT('', (0.1448, 0.012854342617429794, 0.03822937210646918));
#1274 = CARTESIAN_POINT('', (0.1448, 0.013019246324532736, 0.03794978020757262));
#1275 = CARTESIAN_POINT('', (0.1448, 0.0130530354701057, 0.037888893074361454));
#1276 = CARTESIAN_POINT('', (0.1448, 0.013209991501154263, 0.03760606252009031));
#1277 = CARTESIAN_POINT('', (0.1448, 0.013242053162567774, 0.03754454941022422));
#1278 = CARTESIAN_POINT('', (0.1448, 0.013390984751069281, 0.037258811093426866));
#1279 = CARTESIAN_POINT('', (0.1448, 0.013421306246857294, 0.03719674345622716));
#1280 = CARTESIAN_POINT('', (0.1448, 0.0135621544853565, 0.03690842927052524));
#1281 = CARTESIAN_POINT('', (0.1448, 0.013590726946189692, 0.03684587851998416));
#1282 = CARTESIAN_POINT('', (0.1448, 0.013723450635221342, 0.03655532019489002));
#1283 = CARTESIAN_POINT('', (0.1448, 0.01375026895256411, 0.03649235746527752));
#1284 = CARTESIAN_POINT('', (0.1448, 0.013874844362156337, 0.036199885430948466));
#1285 = CARTESIAN_POINT('', (0.1448, 0.01389990711902856, 0.03613658134036102));
#1286 = CARTESIAN_POINT('', (0.1448, 0.014016327667080193, 0.0358425236292451));
#1287 = CARTESIAN_POINT('', (0.1448, 0.014039637051991764, 0.03577894805252759));
#1288 = CARTESIAN_POINT('', (0.1448, 0.014147912904484236, 0.035483629244549425));
#1289 = CARTESIAN_POINT('', (0.1448, 0.014169474609728882, 0.03541985109687871));
#1290 = CARTESIAN_POINT('', (0.1448, 0.014269632208284632, 0.035123591314150285));
#1291 = CARTESIAN_POINT('', (0.1448, 0.014289455313878754, 0.03505967834641701));
#1292 = CARTESIAN_POINT('', (0.1448, 0.014356506834392725, 0.03484349316560727));
#1293 = CARTESIAN_POINT('', (0.1448, 0.014381536836638559, 0.03476279230275276));
#1294 = CARTESIAN_POINT('', (0.1448, 0.014399633681270037, 0.034698810909719095));
#1295 = CARTESIAN_POINT('', (0.1448, 0.014483696443429173, 0.034401607019498154));
#1296 = CARTESIAN_POINT('', (0.1448, 0.01450008248383977, 0.034337622061547154));
#1297 = CARTESIAN_POINT('', (0.1448, 0.014576198284456738, 0.03404040161171023));
#1298 = CARTESIAN_POINT('', (0.1448, 0.014590891944721074, 0.03397647625083861));
#1299 = CARTESIAN_POINT('', (0.1448, 0.014659146366594116, 0.03367953263904784));
#1300 = CARTESIAN_POINT('', (0.1448, 0.014672168878777765, 0.033615728189591375));
#1301 = CARTESIAN_POINT('', (0.1448, 0.014732660548276013, 0.03331934623082579));
#1302 = CARTESIAN_POINT('', (0.1448, 0.014744035785956693, 0.03325572202524791));
#1303 = CARTESIAN_POINT('', (0.1448, 0.014796875599699215, 0.03296017732837004));
#1304 = CARTESIAN_POINT('', (0.1448, 0.014806629905819116, 0.032896790598290836));
#1305 = CARTESIAN_POINT('', (0.1448, 0.01485194023102125, 0.03260234901340677));
#1306 = CARTESIAN_POINT('', (0.1448, 0.014860102241506822, 0.03253925478590339));
#1307 = CARTESIAN_POINT('', (0.1448, 0.014898016096665606, 0.03224617192266185));
#1308 = CARTESIAN_POINT('', (0.1448, 0.014904616561205047, 0.032183422931734866));
#1309 = CARTESIAN_POINT('', (0.1448, 0.014935276783581803, 0.03189194374807404));
#1310 = CARTESIAN_POINT('', (0.1448, 0.014940348384891854, 0.03182959036104734));
#1311 = CARTESIAN_POINT('', (0.1448, 0.014963906790977248, 0.03153994882131048));
#1312 = CARTESIAN_POINT('', (0.1448, 0.014967483963821273, 0.031478038979817005));
#1313 = CARTESIAN_POINT('', (0.1448, 0.014984100508645135, 0.03119045778062138));
#1314 = CARTESIAN_POINT('', (0.1448, 0.014986219259785945, 0.031129036955723378));
#1315 = CARTESIAN_POINT('', (0.1448, 0.014996061200569063, 0.030843727317487454));
#1316 = CARTESIAN_POINT('', (0.1448, 0.014996758930753971, 0.030782838478389665));
#1317 = CARTESIAN_POINT('', (0.1448, 0.015, 0.0305));
#1318 = B_SPLINE_CURVE_WITH_KNOTS('', 2, (#1189, #1190, #1191, #1192, #1193, #1194, #1195, #1196, #1197, #1198, #1199, #1200, #1201, #1202, #1203, #1204, #1205, #1206, #1207, #1208, #1209, #1210, #1211, #1212, #1213, #1214, #1215, #1216, #1217, #1218, #1219, #1220, #1221, #1222, #1223, #1224, #1225, #1226, #1227, #1228, #1229, #1230, #1231, #1232, #1233, #1234, #1235, #1236, #1237, #1238, #1239, #1240, #1241, #1242, #1243, #1244, #1245, #1246, #1247, #1248, #1249, #1250, #1251, #1252, #1253, #1254, #1255, #1256, #1257, #1258, #1259, #1260, #1261, #1262, #1263, #1264, #1265, #1266, #1267, #1268, #1269, #1270, #1271, #1272, #1273, #1274, #1275, #1276, #1277, #1278, #1279, #1280, #1281, #1282, #1283, #1284, #1285, #1286, #1287, #1288, #1289, #1290, #1291, #1292, #1293, #1294, #1295, #1296, #1297, #1298, #1299, #1300, #1301, #1302, #1303, #1304, #1305, #1306, #1307, #1308, #1309, #1310, #1311, #1312, #1313, #1314, #1315, #1316, #1317), .UNSPECIFIED., .F., .F., (3, 1, 1, 1, 1, 1, 1, 1, 1, 1, 1, 1, 1, 1, 1, 1, 1, 1, 1, 1, 1, 1, 1, 1, 1, 1, 1, 1, 1, 1, 1, 1, 1, 1, 1, 1, 1, 1, 1, 1, 1, 1, 1, 1, 1, 1, 1, 1, 1, 1, 1, 1, 1, 1, 1, 1, 1, 1, 1, 1, 1, 1, 1, 1, 1, 1, 1, 1, 1, 1, 1, 1, 1, 1, 1, 1, 1, 1, 1, 1, 1, 1, 1, 1, 1, 1, 1, 1, 1, 1, 1, 1, 1, 1, 1, 1, 1, 1, 1, 1, 1, 1, 1, 1, 1, 1, 1, 1, 1, 1, 1, 1, 1, 1, 1, 1, 1, 1, 1, 1, 1, 1, 1, 1, 1, 1, 1, 3), (0.5, 0.5019762845849802, 0.5059288537549407, 0.5098814229249012, 0.5138339920948617, 0.5177865612648221, 0.5217391304347827, 0.5256916996047432, 0.5296442687747036, 0.5335968379446641, 0.5375494071146245, 0.541501976284585, 0.5454545454545454, 0.549407114624506, 0.5533596837944664, 0.5573122529644269, 0.5612648221343874, 0.5652173913043479, 0.5691699604743083, 0.5731225296442688, 0.5770750988142292, 0.5810276679841897, 0.5849802371541502, 0.5889328063241107, 0.5928853754940712, 0.5968379446640317, 0.6007905138339922, 0.6047430830039526, 0.6086956521739131, 0.6126482213438735, 0.616600790513834, 0.6205533596837944, 0.6245059288537549, 0.6284584980237155, 0.6324110671936759, 0.6363636363636365, 0.6403162055335969, 0.6442687747035574, 0.6482213438735178, 0.6521739130434783, 0.6561264822134387, 0.6600790513833992, 0.6640316205533596, 0.6679841897233202, 0.6719367588932806, 0.6758893280632412, 0.6798418972332017, 0.6837944664031621, 0.6877470355731226, 0.691699604743083, 0.6956521739130435, 0.6996047430830039, 0.7035573122529645, 0.7075098814229249, 0.7114624505928854, 0.7154150197628459, 0.7193675889328064, 0.7233201581027668, 0.7272727272727273, 0.7312252964426877, 0.7351778656126482, 0.7391304347826086, 0.7430830039525692, 0.7470355731225297, 0.7509881422924901, 0.7549407114624507, 0.7588932806324111, 0.7628458498023716, 0.766798418972332, 0.7707509881422925, 0.7747035573122529, 0.7786561264822134, 0.782608695652174, 0.7865612648221344, 0.7905138339920948, 0.7944664031620554, 0.7984189723320159, 0.8023715415019763, 0.8063241106719368, 0.8102766798418972, 0.8142292490118577, 0.8181818181818182, 0.8221343873517787, 0.8260869565217391, 0.8300395256916996, 0.8339920948616601, 0.8379446640316206, 0.841897233201581, 0.8458498023715415, 0.849802371541502, 0.8537549407114624, 0.857707509881423, 0.8616600790513834, 0.8656126482213439, 0.8695652173913043, 0.8735177865612649, 0.8774703557312253, 0.8814229249011858, 0.8853754940711462, 0.8893280632411067, 0.8932806324110671, 0.8972332015810277, 0.9011857707509882, 0.9051383399209486, 0.9090909090909091, 0.9130434782608696, 0.9169960474308301, 0.9209486166007905, 0.924901185770751, 0.9288537549407114, 0.9328063241106719, 0.9367588932806324, 0.9407114624505929, 0.9446640316205533, 0.9486166007905138, 0.9525691699604744, 0.9565217391304348, 0.9604743083003953, 0.9644268774703557, 0.9683794466403162, 0.9723320158102767, 0.9762845849802372, 0.9802371541501976, 0.9841897233201581, 0.9881422924901185, 0.9920948616600791, 0.9960474308300395, 1), .UNSPECIFIED.);
#1319 = DIRECTION('', (1, -0, 0));
#1320 = VECTOR('', #1319, 1);
#1321 = CARTESIAN_POINT('', (0.1448, 0.015, 0.0305));
#1322 = LINE('', #1321, #1320);
#1323 = DIRECTION('', (1, -0, 0));
#1324 = VECTOR('', #1323, 1);
#1325 = CARTESIAN_POINT('', (0.1448, -0.015, 0.030500000000000003));
#1326 = LINE('', #1325, #1324);
#1327 = DIRECTION('', (0, 1, 0.00000000000000015789838572446674));
#1328 = DIRECTION('', (1, -0, -0));
#1329 = CARTESIAN_POINT('', (0.21459999999999999, 0.000000000000000003552713678800501, 0.030499999999999996));
#1330 = AXIS2_PLACEMENT_3D('', #1329, #1328, #1327);
#1331 = CIRCLE('', #1330, 0.022499999999999996);
#1332 = DIRECTION('', (1, -0, 0));
#1333 = VECTOR('', #1332, 1);
#1334 = CARTESIAN_POINT('', (0.21459999999999999, 0.0225, 0.0305));
#1335 = LINE('', #1334, #1333);
#1336 = DIRECTION('', (0, 1, 0.00000000000000015789838572446674));
#1337 = DIRECTION('', (1, -0, -0));
#1338 = CARTESIAN_POINT('', (0.24459999999999998, 0.000000000000000003552713678800501, 0.030499999999999996));
#1339 = AXIS2_PLACEMENT_3D('', #1338, #1337, #1336);
#1340 = CIRCLE('', #1339, 0.022499999999999996);
#1341 = DIRECTION('', (0, -1, 0.00000000000000031579677144893343));
#1342 = DIRECTION('', (1, 0, 0));
#1343 = CARTESIAN_POINT('', (0.21459999999999999, 0, 0.030499999999999996));
#1344 = AXIS2_PLACEMENT_3D('', #1343, #1342, #1341);
#1345 = CIRCLE('', #1344, 0.0225);
#1346 = DIRECTION('', (0, -1, 0.00000000000000031579677144893343));
#1347 = DIRECTION('', (1, 0, 0));
#1348 = CARTESIAN_POINT('', (0.24459999999999998, 0, 0.030499999999999996));
#1349 = AXIS2_PLACEMENT_3D('', #1348, #1347, #1346);
#1350 = CIRCLE('', #1349, 0.0225);
#1351 = DIRECTION('', (1, -0, 0));
#1352 = VECTOR('', #1351, 1);
#1353 = CARTESIAN_POINT('', (0.21459999999999999, -0.0225, 0.030500000000000003));
#1354 = LINE('', #1353, #1352);
#1355 = CARTESIAN_POINT('', (0.21459999999999999, 0.015, 0.0305));
#1356 = CARTESIAN_POINT('', (0.21459999999999999, 0.014996758930753971, 0.030217161521610324));
#1357 = CARTESIAN_POINT('', (0.21459999999999999, 0.014996061200569063, 0.030156272682512544));
#1358 = CARTESIAN_POINT('', (0.21459999999999999, 0.014986219259785947, 0.02987096304427664));
#1359 = CARTESIAN_POINT('', (0.21459999999999999, 0.014984100508645135, 0.029809542219378614));
#1360 = CARTESIAN_POINT('', (0.21459999999999999, 0.014967483963821273, 0.02952196102018303));
#1361 = CARTESIAN_POINT('', (0.21459999999999999, 0.014963906790977246, 0.029460051178689522));
#1362 = CARTESIAN_POINT('', (0.21459999999999999, 0.014940348384891852, 0.029170409638952663));
#1363 = CARTESIAN_POINT('', (0.21459999999999999, 0.014935276783581801, 0.029108056251925963));
#1364 = CARTESIAN_POINT('', (0.21459999999999999, 0.014904616561205042, 0.028816577068265133));
#1365 = CARTESIAN_POINT('', (0.21459999999999999, 0.014898016096665603, 0.028753828077338152));
#1366 = CARTESIAN_POINT('', (0.21459999999999999, 0.014860102241506822, 0.028460745214096625));
#1367 = CARTESIAN_POINT('', (0.21459999999999999, 0.01485194023102125, 0.028397650986593227));
#1368 = CARTESIAN_POINT('', (0.21459999999999999, 0.01480662990581912, 0.028103209401709184));
#1369 = CARTESIAN_POINT('', (0.21459999999999999, 0.014796875599699217, 0.028039822671629966));
#1370 = CARTESIAN_POINT('', (0.21459999999999999, 0.014744035785956691, 0.02774427797475209));
#1371 = CARTESIAN_POINT('', (0.21459999999999999, 0.01473266054827601, 0.027680653769174213));
#1372 = CARTESIAN_POINT('', (0.21459999999999999, 0.014672168878777763, 0.02738427181040864));
#1373 = CARTESIAN_POINT('', (0.21459999999999999, 0.014659146366594112, 0.027320467360952165));
#1374 = CARTESIAN_POINT('', (0.21459999999999999, 0.014590891944721076, 0.027023523749161404));
#1375 = CARTESIAN_POINT('', (0.21459999999999999, 0.014576198284456738, 0.02695959838828977));
#1376 = CARTESIAN_POINT('', (0.21459999999999999, 0.014500082483839773, 0.026662377938452882));
#1377 = CARTESIAN_POINT('', (0.21459999999999999, 0.014483696443429171, 0.026598392980501862));
#1378 = CARTESIAN_POINT('', (0.21459999999999999, 0.014399633681270039, 0.026301189090280917));
#1379 = CARTESIAN_POINT('', (0.21459999999999999, 0.014381536836638557, 0.026237207697247238));
#1380 = CARTESIAN_POINT('', (0.21459999999999999, 0.014289455313878758, 0.02594032165358301));
#1381 = CARTESIAN_POINT('', (0.21459999999999999, 0.01426963220828463, 0.025876408685849724));
#1382 = CARTESIAN_POINT('', (0.21459999999999999, 0.014169474609728885, 0.025580148903121297));
#1383 = CARTESIAN_POINT('', (0.21459999999999999, 0.01414791290448424, 0.025516370755450577));
#1384 = CARTESIAN_POINT('', (0.21459999999999999, 0.014039637051991771, 0.025221051947472435));
#1385 = CARTESIAN_POINT('', (0.21459999999999999, 0.014016327667080192, 0.0251574763707549));
#1386 = CARTESIAN_POINT('', (0.21459999999999999, 0.013899907119028568, 0.024863418659639005));
#1387 = CARTESIAN_POINT('', (0.21459999999999999, 0.013874844362156337, 0.024800114569051544));
#1388 = CARTESIAN_POINT('', (0.21459999999999999, 0.013750268952564114, 0.024507642534722485));
#1389 = CARTESIAN_POINT('', (0.21459999999999999, 0.013723450635221342, 0.024444679805109983));
#1390 = CARTESIAN_POINT('', (0.21459999999999999, 0.01359072694618972, 0.024154121480015903));
#1391 = CARTESIAN_POINT('', (0.21459999999999999, 0.0135621544853565, 0.02409157072947477));
#1392 = CARTESIAN_POINT('', (0.21459999999999999, 0.01342130624685731, 0.023803256543772876));
#1393 = CARTESIAN_POINT('', (0.21459999999999999, 0.01339098475106928, 0.02374118890657314));
#1394 = CARTESIAN_POINT('', (0.21459999999999999, 0.013242053162567788, 0.02345545058977581));
#1395 = CARTESIAN_POINT('', (0.21459999999999999, 0.013209991501154263, 0.023393937479909706));
#1396 = CARTESIAN_POINT('', (0.21459999999999999, 0.013053035470105702, 0.023111106925638548));
#1397 = CARTESIAN_POINT('', (0.21459999999999999, 0.013019246324532737, 0.023050219792427377));
#1398 = CARTESIAN_POINT('', (0.21459999999999999, 0.012901156400836937, 0.02285));
#1399 = CARTESIAN_POINT('', (0.21459999999999999, 0.012854342617429812, 0.022770627893530865));
#1400 = CARTESIAN_POINT('', (0.21459999999999999, 0.012818842513817359, 0.022710437970851725));
#1401 = CARTESIAN_POINT('', (0.21459999999999999, 0.012646085816183508, 0.022434413432680034));
#1402 = CARTESIAN_POINT('', (0.21459999999999999, 0.012608895138220663, 0.022374991483490293));
#1403 = CARTESIAN_POINT('', (0.21459999999999999, 0.012428398020734286, 0.022102859623580925));
#1404 = CARTESIAN_POINT('', (0.21459999999999999, 0.012389541002386525, 0.022044275681517102));
#1405 = CARTESIAN_POINT('', (0.21459999999999999, 0.012201433791173614, 0.021776357224313207));
#1406 = CARTESIAN_POINT('', (0.21459999999999999, 0.01216093848875972, 0.021718680334220693));
#1407 = CARTESIAN_POINT('', (0.21459999999999999, 0.011965369038796464, 0.021455290209715146));
#1408 = CARTESIAN_POINT('', (0.21459999999999999, 0.011923267282207146, 0.021398588169022976));
#1409 = CARTESIAN_POINT('', (0.21459999999999999, 0.011720400653715523, 0.021140034324384122));
#1410 = CARTESIAN_POINT('', (0.21459999999999999, 0.011676727976748564, 0.02108437342727435));
#1411 = CARTESIAN_POINT('', (0.21459999999999999, 0.011466746015434084, 0.020830955660560653));
#1412 = CARTESIAN_POINT('', (0.21459999999999999, 0.011421541565428883, 0.020776400446893124));
#1413 = CARTESIAN_POINT('', (0.21459999999999999, 0.011204642388384914, 0.02052840927189949));
#1414 = CARTESIAN_POINT('', (0.21459999999999999, 0.011157948815549061, 0.020475022282838366));
#1415 = CARTESIAN_POINT('', (0.21459999999999999, 0.01093434620562104, 0.020232737833934526));
#1416 = CARTESIAN_POINT('', (0.21459999999999999, 0.010886209532650428, 0.020180579376184393));
#1417 = CARTESIAN_POINT('', (0.21459999999999999, 0.010656132245000626, 0.019944270361707303));
#1418 = CARTESIAN_POINT('', (0.21459999999999999, 0.01060660171779821, 0.01989339828220179));
#1419 = CARTESIAN_POINT('', (0.21459999999999999, 0.010370292703321104, 0.01966332099455197));
#1420 = CARTESIAN_POINT('', (0.21459999999999999, 0.010319420623815601, 0.019613790467349568));
#1421 = CARTESIAN_POINT('', (0.21459999999999999, 0.01007713617491176, 0.01939018785742155));
#1422 = CARTESIAN_POINT('', (0.21459999999999999, 0.010024977717161628, 0.019342051184450936));
#1423 = CARTESIAN_POINT('', (0.21459999999999999, 0.009776986542168, 0.019125152007406967));
#1424 = CARTESIAN_POINT('', (0.21459999999999999, 0.009723599553106872, 0.019078458434571115));
#1425 = CARTESIAN_POINT('', (0.21459999999999999, 0.009470181786393198, 0.018868476473256648));
#1426 = CARTESIAN_POINT('', (0.21459999999999999, 0.009415626572725646, 0.018823272023251434));
#1427 = CARTESIAN_POINT('', (0.21459999999999999, 0.00915707272808679, 0.01862040539475981));
#1428 = CARTESIAN_POINT('', (0.21459999999999999, 0.00910141183097702, 0.01857673271779285));
#1429 = CARTESIAN_POINT('', (0.21459999999999999, 0.008838021706471468, 0.01838116326782959));
#1430 = CARTESIAN_POINT('', (0.21459999999999999, 0.0087813196657793, 0.018339061511240276));
#1431 = CARTESIAN_POINT('', (0.21459999999999999, 0.008513401208575388, 0.018150954300027354));
#1432 = CARTESIAN_POINT('', (0.21459999999999999, 0.008455724318482882, 0.018110458997613463));
#1433 = CARTESIAN_POINT('', (0.21459999999999999, 0.008183592458573537, 0.017929961880127104));
#1434 = CARTESIAN_POINT('', (0.21459999999999999, 0.008125008516509697, 0.017891104861779333));
#1435 = CARTESIAN_POINT('', (0.21459999999999999, 0.007848983978338012, 0.01771834816414548));
#1436 = CARTESIAN_POINT('', (0.21459999999999999, 0.007789562029148274, 0.01768115748618264));
#1437 = CARTESIAN_POINT('', (0.21459999999999999, 0.007650000000000002, 0.017598843599163062));
#1438 = CARTESIAN_POINT('', (0.21459999999999999, 0.007509970130251741, 0.017516253779079706));
#1439 = CARTESIAN_POINT('', (0.21459999999999999, 0.0074497802075726175, 0.017480753675467264));
#1440 = CARTESIAN_POINT('', (0.21459999999999999, 0.007166949653301447, 0.01732379764441869));
#1441 = CARTESIAN_POINT('', (0.21459999999999999, 0.0071060625200902935, 0.017290008498845735));
#1442 = CARTESIAN_POINT('', (0.21459999999999999, 0.006820324203292966, 0.017141076910344243));
#1443 = CARTESIAN_POINT('', (0.21459999999999999, 0.006758811093426854, 0.017109015248930718));
#1444 = CARTESIAN_POINT('', (0.21459999999999999, 0.006470496907724962, 0.01696816701043153));
#1445 = CARTESIAN_POINT('', (0.21459999999999999, 0.006408429270525232, 0.0169378455146435));
#1446 = CARTESIAN_POINT('', (0.21459999999999999, 0.006117870945431112, 0.01680512182561186));
#1447 = CARTESIAN_POINT('', (0.21459999999999999, 0.006055320194890013, 0.016776549364778657));
#1448 = CARTESIAN_POINT('', (0.21459999999999999, 0.00576284816056097, 0.016651973955186437));
#1449 = CARTESIAN_POINT('', (0.21459999999999999, 0.005699885430948454, 0.016625155637843666));
#1450 = CARTESIAN_POINT('', (0.21459999999999999, 0.005405827719832565, 0.016508735089792035));
#1451 = CARTESIAN_POINT('', (0.21459999999999999, 0.005342523629245096, 0.0164836723329198));
#1452 = CARTESIAN_POINT('', (0.21459999999999999, 0.005047204821266938, 0.01637539648042733));
#1453 = CARTESIAN_POINT('', (0.21459999999999999, 0.004983629244549422, 0.016352087095515756));
#1454 = CARTESIAN_POINT('', (0.21459999999999999, 0.004687369461820993, 0.016251929496960017));
#1455 = CARTESIAN_POINT('', (0.21459999999999999, 0.0046235913141502724, 0.01623036779171537));
#1456 = CARTESIAN_POINT('', (0.21459999999999999, 0.004326705270486031, 0.016138286268955564));
#1457 = CARTESIAN_POINT('', (0.21459999999999999, 0.004262792302752754, 0.01611846316336144));
#1458 = CARTESIAN_POINT('', (0.21459999999999999, 0.0039655884125318255, 0.01603440040120231));
#1459 = CARTESIAN_POINT('', (0.21459999999999999, 0.0039016070194981345, 0.01601630355657083));
#1460 = CARTESIAN_POINT('', (0.21459999999999999, 0.0036043865696612602, 0.015940187755953867));
#1461 = CARTESIAN_POINT('', (0.21459999999999999, 0.003540401611710226, 0.01592380171554326));
#1462 = CARTESIAN_POINT('', (0.21459999999999999, 0.003243457999919454, 0.015855547293670218));
#1463 = CARTESIAN_POINT('', (0.21459999999999999, 0.00317953263904783, 0.015840853633405882));
#1464 = CARTESIAN_POINT('', (0.21459999999999999, 0.0028831506802822807, 0.015780361963907644));
#1465 = CARTESIAN_POINT('', (0.21459999999999999, 0.0028193462308257803, 0.015767339451723986));
#1466 = CARTESIAN_POINT('', (0.21459999999999999, 0.00252380153394791, 0.015714499637981463));
#1467 = CARTESIAN_POINT('', (0.21459999999999999, 0.0024601773283700313, 0.015703124400300777));
#1468 = CARTESIAN_POINT('', (0.21459999999999999, 0.00216573574348597, 0.01565781407509865));
#1469 = CARTESIAN_POINT('', (0.21459999999999999, 0.002102349013406766, 0.015648059768978748));
#1470 = CARTESIAN_POINT('', (0.21459999999999999, 0.0018092661501652402, 0.015610145913819968));
#1471 = CARTESIAN_POINT('', (0.21459999999999999, 0.0017461719226618427, 0.015601983903334397));
#1472 = CARTESIAN_POINT('', (0.21459999999999999, 0.0014546927390010277, 0.01557132368095764));
#1473 = CARTESIAN_POINT('', (0.21459999999999999, 0.0013919437480740331, 0.015564723216418198));
#1474 = CARTESIAN_POINT('', (0.21459999999999999, 0.0011023022083371725, 0.015541164810332806));
#1475 = CARTESIAN_POINT('', (0.21459999999999999, 0.0010399488213104736, 0.015536093209022757));
#1476 = CARTESIAN_POINT('', (0.21459999999999999, 0.0007523676221149025, 0.015519476664198893));
#1477 = CARTESIAN_POINT('', (0.21459999999999999, 0.0006904577806213829, 0.015515899491354863));
#1478 = CARTESIAN_POINT('', (0.21459999999999999, 0.0004051481423854606, 0.015506057550571745));
#1479 = CARTESIAN_POINT('', (0.21459999999999999, 0.00034372731748744985, 0.015503938799430935));
#1480 = CARTESIAN_POINT('', (0.21459999999999999, 0.00006088883909778553, 0.015500697730184908));
#1481 = CARTESIAN_POINT('', (0.21459999999999999, -0.0000000000000000027554552980815444, 0.0155));
#1482 = CARTESIAN_POINT('', (0.21459999999999999, -0.00021212885879225984, 0.01550243080193452));
#1483 = CARTESIAN_POINT('', (0.21459999999999996, -0.0002500635555839732, 0.015502865498726232));
#1484 = B_SPLINE_CURVE_WITH_KNOTS('', 2, (#1355, #1356, #1357, #1358, #1359, #1360, #1361, #1362, #1363, #1364, #1365, #1366, #1367, #1368, #1369, #1370, #1371, #1372, #1373, #1374, #1375, #1376, #1377, #1378, #1379, #1380, #1381, #1382, #1383, #1384, #1385, #1386, #1387, #1388, #1389, #1390, #1391, #1392, #1393, #1394, #1395, #1396, #1397, #1398, #1399, #1400, #1401, #1402, #1403, #1404, #1405, #1406, #1407, #1408, #1409, #1410, #1411, #1412, #1413, #1414, #1415, #1416, #1417, #1418, #1419, #1420, #1421, #1422, #1423, #1424, #1425, #1426, #1427, #1428, #1429, #1430, #1431, #1432, #1433, #1434, #1435, #1436, #1437, #1438, #1439, #1440, #1441, #1442, #1443, #1444, #1445, #1446, #1447, #1448, #1449, #1450, #1451, #1452, #1453, #1454, #1455, #1456, #1457, #1458, #1459, #1460, #1461, #1462, #1463, #1464, #1465, #1466, #1467, #1468, #1469, #1470, #1471, #1472, #1473, #1474, #1475, #1476, #1477, #1478, #1479, #1480, #1481, #1482, #1483), .UNSPECIFIED., .F., .F., (3, 1, 1, 1, 1, 1, 1, 1, 1, 1, 1, 1, 1, 1, 1, 1, 1, 1, 1, 1, 1, 1, 1, 1, 1, 1, 1, 1, 1, 1, 1, 1, 1, 1, 1, 1, 1, 1, 1, 1, 1, 1, 1, 1, 1, 1, 1, 1, 1, 1, 1, 1, 1, 1, 1, 1, 1, 1, 1, 1, 1, 1, 1, 1, 1, 1, 1, 1, 1, 1, 1, 1, 1, 1, 1, 1, 1, 1, 1, 1, 1, 1, 1, 1, 1, 1, 1, 1, 1, 1, 1, 1, 1, 1, 1, 1, 1, 1, 1, 1, 1, 1, 1, 1, 1, 1, 1, 1, 1, 1, 1, 1, 1, 1, 1, 1, 1, 1, 1, 1, 1, 1, 1, 1, 1, 1, 1, 3), (0, 0.003952569169960474, 0.007905138339920948, 0.011857707509881422, 0.015810276679841896, 0.01976284584980237, 0.023715415019762844, 0.02766798418972332, 0.03162055335968379, 0.035573122529644265, 0.03952569169960474, 0.043478260869565216, 0.04743083003952569, 0.05138339920948616, 0.05533596837944664, 0.05928853754940711, 0.06324110671936758, 0.06719367588932806, 0.07114624505928853, 0.07509881422924901, 0.07905138339920947, 0.08300395256916995, 0.08695652173913043, 0.0909090909090909, 0.09486166007905138, 0.09881422924901186, 0.10276679841897232, 0.1067193675889328, 0.11067193675889328, 0.11462450592885375, 0.11857707509881422, 0.12252964426877469, 0.12648221343873517, 0.13043478260869565, 0.13438735177865613, 0.13833992094861658, 0.14229249011857706, 0.14624505928853754, 0.15019762845849802, 0.1541501976284585, 0.15810276679841895, 0.16205533596837943, 0.1660079051383399, 0.16996047430830039, 0.17391304347826086, 0.17786561264822134, 0.1818181818181818, 0.18577075098814227, 0.18972332015810275, 0.19367588932806323, 0.1976284584980237, 0.20158102766798416, 0.20553359683794464, 0.20948616600790512, 0.2134387351778656, 0.21739130434782608, 0.22134387351778656, 0.225296442687747, 0.2292490118577075, 0.23320158102766797, 0.23715415019762845, 0.24110671936758893, 0.24505928853754938, 0.24901185770750986, 0.25296442687747034, 0.2569169960474308, 0.2608695652173913, 0.26482213438735175, 0.26877470355731226, 0.2727272727272727, 0.27667984189723316, 0.28063241106719367, 0.2845849802371541, 0.2885375494071146, 0.2924901185770751, 0.2964426877470355, 0.30039525691699603, 0.3043478260869565, 0.308300395256917, 0.31225296442687744, 0.3162055335968379, 0.3201581027667984, 0.32411067193675885, 0.32806324110671936, 0.3320158102766798, 0.3359683794466403, 0.33992094861660077, 0.3438735177865612, 0.34782608695652173, 0.3517786561264822, 0.3557312252964427, 0.35968379446640314, 0.3636363636363636, 0.3675889328063241, 0.37154150197628455, 0.37549407114624506, 0.3794466403162055, 0.38339920948616596, 0.38735177865612647, 0.3913043478260869, 0.3952569169960474, 0.3992094861660079, 0.40316205533596833, 0.40711462450592883, 0.4110671936758893, 0.4150197628458498, 0.41897233201581024, 0.4229249011857707, 0.4268774703557312, 0.43083003952569165, 0.43478260869565216, 0.4387351778656126, 0.4426877470355731, 0.44664031620553357, 0.450592885375494, 0.45454545454545453, 0.458498023715415, 0.4624505928853755, 0.46640316205533594, 0.4703557312252964, 0.4743083003952569, 0.47826086956521735, 0.48221343873517786, 0.4861660079051383, 0.49011857707509876, 0.49407114624505927, 0.4980237154150197, 0.5), .UNSPECIFIED.);
#1485 = CARTESIAN_POINT('', (0.21459999999999999, -0.015, 0.030500000000000003));
#1486 = CARTESIAN_POINT('', (0.21459999999999999, -0.014996758930753971, 0.030782838478389675));
#1487 = CARTESIAN_POINT('', (0.21459999999999999, -0.014996061200569063, 0.030843727317487454));
#1488 = CARTESIAN_POINT('', (0.21459999999999999, -0.014986219259785947, 0.03112903695572336));
#1489 = CARTESIAN_POINT('', (0.21459999999999999, -0.014984100508645135, 0.031190457780621385));
#1490 = CARTESIAN_POINT('', (0.21459999999999999, -0.014967483963821273, 0.03147803897981697));
#1491 = CARTESIAN_POINT('', (0.21459999999999999, -0.014963906790977246, 0.03153994882131048));
#1492 = CARTESIAN_POINT('', (0.21459999999999999, -0.014940348384891852, 0.031829590361047336));
#1493 = CARTESIAN_POINT('', (0.21459999999999999, -0.014935276783581801, 0.03189194374807403));
#1494 = CARTESIAN_POINT('', (0.21459999999999999, -0.014904616561205042, 0.032183422931734866));
#1495 = CARTESIAN_POINT('', (0.21459999999999999, -0.014898016096665603, 0.03224617192266185));
#1496 = CARTESIAN_POINT('', (0.21459999999999999, -0.014860102241506822, 0.032539254785903374));
#1497 = CARTESIAN_POINT('', (0.21459999999999999, -0.01485194023102125, 0.03260234901340677));
#1498 = CARTESIAN_POINT('', (0.21459999999999999, -0.014806629905819123, 0.03289679059829083));
#1499 = CARTESIAN_POINT('', (0.21459999999999999, -0.014796875599699218, 0.03296017732837005));
#1500 = CARTESIAN_POINT('', (0.21459999999999999, -0.014744035785956691, 0.03325572202524791));
#1501 = CARTESIAN_POINT('', (0.21459999999999999, -0.01473266054827601, 0.03331934623082579));
#1502 = CARTESIAN_POINT('', (0.21459999999999999, -0.01467216887877777, 0.033615728189591354));
#1503 = CARTESIAN_POINT('', (0.21459999999999999, -0.014659146366594116, 0.03367953263904784));
#1504 = CARTESIAN_POINT('', (0.21459999999999999, -0.014590891944721076, 0.033976476250838605));
#1505 = CARTESIAN_POINT('', (0.21459999999999999, -0.014576198284456738, 0.034040401611710236));
#1506 = CARTESIAN_POINT('', (0.21459999999999999, -0.01450008248383977, 0.03433762206154714));
#1507 = CARTESIAN_POINT('', (0.21459999999999999, -0.014483696443429171, 0.03440160701949815));
#1508 = CARTESIAN_POINT('', (0.21459999999999999, -0.014399633681270037, 0.03469881090971908));
#1509 = CARTESIAN_POINT('', (0.21459999999999999, -0.014381536836638556, 0.034762792302752754));
#1510 = CARTESIAN_POINT('', (0.21459999999999999, -0.01428945531387875, 0.03505967834641701));
#1511 = CARTESIAN_POINT('', (0.21459999999999999, -0.014269632208284628, 0.035123591314150285));
#1512 = CARTESIAN_POINT('', (0.21459999999999999, -0.014169474609728883, 0.035419851096878716));
#1513 = CARTESIAN_POINT('', (0.21459999999999999, -0.014147912904484236, 0.03548362924454943));
#1514 = CARTESIAN_POINT('', (0.21459999999999999, -0.014039637051991773, 0.035778948052527584));
#1515 = CARTESIAN_POINT('', (0.21459999999999999, -0.014016327667080195, 0.035842523629245115));
#1516 = CARTESIAN_POINT('', (0.21459999999999999, -0.01389990711902857, 0.036136581340361));
#1517 = CARTESIAN_POINT('', (0.21459999999999999, -0.013874844362156337, 0.036199885430948466));
#1518 = CARTESIAN_POINT('', (0.21459999999999999, -0.013750268952564117, 0.03649235746527751));
#1519 = CARTESIAN_POINT('', (0.21459999999999999, -0.01372345063522134, 0.03655532019489002));
#1520 = CARTESIAN_POINT('', (0.21459999999999999, -0.013590726946189721, 0.036845878519984096));
#1521 = CARTESIAN_POINT('', (0.21459999999999999, -0.013562154485356498, 0.03690842927052524));
#1522 = CARTESIAN_POINT('', (0.21459999999999999, -0.013421306246857294, 0.03719674345622715));
#1523 = CARTESIAN_POINT('', (0.21459999999999999, -0.01339098475106928, 0.03725881109342686));
#1524 = CARTESIAN_POINT('', (0.21459999999999999, -0.013242053162567805, 0.03754454941022417));
#1525 = CARTESIAN_POINT('', (0.21459999999999999, -0.013209991501154266, 0.037606062520090314));
#1526 = CARTESIAN_POINT('', (0.21459999999999999, -0.01305303547010569, 0.037888893074361475));
#1527 = CARTESIAN_POINT('', (0.21459999999999999, -0.01301924632453273, 0.03794978020757263));
#1528 = CARTESIAN_POINT('', (0.21459999999999999, -0.012901156400836942, 0.038149999999999996));
#1529 = CARTESIAN_POINT('', (0.21459999999999999, -0.012854342617429801, 0.038229372106469164));
#1530 = CARTESIAN_POINT('', (0.21459999999999999, -0.012818842513817355, 0.038289562029148294));
#1531 = CARTESIAN_POINT('', (0.21459999999999999, -0.012646085816183508, 0.03856558656731997));
#1532 = CARTESIAN_POINT('', (0.21459999999999999, -0.012608895138220664, 0.03862500851650971));
#1533 = CARTESIAN_POINT('', (0.21459999999999999, -0.012428398020734286, 0.03889714037641908));
#1534 = CARTESIAN_POINT('', (0.21459999999999999, -0.012389541002386525, 0.038955724318482904));
#1535 = CARTESIAN_POINT('', (0.21459999999999999, -0.012201433791173616, 0.039223642775686796));
#1536 = CARTESIAN_POINT('', (0.21459999999999999, -0.012160938488759722, 0.03928131966577931));
#1537 = CARTESIAN_POINT('', (0.21459999999999999, -0.011965369038796468, 0.03954470979028485));
#1538 = CARTESIAN_POINT('', (0.21459999999999999, -0.01192326728220715, 0.03960141183097702));
#1539 = CARTESIAN_POINT('', (0.21459999999999999, -0.011720400653715525, 0.03985996567561588));
#1540 = CARTESIAN_POINT('', (0.21459999999999999, -0.011676727976748565, 0.03991562657272565));
#1541 = CARTESIAN_POINT('', (0.21459999999999999, -0.011466746015434084, 0.040169044339439346));
#1542 = CARTESIAN_POINT('', (0.21459999999999999, -0.011421541565428883, 0.04022359955310688));
#1543 = CARTESIAN_POINT('', (0.21459999999999999, -0.011204642388384914, 0.04047159072810051));
#1544 = CARTESIAN_POINT('', (0.21459999999999999, -0.011157948815549061, 0.04052497771716163));
#1545 = CARTESIAN_POINT('', (0.21459999999999999, -0.010934346205621046, 0.04076726216606547));
#1546 = CARTESIAN_POINT('', (0.21459999999999999, -0.010886209532650433, 0.040819420623815605));
#1547 = CARTESIAN_POINT('', (0.21459999999999999, -0.01065613224500063, 0.041055729638292696));
#1548 = CARTESIAN_POINT('', (0.21459999999999999, -0.010606601717798213, 0.041106601717798216));
#1549 = CARTESIAN_POINT('', (0.21459999999999999, -0.010370292703321106, 0.041336679005448025));
#1550 = CARTESIAN_POINT('', (0.21459999999999999, -0.010319420623815603, 0.04138620953265043));
#1551 = CARTESIAN_POINT('', (0.21459999999999999, -0.01007713617491176, 0.04160981214257846));
#1552 = CARTESIAN_POINT('', (0.21459999999999999, -0.01002497771716163, 0.041657948815549066));
#1553 = CARTESIAN_POINT('', (0.21459999999999999, -0.009776986542168006, 0.041874847992593035));
#1554 = CARTESIAN_POINT('', (0.21459999999999999, -0.009723599553106877, 0.04192154156542889));
#1555 = CARTESIAN_POINT('', (0.21459999999999999, -0.009470181786393198, 0.04213152352674337));
#1556 = CARTESIAN_POINT('', (0.21459999999999999, -0.009415626572725646, 0.04217672797674858));
#1557 = CARTESIAN_POINT('', (0.21459999999999999, -0.009157072728086793, 0.04237959460524019));
#1558 = CARTESIAN_POINT('', (0.21459999999999999, -0.009101411830977024, 0.04242326728220715));
#1559 = CARTESIAN_POINT('', (0.21459999999999999, -0.008838021706471471, 0.042618836732170415));
#1560 = CARTESIAN_POINT('', (0.21459999999999999, -0.008781319665779304, 0.04266093848875972));
#1561 = CARTESIAN_POINT('', (0.21459999999999999, -0.008513401208575385, 0.042849045699972645));
#1562 = CARTESIAN_POINT('', (0.21459999999999999, -0.008455724318482896, 0.04288954100238653));
#1563 = CARTESIAN_POINT('', (0.21459999999999999, -0.008183592458573547, 0.04307003811987291));
#1564 = CARTESIAN_POINT('', (0.21459999999999999, -0.008125008516509706, 0.04310889513822067));
#1565 = CARTESIAN_POINT('', (0.21459999999999999, -0.007848983978338015, 0.043281651835854515));
#1566 = CARTESIAN_POINT('', (0.21459999999999999, -0.00778956202914828, 0.04331884251381736));
#1567 = CARTESIAN_POINT('', (0.21459999999999999, -0.0076500000000000005, 0.04340115640083694));
#1568 = CARTESIAN_POINT('', (0.21459999999999999, -0.007509970130251752, 0.0434837462209203));
#1569 = CARTESIAN_POINT('', (0.21459999999999999, -0.007449780207572625, 0.04351924632453275));
#1570 = CARTESIAN_POINT('', (0.21459999999999999, -0.007166949653301481, 0.043676202355581305));
#1571 = CARTESIAN_POINT('', (0.21459999999999999, -0.007106062520090301, 0.04370999150115427));
#1572 = CARTESIAN_POINT('', (0.21459999999999999, -0.006820324203292974, 0.04385892308965576));
#1573 = CARTESIAN_POINT('', (0.21459999999999999, -0.006758811093426862, 0.04389098475106929));
#1574 = CARTESIAN_POINT('', (0.21459999999999999, -0.006470496907724968, 0.044031832989568476));
#1575 = CARTESIAN_POINT('', (0.21459999999999999, -0.006408429270525238, 0.04406215448535651));
#1576 = CARTESIAN_POINT('', (0.21459999999999999, -0.006117870945431127, 0.044194878174388136));
#1577 = CARTESIAN_POINT('', (0.21459999999999999, -0.006055320194890021, 0.04422345063522134));
#1578 = CARTESIAN_POINT('', (0.21459999999999999, -0.005762848160560966, 0.04434802604481357));
#1579 = CARTESIAN_POINT('', (0.21459999999999999, -0.00569988543094846, 0.044374844362156336));
#1580 = CARTESIAN_POINT('', (0.21459999999999999, -0.005405827719832554, 0.044491264910207974));
#1581 = CARTESIAN_POINT('', (0.21459999999999999, -0.005342523629245102, 0.0445163276670802));
#1582 = CARTESIAN_POINT('', (0.21459999999999999, -0.005047204821266948, 0.04462460351957267));
#1583 = CARTESIAN_POINT('', (0.21459999999999999, -0.004983629244549429, 0.044647912904484235));
#1584 = CARTESIAN_POINT('', (0.21459999999999999, -0.004687369461820997, 0.04474807050303999));
#1585 = CARTESIAN_POINT('', (0.21459999999999999, -0.0046235913141502785, 0.044769632208284636));
#1586 = CARTESIAN_POINT('', (0.21459999999999999, -0.004326705270486084, 0.044861713731044424));
#1587 = CARTESIAN_POINT('', (0.21459999999999999, -0.004262792302752762, 0.044881536836638564));
#1588 = CARTESIAN_POINT('', (0.21459999999999999, -0.003965588412531817, 0.04496559959879769));
#1589 = CARTESIAN_POINT('', (0.21459999999999999, -0.0039016070194981415, 0.044983696443429165));
#1590 = CARTESIAN_POINT('', (0.21459999999999999, -0.003604386569661237, 0.04505981224404614));
#1591 = CARTESIAN_POINT('', (0.21459999999999999, -0.0035404016117102327, 0.04507619828445674));
#1592 = CARTESIAN_POINT('', (0.21459999999999999, -0.0032434579999194566, 0.04514445270632978));
#1593 = CARTESIAN_POINT('', (0.21459999999999999, -0.0031795326390478317, 0.04515914636659411));
#1594 = CARTESIAN_POINT('', (0.21459999999999999, -0.002883150680282283, 0.045219638036092365));
#1595 = CARTESIAN_POINT('', (0.21459999999999999, -0.0028193462308257825, 0.045232660548276016));
#1596 = CARTESIAN_POINT('', (0.21459999999999999, -0.002523801533947912, 0.045285500362018526));
#1597 = CARTESIAN_POINT('', (0.21459999999999999, -0.002460177328370033, 0.04529687559969921));
#1598 = CARTESIAN_POINT('', (0.21459999999999999, -0.0021657357434859722, 0.04534218592490134));
#1599 = CARTESIAN_POINT('', (0.21459999999999999, -0.002102349013406768, 0.045351940231021244));
#1600 = CARTESIAN_POINT('', (0.21459999999999999, -0.0018092661501652421, 0.04538985408618003));
#1601 = CARTESIAN_POINT('', (0.21459999999999999, -0.0017461719226618444, 0.0453980160966656));
#1602 = CARTESIAN_POINT('', (0.21459999999999999, -0.0014546927390010297, 0.04542867631904236));
#1603 = CARTESIAN_POINT('', (0.21459999999999999, -0.001391943748074035, 0.0454352767835818));
#1604 = CARTESIAN_POINT('', (0.21459999999999999, -0.0011023022083371744, 0.04545883518966719));
#1605 = CARTESIAN_POINT('', (0.21459999999999999, -0.0010399488213104755, 0.04546390679097725));
#1606 = CARTESIAN_POINT('', (0.21459999999999999, -0.0007523676221149045, 0.04548052333580111));
#1607 = CARTESIAN_POINT('', (0.21459999999999999, -0.0006904577806213846, 0.04548410050864513));
#1608 = CARTESIAN_POINT('', (0.21459999999999999, -0.0004051481423854625, 0.04549394244942825));
#1609 = CARTESIAN_POINT('', (0.21459999999999999, -0.00034372731748745174, 0.04549606120056906));
#1610 = CARTESIAN_POINT('', (0.21459999999999999, -0.000060888839097787364, 0.04549930226981509));
#1611 = CARTESIAN_POINT('', (0.21459999999999999, 0.000000000000000000918485099360515, 0.0455));
#1612 = CARTESIAN_POINT('', (0.21459999999999999, 0.00021212885879225805, 0.045497569198065475));
#1613 = CARTESIAN_POINT('', (0.21459999999999996, 0.0002500635555839722, 0.04549713450127376));
#1614 = B_SPLINE_CURVE_WITH_KNOTS('', 2, (#1485, #1486, #1487, #1488, #1489, #1490, #1491, #1492, #1493, #1494, #1495, #1496, #1497, #1498, #1499, #1500, #1501, #1502, #1503, #1504, #1505, #1506, #1507, #1508, #1509, #1510, #1511, #1512, #1513, #1514, #1515, #1516, #1517, #1518, #1519, #1520, #1521, #1522, #1523, #1524, #1525, #1526, #1527, #1528, #1529, #1530, #1531, #1532, #1533, #1534, #1535, #1536, #1537, #1538, #1539, #1540, #1541, #1542, #1543, #1544, #1545, #1546, #1547, #1548, #1549, #1550, #1551, #1552, #1553, #1554, #1555, #1556, #1557, #1558, #1559, #1560, #1561, #1562, #1563, #1564, #1565, #1566, #1567, #1568, #1569, #1570, #1571, #1572, #1573, #1574, #1575, #1576, #1577, #1578, #1579, #1580, #1581, #1582, #1583, #1584, #1585, #1586, #1587, #1588, #1589, #1590, #1591, #1592, #1593, #1594, #1595, #1596, #1597, #1598, #1599, #1600, #1601, #1602, #1603, #1604, #1605, #1606, #1607, #1608, #1609, #1610, #1611, #1612, #1613), .UNSPECIFIED., .F., .F., (3, 1, 1, 1, 1, 1, 1, 1, 1, 1, 1, 1, 1, 1, 1, 1, 1, 1, 1, 1, 1, 1, 1, 1, 1, 1, 1, 1, 1, 1, 1, 1, 1, 1, 1, 1, 1, 1, 1, 1, 1, 1, 1, 1, 1, 1, 1, 1, 1, 1, 1, 1, 1, 1, 1, 1, 1, 1, 1, 1, 1, 1, 1, 1, 1, 1, 1, 1, 1, 1, 1, 1, 1, 1, 1, 1, 1, 1, 1, 1, 1, 1, 1, 1, 1, 1, 1, 1, 1, 1, 1, 1, 1, 1, 1, 1, 1, 1, 1, 1, 1, 1, 1, 1, 1, 1, 1, 1, 1, 1, 1, 1, 1, 1, 1, 1, 1, 1, 1, 1, 1, 1, 1, 1, 1, 1, 1, 3), (0, 0.003952569169960474, 0.007905138339920948, 0.011857707509881422, 0.015810276679841896, 0.01976284584980237, 0.023715415019762844, 0.02766798418972332, 0.03162055335968379, 0.035573122529644265, 0.03952569169960474, 0.043478260869565216, 0.04743083003952569, 0.05138339920948616, 0.05533596837944664, 0.05928853754940711, 0.06324110671936758, 0.06719367588932806, 0.07114624505928853, 0.07509881422924901, 0.07905138339920947, 0.08300395256916995, 0.08695652173913043, 0.0909090909090909, 0.09486166007905138, 0.09881422924901186, 0.10276679841897232, 0.1067193675889328, 0.11067193675889328, 0.11462450592885375, 0.11857707509881422, 0.12252964426877469, 0.12648221343873517, 0.13043478260869565, 0.13438735177865613, 0.13833992094861658, 0.14229249011857706, 0.14624505928853754, 0.15019762845849802, 0.1541501976284585, 0.15810276679841895, 0.16205533596837943, 0.1660079051383399, 0.16996047430830039, 0.17391304347826086, 0.17786561264822134, 0.1818181818181818, 0.18577075098814227, 0.18972332015810275, 0.19367588932806323, 0.1976284584980237, 0.20158102766798416, 0.20553359683794464, 0.20948616600790512, 0.2134387351778656, 0.21739130434782608, 0.22134387351778656, 0.225296442687747, 0.2292490118577075, 0.23320158102766797, 0.23715415019762845, 0.24110671936758893, 0.24505928853754938, 0.24901185770750986, 0.25296442687747034, 0.2569169960474308, 0.2608695652173913, 0.26482213438735175, 0.26877470355731226, 0.2727272727272727, 0.27667984189723316, 0.28063241106719367, 0.2845849802371541, 0.2885375494071146, 0.2924901185770751, 0.2964426877470355, 0.30039525691699603, 0.3043478260869565, 0.308300395256917, 0.31225296442687744, 0.3162055335968379, 0.3201581027667984, 0.32411067193675885, 0.32806324110671936, 0.3320158102766798, 0.3359683794466403, 0.33992094861660077, 0.3438735177865612, 0.34782608695652173, 0.3517786561264822, 0.3557312252964427, 0.35968379446640314, 0.3636363636363636, 0.3675889328063241, 0.37154150197628455, 0.37549407114624506, 0.3794466403162055, 0.38339920948616596, 0.38735177865612647, 0.3913043478260869, 0.3952569169960474, 0.3992094861660079, 0.40316205533596833, 0.40711462450592883, 0.4110671936758893, 0.4150197628458498, 0.41897233201581024, 0.4229249011857707, 0.4268774703557312, 0.43083003952569165, 0.43478260869565216, 0.4387351778656126, 0.4426877470355731, 0.44664031620553357, 0.450592885375494, 0.45454545454545453, 0.458498023715415, 0.4624505928853755, 0.46640316205533594, 0.4703557312252964, 0.4743083003952569, 0.47826086956521735, 0.48221343873517786, 0.4861660079051383, 0.49011857707509876, 0.49407114624505927, 0.4980237154150197, 0.5), .UNSPECIFIED.);
#1615 = CARTESIAN_POINT('', (0.2146, 0.0002500635555839722, 0.04549713450127376));
#1616 = CARTESIAN_POINT('', (0.21459999999999999, 0.0002879982523756852, 0.04549669980448206));
#1617 = CARTESIAN_POINT('', (0.21459999999999999, 0.00030347757433371125, 0.04549652242566629));
#1618 = CARTESIAN_POINT('', (0.21459999999999999, 0.00034372731748745353, 0.04549606120056906));
#1619 = CARTESIAN_POINT('', (0.21459999999999999, 0.0006290369557233615, 0.04548621925978594));
#1620 = CARTESIAN_POINT('', (0.21459999999999999, 0.0006904577806213867, 0.045484100508645126));
#1621 = CARTESIAN_POINT('', (0.21459999999999999, 0.000978038979816967, 0.04546748396382127));
#1622 = CARTESIAN_POINT('', (0.21459999999999999, 0.0010399488213104775, 0.04546390679097724));
#1623 = CARTESIAN_POINT('', (0.21459999999999999, 0.001329590361047335, 0.04544034838489185));
#1624 = CARTESIAN_POINT('', (0.21459999999999999, 0.001391943748074037, 0.0454352767835818));
#1625 = CARTESIAN_POINT('', (0.21459999999999999, 0.001683422931734866, 0.045404616561205036));
#1626 = CARTESIAN_POINT('', (0.21459999999999999, 0.0017461719226618462, 0.0453980160966656));
#1627 = CARTESIAN_POINT('', (0.21459999999999999, 0.0020392547859033887, 0.04536010224150682));
#1628 = CARTESIAN_POINT('', (0.21459999999999999, 0.0021023490134067725, 0.04535194023102125));
#1629 = CARTESIAN_POINT('', (0.21459999999999999, 0.002396790598290831, 0.04530662990581912));
#1630 = CARTESIAN_POINT('', (0.21459999999999999, 0.002460177328370038, 0.04529687559969922));
#1631 = CARTESIAN_POINT('', (0.21459999999999999, 0.002755722025247885, 0.045244035785956704));
#1632 = CARTESIAN_POINT('', (0.21459999999999999, 0.002819346230825787, 0.045232660548276016));
#1633 = CARTESIAN_POINT('', (0.21459999999999999, 0.0031157281895913534, 0.04517216887877777));
#1634 = CARTESIAN_POINT('', (0.21459999999999999, 0.003179532639047837, 0.04515914636659411));
#1635 = CARTESIAN_POINT('', (0.21459999999999999, 0.0034764762508385926, 0.04509089194472108));
#1636 = CARTESIAN_POINT('', (0.21459999999999999, 0.0035404016117102314, 0.04507619828445674));
#1637 = CARTESIAN_POINT('', (0.21459999999999999, 0.0038376220615471417, 0.04500008248383977));
#1638 = CARTESIAN_POINT('', (0.21459999999999999, 0.0039016070194981428, 0.04498369644342917));
#1639 = CARTESIAN_POINT('', (0.21459999999999999, 0.004198810909719084, 0.04489963368127004));
#1640 = CARTESIAN_POINT('', (0.21459999999999999, 0.004262792302752763, 0.04488153683663856));
#1641 = CARTESIAN_POINT('', (0.21459999999999999, 0.00455967834641701, 0.044789455313878755));
#1642 = CARTESIAN_POINT('', (0.21459999999999999, 0.004623591314150281, 0.044769632208284636));
#1643 = CARTESIAN_POINT('', (0.21459999999999999, 0.00491985109687871, 0.04466947460972888));
#1644 = CARTESIAN_POINT('', (0.21459999999999999, 0.004983629244549431, 0.044647912904484235));
#1645 = CARTESIAN_POINT('', (0.21459999999999999, 0.005278948052527575, 0.04453963705199177));
#1646 = CARTESIAN_POINT('', (0.21459999999999999, 0.005342523629245107, 0.0445163276670802));
#1647 = CARTESIAN_POINT('', (0.21459999999999999, 0.005636581340360997, 0.04439990711902857));
#1648 = CARTESIAN_POINT('', (0.21459999999999999, 0.005699885430948463, 0.044374844362156336));
#1649 = CARTESIAN_POINT('', (0.21459999999999999, 0.005992357465277504, 0.04425026895256412));
#1650 = CARTESIAN_POINT('', (0.21459999999999999, 0.006055320194890025, 0.04422345063522134));
#1651 = CARTESIAN_POINT('', (0.21459999999999999, 0.006345878519984098, 0.04409072694618973));
#1652 = CARTESIAN_POINT('', (0.21459999999999999, 0.0064084292705252404, 0.04406215448535651));
#1653 = CARTESIAN_POINT('', (0.21459999999999999, 0.0066967434562271565, 0.0439213062468573));
#1654 = CARTESIAN_POINT('', (0.21459999999999999, 0.006758811093426861, 0.043890984751069284));
#1655 = CARTESIAN_POINT('', (0.21459999999999999, 0.007044549410224167, 0.04374205316256781));
#1656 = CARTESIAN_POINT('', (0.21459999999999999, 0.007106062520090302, 0.04370999150115427));
#1657 = CARTESIAN_POINT('', (0.21459999999999999, 0.007388893074361467, 0.0435530354701057));
#1658 = CARTESIAN_POINT('', (0.21459999999999999, 0.0074497802075726245, 0.04351924632453274));
#1659 = CARTESIAN_POINT('', (0.21459999999999999, 0.007650000000000002, 0.043401156400836936));
#1660 = CARTESIAN_POINT('', (0.21459999999999999, 0.00772937210646916, 0.0433543426174298));
#1661 = CARTESIAN_POINT('', (0.21459999999999999, 0.007789562029148284, 0.04331884251381736));
#1662 = CARTESIAN_POINT('', (0.21459999999999999, 0.008065586567319951, 0.043146085816183524));
#1663 = CARTESIAN_POINT('', (0.21459999999999999, 0.008125008516509706, 0.043108895138220665));
#1664 = CARTESIAN_POINT('', (0.21459999999999999, 0.008397140376419048, 0.04292839802073432));
#1665 = CARTESIAN_POINT('', (0.21459999999999999, 0.008455724318482898, 0.04288954100238654));
#1666 = CARTESIAN_POINT('', (0.21459999999999999, 0.008723642775686807, 0.04270143379117361));
#1667 = CARTESIAN_POINT('', (0.21459999999999999, 0.008781319665779302, 0.042660938488759716));
#1668 = CARTESIAN_POINT('', (0.21459999999999999, 0.00904470979028486, 0.04246536903879646));
#1669 = CARTESIAN_POINT('', (0.21459999999999999, 0.009101411830977022, 0.04242326728220715));
#1670 = CARTESIAN_POINT('', (0.21459999999999999, 0.009359965675615877, 0.042220400653715524));
#1671 = CARTESIAN_POINT('', (0.21459999999999999, 0.009415626572725646, 0.04217672797674856));
#1672 = CARTESIAN_POINT('', (0.21459999999999999, 0.009669044339439346, 0.04196674601543409));
#1673 = CARTESIAN_POINT('', (0.21459999999999999, 0.009723599553106877, 0.04192154156542889));
#1674 = CARTESIAN_POINT('', (0.21459999999999999, 0.009971590728100508, 0.04170464238838492));
#1675 = CARTESIAN_POINT('', (0.21459999999999999, 0.010024977717161631, 0.041657948815549066));
#1676 = CARTESIAN_POINT('', (0.21459999999999999, 0.010267262166065475, 0.041434346205621045));
#1677 = CARTESIAN_POINT('', (0.21459999999999999, 0.010319420623815604, 0.04138620953265043));
#1678 = CARTESIAN_POINT('', (0.21459999999999999, 0.010555729638292698, 0.04115613224500063));
#1679 = CARTESIAN_POINT('', (0.21459999999999999, 0.010606601717798213, 0.041106601717798216));
#1680 = CARTESIAN_POINT('', (0.21459999999999999, 0.010836679005448028, 0.040870292703321105));
#1681 = CARTESIAN_POINT('', (0.21459999999999999, 0.010886209532650433, 0.040819420623815605));
#1682 = CARTESIAN_POINT('', (0.21459999999999999, 0.011109812142578451, 0.04057713617491176));
#1683 = CARTESIAN_POINT('', (0.21459999999999999, 0.011157948815549063, 0.040524977717161625));
#1684 = CARTESIAN_POINT('', (0.21459999999999999, 0.011374847992593022, 0.04027698654216802));
#1685 = CARTESIAN_POINT('', (0.21459999999999999, 0.011421541565428888, 0.04022359955310688));
#1686 = CARTESIAN_POINT('', (0.21459999999999999, 0.011631523526743355, 0.03997018178639318));
#1687 = CARTESIAN_POINT('', (0.21459999999999999, 0.011676727976748567, 0.039915626572725633));
#1688 = CARTESIAN_POINT('', (0.21459999999999999, 0.011879594605240204, 0.03965707272808677));
#1689 = CARTESIAN_POINT('', (0.21459999999999999, 0.01192326728220715, 0.03960141183097702));
#1690 = CARTESIAN_POINT('', (0.21459999999999999, 0.012118836732170405, 0.03933802170647148));
#1691 = CARTESIAN_POINT('', (0.21459999999999999, 0.012160938488759725, 0.0392813196657793));
#1692 = CARTESIAN_POINT('', (0.21459999999999999, 0.012349045699972633, 0.03901340120857541));
#1693 = CARTESIAN_POINT('', (0.21459999999999999, 0.012389541002386527, 0.038955724318482904));
#1694 = CARTESIAN_POINT('', (0.21459999999999999, 0.012570038119872904, 0.038683592458573536));
#1695 = CARTESIAN_POINT('', (0.21459999999999999, 0.012608895138220668, 0.03862500851650971));
#1696 = CARTESIAN_POINT('', (0.21459999999999999, 0.01278165183585451, 0.03834898397833803));
#1697 = CARTESIAN_POINT('', (0.21459999999999999, 0.012818842513817357, 0.038289562029148294));
#1698 = CARTESIAN_POINT('', (0.21459999999999999, 0.012901156400836942, 0.038149999999999996));
#1699 = CARTESIAN_POINT('', (0.21459999999999999, 0.012983746220920295, 0.038009970130251744));
#1700 = CARTESIAN_POINT('', (0.21459999999999999, 0.013019246324532736, 0.03794978020757262));
#1701 = CARTESIAN_POINT('', (0.21459999999999999, 0.013176202355581302, 0.037666949653301474));
#1702 = CARTESIAN_POINT('', (0.21459999999999999, 0.013209991501154263, 0.03760606252009031));
#1703 = CARTESIAN_POINT('', (0.21459999999999999, 0.013358923089655755, 0.037320324203292975));
#1704 = CARTESIAN_POINT('', (0.21459999999999999, 0.013390984751069281, 0.037258811093426866));
#1705 = CARTESIAN_POINT('', (0.21459999999999999, 0.013531832989568471, 0.03697049690772497));
#1706 = CARTESIAN_POINT('', (0.21459999999999999, 0.0135621544853565, 0.03690842927052524));
#1707 = CARTESIAN_POINT('', (0.21459999999999999, 0.013694878174388135, 0.036617870945431126));
#1708 = CARTESIAN_POINT('', (0.21459999999999999, 0.013723450635221342, 0.03655532019489002));
#1709 = CARTESIAN_POINT('', (0.21459999999999999, 0.013848026044813565, 0.03626284816056097));
#1710 = CARTESIAN_POINT('', (0.21459999999999999, 0.013874844362156337, 0.036199885430948466));
#1711 = CARTESIAN_POINT('', (0.21459999999999999, 0.01399126491020797, 0.03590582771983255));
#1712 = CARTESIAN_POINT('', (0.21459999999999999, 0.014016327667080193, 0.0358425236292451));
#1713 = CARTESIAN_POINT('', (0.21459999999999999, 0.014124603519572664, 0.03554720482126694));
#1714 = CARTESIAN_POINT('', (0.21459999999999999, 0.014147912904484236, 0.035483629244549425));
#1715 = CARTESIAN_POINT('', (0.21459999999999999, 0.014248070503039991, 0.03518736946182099));
#1716 = CARTESIAN_POINT('', (0.21459999999999999, 0.014269632208284632, 0.035123591314150285));
#1717 = CARTESIAN_POINT('', (0.21459999999999999, 0.014361713731044435, 0.034826705270486036));
#1718 = CARTESIAN_POINT('', (0.21459999999999999, 0.014381536836638559, 0.03476279230275276));
#1719 = CARTESIAN_POINT('', (0.21459999999999999, 0.014465599598797688, 0.03446558841253184));
#1720 = CARTESIAN_POINT('', (0.21459999999999999, 0.014483696443429173, 0.034401607019498154));
#1721 = CARTESIAN_POINT('', (0.21459999999999999, 0.014559812244046141, 0.03410438656966123));
#1722 = CARTESIAN_POINT('', (0.21459999999999999, 0.014576198284456738, 0.03404040161171023));
#1723 = CARTESIAN_POINT('', (0.21459999999999999, 0.014644452706329782, 0.033743457999919464));
#1724 = CARTESIAN_POINT('', (0.21459999999999999, 0.014659146366594116, 0.03367953263904784));
#1725 = CARTESIAN_POINT('', (0.21459999999999999, 0.014719638036092362, 0.03338315068028226));
#1726 = CARTESIAN_POINT('', (0.21459999999999999, 0.014732660548276013, 0.03331934623082579));
#1727 = CARTESIAN_POINT('', (0.21459999999999999, 0.014785500362018533, 0.03302380153394792));
#1728 = CARTESIAN_POINT('', (0.21459999999999999, 0.014796875599699215, 0.03296017732837004));
#1729 = CARTESIAN_POINT('', (0.21459999999999999, 0.014842185924901342, 0.032665735743486));
#1730 = CARTESIAN_POINT('', (0.21459999999999999, 0.01485194023102125, 0.03260234901340677));
#1731 = CARTESIAN_POINT('', (0.21459999999999999, 0.014889854086180031, 0.032309266150165245));
#1732 = CARTESIAN_POINT('', (0.21459999999999999, 0.014898016096665606, 0.03224617192266185));
#1733 = CARTESIAN_POINT('', (0.21459999999999999, 0.01492867631904236, 0.03195469273900104));
#1734 = CARTESIAN_POINT('', (0.21459999999999999, 0.014935276783581803, 0.03189194374807404));
#1735 = CARTESIAN_POINT('', (0.21459999999999999, 0.014958835189667197, 0.03160230220833718));
#1736 = CARTESIAN_POINT('', (0.21459999999999999, 0.014963906790977248, 0.03153994882131048));
#1737 = CARTESIAN_POINT('', (0.21459999999999999, 0.014980523335801108, 0.0312523676221149));
#1738 = CARTESIAN_POINT('', (0.21459999999999999, 0.014984100508645135, 0.03119045778062138));
#1739 = CARTESIAN_POINT('', (0.21459999999999999, 0.014993942449428253, 0.03090514814238547));
#1740 = CARTESIAN_POINT('', (0.21459999999999999, 0.014996061200569063, 0.030843727317487454));
#1741 = CARTESIAN_POINT('', (0.21459999999999999, 0.014996522425666296, 0.030803477574333705));
#1742 = CARTESIAN_POINT('', (0.21459999999999999, 0.014999302269815091, 0.03056088883909779));
#1743 = CARTESIAN_POINT('', (0.21459999999999999, 0.015, 0.0305));
#1744 = B_SPLINE_CURVE_WITH_KNOTS('', 2, (#1615, #1616, #1617, #1618, #1619, #1620, #1621, #1622, #1623, #1624, #1625, #1626, #1627, #1628, #1629, #1630, #1631, #1632, #1633, #1634, #1635, #1636, #1637, #1638, #1639, #1640, #1641, #1642, #1643, #1644, #1645, #1646, #1647, #1648, #1649, #1650, #1651, #1652, #1653, #1654, #1655, #1656, #1657, #1658, #1659, #1660, #1661, #1662, #1663, #1664, #1665, #1666, #1667, #1668, #1669, #1670, #1671, #1672, #1673, #1674, #1675, #1676, #1677, #1678, #1679, #1680, #1681, #1682, #1683, #1684, #1685, #1686, #1687, #1688, #1689, #1690, #1691, #1692, #1693, #1694, #1695, #1696, #1697, #1698, #1699, #1700, #1701, #1702, #1703, #1704, #1705, #1706, #1707, #1708, #1709, #1710, #1711, #1712, #1713, #1714, #1715, #1716, #1717, #1718, #1719, #1720, #1721, #1722, #1723, #1724, #1725, #1726, #1727, #1728, #1729, #1730, #1731, #1732, #1733, #1734, #1735, #1736, #1737, #1738, #1739, #1740, #1741, #1742, #1743), .UNSPECIFIED., .F., .F., (3, 1, 1, 1, 1, 1, 1, 1, 1, 1, 1, 1, 1, 1, 1, 1, 1, 1, 1, 1, 1, 1, 1, 1, 1, 1, 1, 1, 1, 1, 1, 1, 1, 1, 1, 1, 1, 1, 1, 1, 1, 1, 1, 1, 1, 1, 1, 1, 1, 1, 1, 1, 1, 1, 1, 1, 1, 1, 1, 1, 1, 1, 1, 1, 1, 1, 1, 1, 1, 1, 1, 1, 1, 1, 1, 1, 1, 1, 1, 1, 1, 1, 1, 1, 1, 1, 1, 1, 1, 1, 1, 1, 1, 1, 1, 1, 1, 1, 1, 1, 1, 1, 1, 1, 1, 1, 1, 1, 1, 1, 1, 1, 1, 1, 1, 1, 1, 1, 1, 1, 1, 1, 1, 1, 1, 1, 1, 3), (0.5, 0.5019762845849802, 0.5059288537549407, 0.5098814229249012, 0.5138339920948617, 0.5177865612648221, 0.5217391304347827, 0.5256916996047432, 0.5296442687747036, 0.5335968379446641, 0.5375494071146245, 0.541501976284585, 0.5454545454545454, 0.549407114624506, 0.5533596837944664, 0.5573122529644269, 0.5612648221343874, 0.5652173913043479, 0.5691699604743083, 0.5731225296442688, 0.5770750988142292, 0.5810276679841897, 0.5849802371541502, 0.5889328063241107, 0.5928853754940712, 0.5968379446640317, 0.6007905138339922, 0.6047430830039526, 0.6086956521739131, 0.6126482213438735, 0.616600790513834, 0.6205533596837944, 0.6245059288537549, 0.6284584980237155, 0.6324110671936759, 0.6363636363636365, 0.6403162055335969, 0.6442687747035574, 0.6482213438735178, 0.6521739130434783, 0.6561264822134387, 0.6600790513833992, 0.6640316205533596, 0.6679841897233202, 0.6719367588932806, 0.6758893280632412, 0.6798418972332017, 0.6837944664031621, 0.6877470355731226, 0.691699604743083, 0.6956521739130435, 0.6996047430830039, 0.7035573122529645, 0.7075098814229249, 0.7114624505928854, 0.7154150197628459, 0.7193675889328064, 0.7233201581027668, 0.7272727272727273, 0.7312252964426877, 0.7351778656126482, 0.7391304347826086, 0.7430830039525692, 0.7470355731225297, 0.7509881422924901, 0.7549407114624507, 0.7588932806324111, 0.7628458498023716, 0.766798418972332, 0.7707509881422925, 0.7747035573122529, 0.7786561264822134, 0.782608695652174, 0.7865612648221344, 0.7905138339920948, 0.7944664031620554, 0.7984189723320159, 0.8023715415019763, 0.8063241106719368, 0.8102766798418972, 0.8142292490118577, 0.8181818181818182, 0.8221343873517787, 0.8260869565217391, 0.8300395256916996, 0.8339920948616601, 0.8379446640316206, 0.841897233201581, 0.8458498023715415, 0.849802371541502, 0.8537549407114624, 0.857707509881423, 0.8616600790513834, 0.8656126482213439, 0.8695652173913043, 0.8735177865612649, 0.8774703557312253, 0.8814229249011858, 0.8853754940711462, 0.8893280632411067, 0.8932806324110671, 0.8972332015810277, 0.9011857707509882, 0.9051383399209486, 0.9090909090909091, 0.9130434782608696, 0.9169960474308301, 0.9209486166007905, 0.924901185770751, 0.9288537549407114, 0.9328063241106719, 0.9367588932806324, 0.9407114624505929, 0.9446640316205533, 0.9486166007905138, 0.9525691699604744, 0.9565217391304348, 0.9604743083003953, 0.9644268774703557, 0.9683794466403162, 0.9723320158102767, 0.9762845849802372, 0.9802371541501976, 0.9841897233201581, 0.9881422924901185, 0.9920948616600791, 0.9960474308300395, 1), .UNSPECIFIED.);
#1745 = CARTESIAN_POINT('', (0.2146, -0.0002500635555839732, 0.015502865498726233));
#1746 = CARTESIAN_POINT('', (0.21459999999999999, -0.00028799825237568543, 0.015503300195517947));
#1747 = CARTESIAN_POINT('', (0.21459999999999999, -0.0003034775743337068, 0.015503477574333704));
#1748 = CARTESIAN_POINT('', (0.21459999999999999, -0.0003437273174874553, 0.015503938799430935));
#1749 = CARTESIAN_POINT('', (0.21459999999999999, -0.0006290369557233631, 0.015513780740214055));
#1750 = CARTESIAN_POINT('', (0.21459999999999999, -0.0006904577806213883, 0.015515899491354866));
#1751 = CARTESIAN_POINT('', (0.21459999999999999, -0.0009780389798169685, 0.015532516036178728));
#1752 = CARTESIAN_POINT('', (0.21459999999999999, -0.001039948821310479, 0.015536093209022757));
#1753 = CARTESIAN_POINT('', (0.21459999999999999, -0.0013295903610473366, 0.015559651615108146));
#1754 = CARTESIAN_POINT('', (0.21459999999999999, -0.0013919437480740386, 0.015564723216418198));
#1755 = CARTESIAN_POINT('', (0.21459999999999999, -0.0016834229317348678, 0.015595383438794956));
#1756 = CARTESIAN_POINT('', (0.21459999999999999, -0.0017461719226618479, 0.015601983903334397));
#1757 = CARTESIAN_POINT('', (0.21459999999999999, -0.0020392547859033735, 0.015639897758493174));
#1758 = CARTESIAN_POINT('', (0.21459999999999999, -0.0021023490134067717, 0.015648059768978748));
#1759 = CARTESIAN_POINT('', (0.21459999999999999, -0.002396790598290819, 0.015693370094180877));
#1760 = CARTESIAN_POINT('', (0.21459999999999999, -0.0024601773283700378, 0.015703124400300784));
#1761 = CARTESIAN_POINT('', (0.21459999999999999, -0.0027557220252479105, 0.015755964214043305));
#1762 = CARTESIAN_POINT('', (0.21459999999999999, -0.0028193462308257855, 0.015767339451723986));
#1763 = CARTESIAN_POINT('', (0.21459999999999999, -0.0031157281895913586, 0.01582783112122223));
#1764 = CARTESIAN_POINT('', (0.21459999999999999, -0.0031795326390478356, 0.015840853633405882));
#1765 = CARTESIAN_POINT('', (0.21459999999999999, -0.003476476250838598, 0.015909108055278922));
#1766 = CARTESIAN_POINT('', (0.21459999999999999, -0.003540401611710231, 0.01592380171554326));
#1767 = CARTESIAN_POINT('', (0.21459999999999999, -0.003837622061547124, 0.015999917516160228));
#1768 = CARTESIAN_POINT('', (0.21459999999999999, -0.0039016070194981393, 0.01601630355657083));
#1769 = CARTESIAN_POINT('', (0.21459999999999999, -0.00419881090971908, 0.01610036631872996));
#1770 = CARTESIAN_POINT('', (0.21459999999999999, -0.004262792302752759, 0.01611846316336144));
#1771 = CARTESIAN_POINT('', (0.21459999999999999, -0.00455967834641699, 0.016210544686121243));
#1772 = CARTESIAN_POINT('', (0.21459999999999999, -0.004623591314150276, 0.01623036779171537));
#1773 = CARTESIAN_POINT('', (0.21459999999999999, -0.004919851096878706, 0.01633052539027111));
#1774 = CARTESIAN_POINT('', (0.21459999999999999, -0.004983629244549427, 0.016352087095515756));
#1775 = CARTESIAN_POINT('', (0.21459999999999999, -0.005278948052527567, 0.016460362948008227));
#1776 = CARTESIAN_POINT('', (0.21459999999999999, -0.005342523629245101, 0.016483672332919804));
#1777 = CARTESIAN_POINT('', (0.21459999999999999, -0.005636581340360997, 0.016600092880971435));
#1778 = CARTESIAN_POINT('', (0.21459999999999999, -0.00569988543094846, 0.016625155637843666));
#1779 = CARTESIAN_POINT('', (0.21459999999999999, -0.005992357465277515, 0.016749731047435885));
#1780 = CARTESIAN_POINT('', (0.21459999999999999, -0.006055320194890019, 0.016776549364778657));
#1781 = CARTESIAN_POINT('', (0.21459999999999999, -0.006345878519984101, 0.016909273053810285));
#1782 = CARTESIAN_POINT('', (0.21459999999999999, -0.006408429270525238, 0.016937845514643505));
#1783 = CARTESIAN_POINT('', (0.21459999999999999, -0.006696743456227125, 0.017078693753142686));
#1784 = CARTESIAN_POINT('', (0.21459999999999999, -0.006758811093426858, 0.017109015248930718));
#1785 = CARTESIAN_POINT('', (0.21459999999999999, -0.00704454941022419, 0.01725794683743221));
#1786 = CARTESIAN_POINT('', (0.21459999999999999, -0.007106062520090297, 0.017290008498845735));
#1787 = CARTESIAN_POINT('', (0.21459999999999999, -0.007388893074361475, 0.017446964529894308));
#1788 = CARTESIAN_POINT('', (0.21459999999999999, -0.0074497802075726306, 0.017480753675467267));
#1789 = CARTESIAN_POINT('', (0.21459999999999999, -0.0076500000000000005, 0.017598843599163062));
#1790 = CARTESIAN_POINT('', (0.21459999999999999, -0.007729372106469162, 0.017645657382570203));
#1791 = CARTESIAN_POINT('', (0.21459999999999999, -0.007789562029148289, 0.01768115748618265));
#1792 = CARTESIAN_POINT('', (0.21459999999999999, -0.008065586567319968, 0.017853914183816492));
#1793 = CARTESIAN_POINT('', (0.21459999999999999, -0.00812500851650971, 0.017891104861779337));
#1794 = CARTESIAN_POINT('', (0.21459999999999999, -0.008397140376419077, 0.01807160197926571));
#1795 = CARTESIAN_POINT('', (0.21459999999999999, -0.0084557243184829, 0.018110458997613474));
#1796 = CARTESIAN_POINT('', (0.21459999999999999, -0.008723642775686796, 0.018298566208826385));
#1797 = CARTESIAN_POINT('', (0.21459999999999999, -0.008781319665779306, 0.018339061511240276));
#1798 = CARTESIAN_POINT('', (0.21459999999999999, -0.00904470979028485, 0.018534630961203533));
#1799 = CARTESIAN_POINT('', (0.21459999999999999, -0.009101411830977025, 0.01857673271779285));
#1800 = CARTESIAN_POINT('', (0.21459999999999999, -0.009359965675615879, 0.018779599346284474));
#1801 = CARTESIAN_POINT('', (0.21459999999999999, -0.009415626572725646, 0.01882327202325143));
#1802 = CARTESIAN_POINT('', (0.21459999999999999, -0.009669044339439346, 0.019033253984565915));
#1803 = CARTESIAN_POINT('', (0.21459999999999999, -0.009723599553106877, 0.019078458434571115));
#1804 = CARTESIAN_POINT('', (0.21459999999999999, -0.009971590728100508, 0.019295357611615084));
#1805 = CARTESIAN_POINT('', (0.21459999999999999, -0.010024977717161631, 0.019342051184450936));
#1806 = CARTESIAN_POINT('', (0.21459999999999999, -0.010267262166065475, 0.019565653794378957));
#1807 = CARTESIAN_POINT('', (0.21459999999999999, -0.010319420623815604, 0.019613790467349568));
#1808 = CARTESIAN_POINT('', (0.21459999999999999, -0.010555729638292698, 0.019843867754999373));
#1809 = CARTESIAN_POINT('', (0.21459999999999999, -0.010606601717798213, 0.01989339828220179));
#1810 = CARTESIAN_POINT('', (0.21459999999999999, -0.010836679005448028, 0.02012970729667889));
#1811 = CARTESIAN_POINT('', (0.21459999999999999, -0.010886209532650433, 0.020180579376184393));
#1812 = CARTESIAN_POINT('', (0.21459999999999999, -0.011109812142578451, 0.020422863825088237));
#1813 = CARTESIAN_POINT('', (0.21459999999999999, -0.011157948815549063, 0.020475022282838366));
#1814 = CARTESIAN_POINT('', (0.21459999999999999, -0.01137484799259303, 0.020723013457831996));
#1815 = CARTESIAN_POINT('', (0.21459999999999999, -0.011421541565428885, 0.020776400446893124));
#1816 = CARTESIAN_POINT('', (0.21459999999999999, -0.011631523526743353, 0.021029818213606805));
#1817 = CARTESIAN_POINT('', (0.21459999999999999, -0.01167672797674857, 0.021084373427274358));
#1818 = CARTESIAN_POINT('', (0.21459999999999999, -0.011879594605240192, 0.02134292727191321));
#1819 = CARTESIAN_POINT('', (0.21459999999999999, -0.01192326728220715, 0.021398588169022976));
#1820 = CARTESIAN_POINT('', (0.21459999999999999, -0.012118836732170412, 0.021661978293528526));
#1821 = CARTESIAN_POINT('', (0.21459999999999999, -0.012160938488759723, 0.021718680334220693));
#1822 = CARTESIAN_POINT('', (0.21459999999999999, -0.012349045699972645, 0.021986598791424613));
#1823 = CARTESIAN_POINT('', (0.21459999999999999, -0.012389541002386525, 0.022044275681517102));
#1824 = CARTESIAN_POINT('', (0.21459999999999999, -0.01257003811987289, 0.022316407541426452));
#1825 = CARTESIAN_POINT('', (0.21459999999999999, -0.012608895138220666, 0.022374991483490293));
#1826 = CARTESIAN_POINT('', (0.21459999999999999, -0.012781651835854505, 0.02265101602166197));
#1827 = CARTESIAN_POINT('', (0.21459999999999999, -0.012818842513817355, 0.02271043797085172));
#1828 = CARTESIAN_POINT('', (0.21459999999999999, -0.012901156400836937, 0.02285));
#1829 = CARTESIAN_POINT('', (0.21459999999999999, -0.012983746220920286, 0.02299002986974824));
#1830 = CARTESIAN_POINT('', (0.21459999999999999, -0.013019246324532736, 0.023050219792427374));
#1831 = CARTESIAN_POINT('', (0.21459999999999999, -0.013176202355581281, 0.0233330503466985));
#1832 = CARTESIAN_POINT('', (0.21459999999999999, -0.013209991501154261, 0.023393937479909695));
#1833 = CARTESIAN_POINT('', (0.21459999999999999, -0.013358923089655752, 0.023679675796707024));
#1834 = CARTESIAN_POINT('', (0.21459999999999999, -0.013390984751069278, 0.023741188906573136));
#1835 = CARTESIAN_POINT('', (0.21459999999999999, -0.013531832989568471, 0.02402950309227504));
#1836 = CARTESIAN_POINT('', (0.21459999999999999, -0.0135621544853565, 0.024091570729474772));
#1837 = CARTESIAN_POINT('', (0.21459999999999999, -0.01369487817438814, 0.024382129054568887));
#1838 = CARTESIAN_POINT('', (0.21459999999999999, -0.013723450635221344, 0.024444679805109983));
#1839 = CARTESIAN_POINT('', (0.21459999999999999, -0.013848026044813565, 0.024737151839439035));
#1840 = CARTESIAN_POINT('', (0.21459999999999999, -0.01387484436215634, 0.024800114569051547));
#1841 = CARTESIAN_POINT('', (0.21459999999999999, -0.013991264910207961, 0.025094172280167436));
#1842 = CARTESIAN_POINT('', (0.21459999999999999, -0.014016327667080193, 0.025157476370754904));
#1843 = CARTESIAN_POINT('', (0.21459999999999999, -0.014124603519572667, 0.025452795178733063));
#1844 = CARTESIAN_POINT('', (0.21459999999999999, -0.01414791290448424, 0.02551637075545058));
#1845 = CARTESIAN_POINT('', (0.21459999999999999, -0.014248070503039986, 0.025812630538179008));
#1846 = CARTESIAN_POINT('', (0.21459999999999999, -0.014269632208284632, 0.025876408685849728));
#1847 = CARTESIAN_POINT('', (0.21459999999999999, -0.014361713731044433, 0.026173294729513963));
#1848 = CARTESIAN_POINT('', (0.21459999999999999, -0.014381536836638559, 0.026237207697247238));
#1849 = CARTESIAN_POINT('', (0.21459999999999999, -0.014465599598797688, 0.026534411587468176));
#1850 = CARTESIAN_POINT('', (0.21459999999999999, -0.014483696443429171, 0.026598392980501866));
#1851 = CARTESIAN_POINT('', (0.21459999999999999, -0.014559812244046134, 0.026895613430338743));
#1852 = CARTESIAN_POINT('', (0.21459999999999999, -0.014576198284456741, 0.026959598388289773));
#1853 = CARTESIAN_POINT('', (0.21459999999999999, -0.01464445270632978, 0.027256542000080538));
#1854 = CARTESIAN_POINT('', (0.21459999999999999, -0.014659146366594114, 0.027320467360952165));
#1855 = CARTESIAN_POINT('', (0.21459999999999999, -0.014719638036092357, 0.02761684931971772));
#1856 = CARTESIAN_POINT('', (0.21459999999999999, -0.014732660548276013, 0.02768065376917422));
#1857 = CARTESIAN_POINT('', (0.21459999999999999, -0.014785500362018533, 0.027976198466052087));
#1858 = CARTESIAN_POINT('', (0.21459999999999999, -0.014796875599699215, 0.028039822671629962));
#1859 = CARTESIAN_POINT('', (0.21459999999999999, -0.014842185924901349, 0.02833426425651403));
#1860 = CARTESIAN_POINT('', (0.21459999999999999, -0.014851940231021252, 0.02839765098659323));
#1861 = CARTESIAN_POINT('', (0.21459999999999999, -0.01488985408618003, 0.028690733849834758));
#1862 = CARTESIAN_POINT('', (0.21459999999999999, -0.014898016096665603, 0.028753828077338155));
#1863 = CARTESIAN_POINT('', (0.21459999999999999, -0.014928676319042359, 0.02904530726099897));
#1864 = CARTESIAN_POINT('', (0.21459999999999999, -0.014935276783581801, 0.02910805625192596));
#1865 = CARTESIAN_POINT('', (0.21459999999999999, -0.014958835189667197, 0.029397697791662826));
#1866 = CARTESIAN_POINT('', (0.21459999999999999, -0.014963906790977246, 0.02946005117868953));
#1867 = CARTESIAN_POINT('', (0.21459999999999999, -0.014980523335801108, 0.0297476323778851));
#1868 = CARTESIAN_POINT('', (0.21459999999999999, -0.014984100508645135, 0.029809542219378617));
#1869 = CARTESIAN_POINT('', (0.21459999999999999, -0.014993942449428253, 0.030094851857614537));
#1870 = CARTESIAN_POINT('', (0.21459999999999999, -0.014996061200569063, 0.030156272682512548));
#1871 = CARTESIAN_POINT('', (0.21459999999999999, -0.014996522425666296, 0.03019652242566629));
#1872 = CARTESIAN_POINT('', (0.21459999999999999, -0.014999302269815091, 0.030439111160902213));
#1873 = CARTESIAN_POINT('', (0.21459999999999999, -0.015, 0.030500000000000003));
#1874 = B_SPLINE_CURVE_WITH_KNOTS('', 2, (#1745, #1746, #1747, #1748, #1749, #1750, #1751, #1752, #1753, #1754, #1755, #1756, #1757, #1758, #1759, #1760, #1761, #1762, #1763, #1764, #1765, #1766, #1767, #1768, #1769, #1770, #1771, #1772, #1773, #1774, #1775, #1776, #1777, #1778, #1779, #1780, #1781, #1782, #1783, #1784, #1785, #1786, #1787, #1788, #1789, #1790, #1791, #1792, #1793, #1794, #1795, #1796, #1797, #1798, #1799, #1800, #1801, #1802, #1803, #1804, #1805, #1806, #1807, #1808, #1809, #1810, #1811, #1812, #1813, #1814, #1815, #1816, #1817, #1818, #1819, #1820, #1821, #1822, #1823, #1824, #1825, #1826, #1827, #1828, #1829, #1830, #1831, #1832, #1833, #1834, #1835, #1836, #1837, #1838, #1839, #1840, #1841, #1842, #1843, #1844, #1845, #1846, #1847, #1848, #1849, #1850, #1851, #1852, #1853, #1854, #1855, #1856, #1857, #1858, #1859, #1860, #1861, #1862, #1863, #1864, #1865, #1866, #1867, #1868, #1869, #1870, #1871, #1872, #1873), .UNSPECIFIED., .F., .F., (3, 1, 1, 1, 1, 1, 1, 1, 1, 1, 1, 1, 1, 1, 1, 1, 1, 1, 1, 1, 1, 1, 1, 1, 1, 1, 1, 1, 1, 1, 1, 1, 1, 1, 1, 1, 1, 1, 1, 1, 1, 1, 1, 1, 1, 1, 1, 1, 1, 1, 1, 1, 1, 1, 1, 1, 1, 1, 1, 1, 1, 1, 1, 1, 1, 1, 1, 1, 1, 1, 1, 1, 1, 1, 1, 1, 1, 1, 1, 1, 1, 1, 1, 1, 1, 1, 1, 1, 1, 1, 1, 1, 1, 1, 1, 1, 1, 1, 1, 1, 1, 1, 1, 1, 1, 1, 1, 1, 1, 1, 1, 1, 1, 1, 1, 1, 1, 1, 1, 1, 1, 1, 1, 1, 1, 1, 1, 3), (0.5, 0.5019762845849802, 0.5059288537549407, 0.5098814229249012, 0.5138339920948617, 0.5177865612648221, 0.5217391304347827, 0.5256916996047432, 0.5296442687747036, 0.5335968379446641, 0.5375494071146245, 0.541501976284585, 0.5454545454545454, 0.549407114624506, 0.5533596837944664, 0.5573122529644269, 0.5612648221343874, 0.5652173913043479, 0.5691699604743083, 0.5731225296442688, 0.5770750988142292, 0.5810276679841897, 0.5849802371541502, 0.5889328063241107, 0.5928853754940712, 0.5968379446640317, 0.6007905138339922, 0.6047430830039526, 0.6086956521739131, 0.6126482213438735, 0.616600790513834, 0.6205533596837944, 0.6245059288537549, 0.6284584980237155, 0.6324110671936759, 0.6363636363636365, 0.6403162055335969, 0.6442687747035574, 0.6482213438735178, 0.6521739130434783, 0.6561264822134387, 0.6600790513833992, 0.6640316205533596, 0.6679841897233202, 0.6719367588932806, 0.6758893280632412, 0.6798418972332017, 0.6837944664031621, 0.6877470355731226, 0.691699604743083, 0.6956521739130435, 0.6996047430830039, 0.7035573122529645, 0.7075098814229249, 0.7114624505928854, 0.7154150197628459, 0.7193675889328064, 0.7233201581027668, 0.7272727272727273, 0.7312252964426877, 0.7351778656126482, 0.7391304347826086, 0.7430830039525692, 0.7470355731225297, 0.7509881422924901, 0.7549407114624507, 0.7588932806324111, 0.7628458498023716, 0.766798418972332, 0.7707509881422925, 0.7747035573122529, 0.7786561264822134, 0.782608695652174, 0.7865612648221344, 0.7905138339920948, 0.7944664031620554, 0.7984189723320159, 0.8023715415019763, 0.8063241106719368, 0.8102766798418972, 0.8142292490118577, 0.8181818181818182, 0.8221343873517787, 0.8260869565217391, 0.8300395256916996, 0.8339920948616601, 0.8379446640316206, 0.841897233201581, 0.8458498023715415, 0.849802371541502, 0.8537549407114624, 0.857707509881423, 0.8616600790513834, 0.8656126482213439, 0.8695652173913043, 0.8735177865612649, 0.8774703557312253, 0.8814229249011858, 0.8853754940711462, 0.8893280632411067, 0.8932806324110671, 0.8972332015810277, 0.9011857707509882, 0.9051383399209486, 0.9090909090909091, 0.9130434782608696, 0.9169960474308301, 0.9209486166007905, 0.924901185770751, 0.9288537549407114, 0.9328063241106719, 0.9367588932806324, 0.9407114624505929, 0.9446640316205533, 0.9486166007905138, 0.9525691699604744, 0.9565217391304348, 0.9604743083003953, 0.9644268774703557, 0.9683794466403162, 0.9723320158102767, 0.9762845849802372, 0.9802371541501976, 0.9841897233201581, 0.9881422924901185, 0.9920948616600791, 0.9960474308300395, 1), .UNSPECIFIED.);
#1875 = DIRECTION('', (0, 1, 0.00000000000000017763568394002508));
#1876 = DIRECTION('', (1, -0, -0));
#1877 = CARTESIAN_POINT('', (0.2565, 0.000000000000000003552713678800501, 0.030499999999999996));
#1878 = AXIS2_PLACEMENT_3D('', #1877, #1876, #1875);
#1879 = CIRCLE('', #1878, 0.019999999999999997);
#1880 = DIRECTION('', (0, -1, 0.0000000000000003552713678800501));
#1881 = DIRECTION('', (1, 0, 0));
#1882 = CARTESIAN_POINT('', (0.2565, 0, 0.030499999999999996));
#1883 = AXIS2_PLACEMENT_3D('', #1882, #1881, #1880);
#1884 = CIRCLE('', #1883, 0.02);
#1885 = CARTESIAN_POINT('', (0.24459999999999998, -0.019999999999999997, 0.0305));
#1886 = CARTESIAN_POINT('', (0.24459999999999998, -0.019999824942247512, 0.030515276769666092));
#1887 = CARTESIAN_POINT('', (0.24459999999999998, -0.01999474826742542, 0.03095830308998327));
#1888 = CARTESIAN_POINT('', (0.24459999999999998, -0.019994216681117692, 0.03097371333278907));
#1889 = CARTESIAN_POINT('', (0.24459999999999998, -0.01997880067819351, 0.03142061037416185));
#1890 = CARTESIAN_POINT('', (0.24459999999999998, -0.019977903179630486, 0.031436143309303693));
#1891 = CARTESIAN_POINT('', (0.24459999999999998, -0.019951875721302997, 0.031886598428413966));
#1892 = CARTESIAN_POINT('', (0.24459999999999998, -0.01995060327652987, 0.03190224264738121));
#1893 = CARTESIAN_POINT('', (0.24459999999999998, -0.019913702378109067, 0.032355924997432055));
#1894 = CARTESIAN_POINT('', (0.24459999999999998, -0.019912046347579492, 0.03237166847185789));
#1895 = CARTESIAN_POINT('', (0.24459999999999998, -0.01986402146222081, 0.0328282292302158));
#1896 = CARTESIAN_POINT('', (0.24459999999999998, -0.019861973645969987, 0.03284405932313751));
#1897 = CARTESIAN_POINT('', (0.24459999999999998, -0.019802586974695, 0.0333031320178757));
#1898 = CARTESIAN_POINT('', (0.24459999999999998, -0.01980013965774738, 0.033319035498540574));
#1899 = CARTESIAN_POINT('', (0.24459999999999998, -0.019729167466265626, 0.033780236437826724));
#1900 = CARTESIAN_POINT('', (0.24459999999999998, -0.0197263134639802, 0.033796199500157796));
#1901 = CARTESIAN_POINT('', (0.24459999999999998, -0.01964354739770135, 0.03425912830776772));
#1902 = CARTESIAN_POINT('', (0.24459999999999998, -0.01964028010073771, 0.034275136592577575));
#1903 = CARTESIAN_POINT('', (0.24459999999999998, -0.019545528488792156, 0.03473937685206378));
#1904 = CARTESIAN_POINT('', (0.24459999999999998, -0.019544378766258724, 0.03474437876625872));
#1905 = CARTESIAN_POINT('', (0.24459999999999998, -0.01954184190736383, 0.03475541547307098));
#1906 = CARTESIAN_POINT('', (0.24459999999999998, -0.019434931045942315, 0.03522053548228031));
#1907 = CARTESIAN_POINT('', (0.24459999999999998, -0.019430819853007795, 0.035236589055959625));
#1908 = CARTESIAN_POINT('', (0.24459999999999998, -0.019311595257905566, 0.035702142692664196));
#1909 = CARTESIAN_POINT('', (0.24459999999999998, -0.019307054830937177, 0.03571819537191967));
#1910 = CARTESIAN_POINT('', (0.24459999999999998, -0.019175382448851412, 0.036183723070337015));
#1911 = CARTESIAN_POINT('', (0.24459999999999998, -0.01917040890981355, 0.0361997585819544));
#1912 = CARTESIAN_POINT('', (0.24459999999999998, -0.019026176277712838, 0.03666478841886705));
#1913 = CARTESIAN_POINT('', (0.24459999999999998, -0.01902076653087741, 0.03668079010466214));
#1914 = CARTESIAN_POINT('', (0.24459999999999998, -0.01886388387264565, 0.03714483899273258));
#1915 = CARTESIAN_POINT('', (0.24459999999999998, -0.018858035639872192, 0.03716078985427446));
#1916 = CARTESIAN_POINT('', (0.24459999999999998, -0.018688436889440257, 0.03762336483899347));
#1917 = CARTESIAN_POINT('', (0.24459999999999998, -0.018682148742554864, 0.03763924758573556));
#1918 = CARTESIAN_POINT('', (0.24459999999999998, -0.018499792482875112, 0.03809984724126461));
#1919 = CARTESIAN_POINT('', (0.24459999999999998, -0.018493063872789126, 0.03811564434188421));
#1920 = CARTESIAN_POINT('', (0.24459999999999998, -0.018478430438890386, 0.038149999999999996));
#1921 = CARTESIAN_POINT('', (0.24459999999999998, -0.01829793418029512, 0.038573760259853374));
#1922 = CARTESIAN_POINT('', (0.24459999999999998, -0.018290765462523482, 0.038589453996547986));
#1923 = CARTESIAN_POINT('', (0.24459999999999998, -0.018082872647141996, 0.03904457236070033));
#1924 = CARTESIAN_POINT('', (0.24459999999999998, -0.01807526510339604, 0.03906014488616234));
#1925 = CARTESIAN_POINT('', (0.24459999999999998, -0.017854646334759035, 0.039511748124569146));
#1926 = CARTESIAN_POINT('', (0.24459999999999998, -0.01784660219031838, 0.03952718152130972));
#1927 = CARTESIAN_POINT('', (0.24459999999999998, -0.01761332200153902, 0.03997475002678706));
#1928 = CARTESIAN_POINT('', (0.24459999999999998, -0.017604844438133697, 0.0399900263684528));
#1929 = CARTESIAN_POINT('', (0.24459999999999998, -0.017358995099376974, 0.040433040276763504));
#1930 = CARTESIAN_POINT('', (0.24459999999999998, -0.017350088263345182, 0.04044814169105575));
#1931 = CARTESIAN_POINT('', (0.24459999999999998, -0.017091790018423137, 0.04088608270553105));
#1932 = CARTESIAN_POINT('', (0.24459999999999998, -0.01708245902395218, 0.040900991438302656));
#1933 = CARTESIAN_POINT('', (0.24459999999999998, -0.016811860184294217, 0.041333344688679614));
#1934 = CARTESIAN_POINT('', (0.24459999999999998, -0.016802111111590575, 0.04134804316876717));
#1935 = CARTESIAN_POINT('', (0.24459999999999998, -0.016519388003182034, 0.04177429909131052));
#1936 = CARTESIAN_POINT('', (0.24459999999999998, -0.016509227891465375, 0.04178876999563468));
#1937 = CARTESIAN_POINT('', (0.24459999999999998, -0.016214584651679628, 0.04220842622103907));
#1938 = CARTESIAN_POINT('', (0.24459999999999998, -0.016204021486943974, 0.042222652539492284));
#1939 = CARTESIAN_POINT('', (0.24459999999999998, -0.015897689709609534, 0.04263521577463605));
#1940 = CARTESIAN_POINT('', (0.24459999999999998, -0.01588673240714491, 0.04264918087426906));
#1941 = CARTESIAN_POINT('', (0.24459999999999998, -0.015568970635664758, 0.0430541687636342));
#1942 = CARTESIAN_POINT('', (0.24459999999999998, -0.015557629017383895, 0.043067856451651135));
#1943 = CARTESIAN_POINT('', (0.24459999999999998, -0.015228722087238512, 0.0434647994041425));
#1944 = CARTESIAN_POINT('', (0.24459999999999998, -0.015217006853910732, 0.043478193989211364));
#1945 = CARTESIAN_POINT('', (0.24459999999999998, -0.014877265087398752, 0.0438666369562155));
#1946 = CARTESIAN_POINT('', (0.24459999999999998, -0.014865187785936708, 0.043879723307622215));
#1947 = CARTESIAN_POINT('', (0.24459999999999998, -0.014514946043533906, 0.044259227498420796));
#1948 = CARTESIAN_POINT('', (0.24459999999999998, -0.01450251902954049, 0.04427199110259779));
#1949 = CARTESIAN_POINT('', (0.24459999999999998, -0.014142135623730947, 0.044642135623730934));
#1950 = CARTESIAN_POINT('', (0.24459999999999998, -0.014129372019553959, 0.044654562637724354));
#1951 = CARTESIAN_POINT('', (0.24459999999999998, -0.013759227498420804, 0.04501494604353392));
#1952 = CARTESIAN_POINT('', (0.24459999999999998, -0.013746141147014196, 0.04502702334499586));
#1953 = CARTESIAN_POINT('', (0.24459999999999998, -0.01336663695621551, 0.045377265087398755));
#1954 = CARTESIAN_POINT('', (0.24459999999999998, -0.013353242371146429, 0.04538898032072673));
#1955 = CARTESIAN_POINT('', (0.24459999999999998, -0.012964799404142502, 0.045728722087238514));
#1956 = CARTESIAN_POINT('', (0.24459999999999998, -0.012951111716125924, 0.04574006370551909));
#1957 = CARTESIAN_POINT('', (0.24459999999999998, -0.0125541687636342, 0.04606897063566478));
#1958 = CARTESIAN_POINT('', (0.24459999999999998, -0.012540203664001296, 0.04607992793812931));
#1959 = CARTESIAN_POINT('', (0.24459999999999998, -0.012135215774636034, 0.04639768970960953));
#1960 = CARTESIAN_POINT('', (0.24459999999999998, -0.012120989456182944, 0.04640825287434509));
#1961 = CARTESIAN_POINT('', (0.24459999999999998, -0.011708426221039072, 0.04671458465167964));
#1962 = CARTESIAN_POINT('', (0.24459999999999998, -0.011693955316714808, 0.046724744763396366));
#1963 = CARTESIAN_POINT('', (0.24459999999999998, -0.011274299091310528, 0.04701938800318205));
#1964 = CARTESIAN_POINT('', (0.24459999999999998, -0.011259600611223225, 0.047029137075885526));
#1965 = CARTESIAN_POINT('', (0.24459999999999998, -0.010833344688679608, 0.047311860184294216));
#1966 = CARTESIAN_POINT('', (0.24459999999999998, -0.010818435955908128, 0.0473211911787651));
#1967 = CARTESIAN_POINT('', (0.24459999999999998, -0.010386082705531041, 0.04759179001842314));
#1968 = CARTESIAN_POINT('', (0.24459999999999998, -0.010370981291239065, 0.047600696854454776));
#1969 = CARTESIAN_POINT('', (0.24459999999999998, -0.009933040276763498, 0.04785899509937699));
#1970 = CARTESIAN_POINT('', (0.24459999999999998, -0.00991776393509777, 0.0478674726627823));
#1971 = CARTESIAN_POINT('', (0.24459999999999998, -0.009474750026787064, 0.048113322001539026));
#1972 = CARTESIAN_POINT('', (0.24459999999999998, -0.009459316630046483, 0.048121366145979685));
#1973 = CARTESIAN_POINT('', (0.24459999999999998, -0.009011748124569145, 0.04835464633475904));
#1974 = CARTESIAN_POINT('', (0.24459999999999998, -0.008996175599106737, 0.04836225387850519));
#1975 = CARTESIAN_POINT('', (0.24459999999999998, -0.008544572360700317, 0.048582872647142));
#1976 = CARTESIAN_POINT('', (0.24459999999999998, -0.008528878624005297, 0.04859004136491382));
#1977 = CARTESIAN_POINT('', (0.24459999999999998, -0.008073760259853364, 0.04879793418029512));
#1978 = CARTESIAN_POINT('', (0.24459999999999998, -0.008057963159234027, 0.048804662790381));
#1979 = CARTESIAN_POINT('', (0.24459999999999998, -0.0076500000000000005, 0.048978430438890386));
#1980 = CARTESIAN_POINT('', (0.24459999999999998, -0.007599847241264614, 0.048999792482875115));
#1981 = CARTESIAN_POINT('', (0.24459999999999998, -0.007583964494522388, 0.049006080629760564));
#1982 = CARTESIAN_POINT('', (0.24459999999999998, -0.007123364838993471, 0.04918843688944027));
#1983 = CARTESIAN_POINT('', (0.24459999999999998, -0.007107413977451722, 0.04919428512221368));
#1984 = CARTESIAN_POINT('', (0.24459999999999998, -0.006644838992732572, 0.049363883872645654));
#1985 = CARTESIAN_POINT('', (0.24459999999999998, -0.006628837306937354, 0.04936929361948112));
#1986 = CARTESIAN_POINT('', (0.24459999999999998, -0.006164788418867037, 0.04952617627771283));
#1987 = CARTESIAN_POINT('', (0.24459999999999998, -0.006148752907249389, 0.049531149816750775));
#1988 = CARTESIAN_POINT('', (0.24459999999999998, -0.005683723070337014, 0.049675382448851405));
#1989 = CARTESIAN_POINT('', (0.24459999999999998, -0.005667670391081545, 0.04967992287581979));
#1990 = CARTESIAN_POINT('', (0.24459999999999998, -0.005202142692664189, 0.04981159525790557));
#1991 = CARTESIAN_POINT('', (0.24459999999999998, -0.0051860891189850185, 0.049815706450840054));
#1992 = CARTESIAN_POINT('', (0.24459999999999998, -0.004720535482280311, 0.049934931045942335));
#1993 = CARTESIAN_POINT('', (0.24459999999999998, -0.004704496861273376, 0.0499386176273706));
#1994 = CARTESIAN_POINT('', (0.24459999999999998, -0.004244378766258723, 0.050044378766258724));
#1995 = CARTESIAN_POINT('', (0.24459999999999998, -0.004239376852063776, 0.05004552848879216));
#1996 = CARTESIAN_POINT('', (0.24459999999999998, -0.004223368567253785, 0.05004879578575582));
#1997 = CARTESIAN_POINT('', (0.24459999999999998, -0.0037591283077677094, 0.05014354739770135));
#1998 = CARTESIAN_POINT('', (0.24459999999999998, -0.0037431652454366334, 0.05014640139998677));
#1999 = CARTESIAN_POINT('', (0.24459999999999998, -0.0032802364378267117, 0.050229167466265615));
#2000 = CARTESIAN_POINT('', (0.24459999999999998, -0.003264332957161687, 0.05023161478321326));
#2001 = CARTESIAN_POINT('', (0.24459999999999998, -0.0028031320178756912, 0.050302586974694995));
#2002 = CARTESIAN_POINT('', (0.24459999999999998, -0.002787301924953848, 0.05030463479094583));
#2003 = CARTESIAN_POINT('', (0.24459999999999998, -0.0023282292302157924, 0.05036402146222081));
#2004 = CARTESIAN_POINT('', (0.24459999999999998, -0.0023124857557899636, 0.050365677492750394));
#2005 = CARTESIAN_POINT('', (0.24459999999999998, -0.0018559249974320466, 0.05041370237810906));
#2006 = CARTESIAN_POINT('', (0.24459999999999998, -0.0018402807784647956, 0.050414974822882194));
#2007 = CARTESIAN_POINT('', (0.24459999999999998, -0.0013865984284139679, 0.05045187572130301));
#2008 = CARTESIAN_POINT('', (0.24459999999999998, -0.001371065493272518, 0.050452773219866014));
#2009 = CARTESIAN_POINT('', (0.24459999999999998, -0.0009206103741618462, 0.050478800678193506));
#2010 = CARTESIAN_POINT('', (0.24459999999999998, -0.0009052001313559117, 0.050479332264501235));
#2011 = CARTESIAN_POINT('', (0.24459999999999998, -0.00045830308998326907, 0.05049474826742541));
#2012 = CARTESIAN_POINT('', (0.2446, -0.0004468455127337983, 0.050494879560739774));
#2013 = CARTESIAN_POINT('', (0.24459999999999998, -0.00038955762648588754, 0.05049553602731159));
#2014 = B_SPLINE_CURVE_WITH_KNOTS('', 2, (#1885, #1886, #1887, #1888, #1889, #1890, #1891, #1892, #1893, #1894, #1895, #1896, #1897, #1898, #1899, #1900, #1901, #1902, #1903, #1904, #1905, #1906, #1907, #1908, #1909, #1910, #1911, #1912, #1913, #1914, #1915, #1916, #1917, #1918, #1919, #1920, #1921, #1922, #1923, #1924, #1925, #1926, #1927, #1928, #1929, #1930, #1931, #1932, #1933, #1934, #1935, #1936, #1937, #1938, #1939, #1940, #1941, #1942, #1943, #1944, #1945, #1946, #1947, #1948, #1949, #1950, #1951, #1952, #1953, #1954, #1955, #1956, #1957, #1958, #1959, #1960, #1961, #1962, #1963, #1964, #1965, #1966, #1967, #1968, #1969, #1970, #1971, #1972, #1973, #1974, #1975, #1976, #1977, #1978, #1979, #1980, #1981, #1982, #1983, #1984, #1985, #1986, #1987, #1988, #1989, #1990, #1991, #1992, #1993, #1994, #1995, #1996, #1997, #1998, #1999, #2000, #2001, #2002, #2003, #2004, #2005, #2006, #2007, #2008, #2009, #2010, #2011, #2012, #2013), .UNSPECIFIED., .F., .F., (3, 1, 1, 1, 1, 1, 1, 1, 1, 1, 1, 1, 1, 1, 1, 1, 1, 1, 1, 1, 1, 1, 1, 1, 1, 1, 1, 1, 1, 1, 1, 1, 1, 1, 1, 1, 1, 1, 1, 1, 1, 1, 1, 1, 1, 1, 1, 1, 1, 1, 1, 1, 1, 1, 1, 1, 1, 1, 1, 1, 1, 1, 1, 1, 1, 1, 1, 1, 1, 1, 1, 1, 1, 1, 1, 1, 1, 1, 1, 1, 1, 1, 1, 1, 1, 1, 1, 1, 1, 1, 1, 1, 1, 1, 1, 1, 1, 1, 1, 1, 1, 1, 1, 1, 1, 1, 1, 1, 1, 1, 1, 1, 1, 1, 1, 1, 1, 1, 1, 1, 1, 1, 1, 1, 1, 1, 1, 3), (0, 0.003952569169960474, 0.007905138339920948, 0.011857707509881422, 0.015810276679841896, 0.01976284584980237, 0.023715415019762844, 0.02766798418972332, 0.03162055335968379, 0.035573122529644265, 0.03952569169960474, 0.043478260869565216, 0.04743083003952569, 0.05138339920948616, 0.05533596837944664, 0.05928853754940711, 0.06324110671936758, 0.06719367588932806, 0.07114624505928853, 0.07509881422924901, 0.07905138339920947, 0.08300395256916995, 0.08695652173913043, 0.0909090909090909, 0.09486166007905138, 0.09881422924901186, 0.10276679841897232, 0.1067193675889328, 0.11067193675889328, 0.11462450592885375, 0.11857707509881422, 0.12252964426877469, 0.12648221343873517, 0.13043478260869565, 0.13438735177865613, 0.13833992094861658, 0.14229249011857706, 0.14624505928853754, 0.15019762845849802, 0.1541501976284585, 0.15810276679841895, 0.16205533596837943, 0.1660079051383399, 0.16996047430830039, 0.17391304347826086, 0.17786561264822134, 0.1818181818181818, 0.18577075098814227, 0.18972332015810275, 0.19367588932806323, 0.1976284584980237, 0.20158102766798416, 0.20553359683794464, 0.20948616600790512, 0.2134387351778656, 0.21739130434782608, 0.22134387351778656, 0.225296442687747, 0.2292490118577075, 0.23320158102766797, 0.23715415019762845, 0.24110671936758893, 0.24505928853754938, 0.24901185770750986, 0.25296442687747034, 0.2569169960474308, 0.2608695652173913, 0.26482213438735175, 0.26877470355731226, 0.2727272727272727, 0.27667984189723316, 0.28063241106719367, 0.2845849802371541, 0.2885375494071146, 0.2924901185770751, 0.2964426877470355, 0.30039525691699603, 0.3043478260869565, 0.308300395256917, 0.31225296442687744, 0.3162055335968379, 0.3201581027667984, 0.32411067193675885, 0.32806324110671936, 0.3320158102766798, 0.3359683794466403, 0.33992094861660077, 0.3438735177865612, 0.34782608695652173, 0.3517786561264822, 0.3557312252964427, 0.35968379446640314, 0.3636363636363636, 0.3675889328063241, 0.37154150197628455, 0.37549407114624506, 0.3794466403162055, 0.38339920948616596, 0.38735177865612647, 0.3913043478260869, 0.3952569169960474, 0.3992094861660079, 0.40316205533596833, 0.40711462450592883, 0.4110671936758893, 0.4150197628458498, 0.41897233201581024, 0.4229249011857707, 0.4268774703557312, 0.43083003952569165, 0.43478260869565216, 0.4387351778656126, 0.4426877470355731, 0.44664031620553357, 0.450592885375494, 0.45454545454545453, 0.458498023715415, 0.4624505928853755, 0.46640316205533594, 0.4703557312252964, 0.4743083003952569, 0.47826086956521735, 0.48221343873517786, 0.4861660079051383, 0.49011857707509876, 0.49407114624505927, 0.4980237154150197, 0.5), .UNSPECIFIED.);
#2015 = CARTESIAN_POINT('', (0.24459999999999998, -0.019999999999999997, 0.0305));
#2016 = CARTESIAN_POINT('', (0.24459999999999998, -0.019994923325177903, 0.03005697367968269));
#2017 = CARTESIAN_POINT('', (0.24459999999999998, -0.01999474826742542, 0.03004169691001673));
#2018 = CARTESIAN_POINT('', (0.24459999999999998, -0.01997933226450124, 0.02959479986864409));
#2019 = CARTESIAN_POINT('', (0.24459999999999998, -0.01997880067819351, 0.029579389625838153));
#2020 = CARTESIAN_POINT('', (0.24459999999999998, -0.019952773219866, 0.029128934506727485));
#2021 = CARTESIAN_POINT('', (0.24459999999999998, -0.019951875721303, 0.029113401571586036));
#2022 = CARTESIAN_POINT('', (0.24459999999999998, -0.0199149748228822, 0.0286597192215352));
#2023 = CARTESIAN_POINT('', (0.24459999999999998, -0.019913702378109067, 0.02864407500256795));
#2024 = CARTESIAN_POINT('', (0.24459999999999998, -0.019865677492750387, 0.028187514244210038));
#2025 = CARTESIAN_POINT('', (0.24459999999999998, -0.01986402146222081, 0.02817177076978421));
#2026 = CARTESIAN_POINT('', (0.24459999999999998, -0.01980463479094584, 0.027712698075046147));
#2027 = CARTESIAN_POINT('', (0.24459999999999998, -0.019802586974695, 0.027696867982124306));
#2028 = CARTESIAN_POINT('', (0.24459999999999998, -0.019731614783213267, 0.027235667042838307));
#2029 = CARTESIAN_POINT('', (0.24459999999999998, -0.019729167466265622, 0.027219763562173285));
#2030 = CARTESIAN_POINT('', (0.24459999999999998, -0.019646401399986777, 0.02675683475456336));
#2031 = CARTESIAN_POINT('', (0.24459999999999998, -0.019643547397701355, 0.026740871692232285));
#2032 = CARTESIAN_POINT('', (0.24459999999999998, -0.019548795785755822, 0.02627663143274622));
#2033 = CARTESIAN_POINT('', (0.24459999999999998, -0.01954552848879216, 0.026260623147936226));
#2034 = CARTESIAN_POINT('', (0.24459999999999998, -0.019438617627370553, 0.025795503138726503));
#2035 = CARTESIAN_POINT('', (0.24459999999999998, -0.019434931045942325, 0.025779464517719702));
#2036 = CARTESIAN_POINT('', (0.24459999999999998, -0.019315706450840082, 0.02531391088101512));
#2037 = CARTESIAN_POINT('', (0.24459999999999998, -0.019311595257905566, 0.025297857307335823));
#2038 = CARTESIAN_POINT('', (0.24459999999999998, -0.0191799228758198, 0.024832329608918464));
#2039 = CARTESIAN_POINT('', (0.24459999999999998, -0.019175382448851412, 0.024816276929662994));
#2040 = CARTESIAN_POINT('', (0.24459999999999998, -0.01903114981675079, 0.024351247092750616));
#2041 = CARTESIAN_POINT('', (0.24459999999999998, -0.01902617627771284, 0.024335211581132964));
#2042 = CARTESIAN_POINT('', (0.24459999999999998, -0.01886929361948113, 0.023871162693062657));
#2043 = CARTESIAN_POINT('', (0.24459999999999998, -0.018863883872645655, 0.023855161007267436));
#2044 = CARTESIAN_POINT('', (0.24459999999999998, -0.018694285122213574, 0.023392586022548015));
#2045 = CARTESIAN_POINT('', (0.24459999999999998, -0.018688436889440264, 0.02337663516100654));
#2046 = CARTESIAN_POINT('', (0.24459999999999998, -0.018506080629760512, 0.02291603550547748));
#2047 = CARTESIAN_POINT('', (0.24459999999999998, -0.01849979248287512, 0.022900152758735394));
#2048 = CARTESIAN_POINT('', (0.24459999999999998, -0.018478430438890386, 0.02285));
#2049 = CARTESIAN_POINT('', (0.24459999999999998, -0.018304662790381003, 0.02244203684076598));
#2050 = CARTESIAN_POINT('', (0.24459999999999998, -0.018297934180295124, 0.022426239740146646));
#2051 = CARTESIAN_POINT('', (0.24459999999999998, -0.0180900413649137, 0.02197112137599444));
#2052 = CARTESIAN_POINT('', (0.24459999999999998, -0.018082872647142, 0.02195542763929969));
#2053 = CARTESIAN_POINT('', (0.24459999999999998, -0.01786225387850513, 0.021503824400893125));
#2054 = CARTESIAN_POINT('', (0.24459999999999998, -0.017854646334759038, 0.021488251875430846));
#2055 = CARTESIAN_POINT('', (0.24459999999999998, -0.017621366145979676, 0.021040683369953506));
#2056 = CARTESIAN_POINT('', (0.24459999999999998, -0.017613322001539013, 0.021025249973212923));
#2057 = CARTESIAN_POINT('', (0.24459999999999998, -0.017367472662782296, 0.020582236064902226));
#2058 = CARTESIAN_POINT('', (0.24459999999999998, -0.01735899509937698, 0.020566959723236494));
#2059 = CARTESIAN_POINT('', (0.24459999999999998, -0.01710069685445492, 0.02012901870876118));
#2060 = CARTESIAN_POINT('', (0.24459999999999998, -0.01709179001842314, 0.02011391729446895));
#2061 = CARTESIAN_POINT('', (0.24459999999999998, -0.016821191178765096, 0.019681564044091864));
#2062 = CARTESIAN_POINT('', (0.24459999999999998, -0.016811860184294224, 0.01966665531132039));
#2063 = CARTESIAN_POINT('', (0.24459999999999998, -0.01652913707588552, 0.01924039938877678));
#2064 = CARTESIAN_POINT('', (0.24459999999999998, -0.01651938800318204, 0.019225700908689476));
#2065 = CARTESIAN_POINT('', (0.24459999999999998, -0.016224744763396366, 0.01880604468328519));
#2066 = CARTESIAN_POINT('', (0.24459999999999998, -0.016214584651679635, 0.018791573778960926));
#2067 = CARTESIAN_POINT('', (0.24459999999999998, -0.0159082528743451, 0.018379010543817062));
#2068 = CARTESIAN_POINT('', (0.24459999999999998, -0.015897689709609537, 0.018364784225363973));
#2069 = CARTESIAN_POINT('', (0.24459999999999998, -0.0155799279381293, 0.01795979633599871));
#2070 = CARTESIAN_POINT('', (0.24459999999999998, -0.015568970635664764, 0.017945831236365808));
#2071 = CARTESIAN_POINT('', (0.24459999999999998, -0.01524006370551909, 0.017548888283874076));
#2072 = CARTESIAN_POINT('', (0.24459999999999998, -0.015228722087238519, 0.017535200595857496));
#2073 = CARTESIAN_POINT('', (0.24459999999999998, -0.01488898032072673, 0.017146757628853572));
#2074 = CARTESIAN_POINT('', (0.24459999999999998, -0.014877265087398754, 0.017133363043784492));
#2075 = CARTESIAN_POINT('', (0.24459999999999998, -0.014527023344995858, 0.016753858852985807));
#2076 = CARTESIAN_POINT('', (0.24459999999999998, -0.014514946043533913, 0.016740772501579196));
#2077 = CARTESIAN_POINT('', (0.24459999999999998, -0.014154562637724365, 0.016370627980446036));
#2078 = CARTESIAN_POINT('', (0.24459999999999998, -0.014142135623730949, 0.016357864376269047));
#2079 = CARTESIAN_POINT('', (0.24459999999999998, -0.013771991102597799, 0.015997480970459506));
#2080 = CARTESIAN_POINT('', (0.24459999999999998, -0.013759227498420807, 0.01598505395646609));
#2081 = CARTESIAN_POINT('', (0.24459999999999998, -0.01337972330762223, 0.015634812214063293));
#2082 = CARTESIAN_POINT('', (0.24459999999999998, -0.013366636956215514, 0.015622734912601249));
#2083 = CARTESIAN_POINT('', (0.24459999999999998, -0.012978193989211363, 0.015282993146089262));
#2084 = CARTESIAN_POINT('', (0.24459999999999998, -0.012964799404142507, 0.015271277912761484));
#2085 = CARTESIAN_POINT('', (0.24459999999999998, -0.012567856451651132, 0.01494237098261611));
#2086 = CARTESIAN_POINT('', (0.24459999999999998, -0.0125541687636342, 0.014931029364335244));
#2087 = CARTESIAN_POINT('', (0.24459999999999998, -0.012149180874269054, 0.014613267592855098));
#2088 = CARTESIAN_POINT('', (0.24459999999999998, -0.012135215774636035, 0.01460231029039047));
#2089 = CARTESIAN_POINT('', (0.24459999999999998, -0.011722652539492286, 0.014295978513056022));
#2090 = CARTESIAN_POINT('', (0.24459999999999998, -0.011708426221039075, 0.014285415348320368));
#2091 = CARTESIAN_POINT('', (0.24459999999999998, -0.011288769995634688, 0.013990772108534619));
#2092 = CARTESIAN_POINT('', (0.24459999999999998, -0.01127429909131053, 0.013980611996817962));
#2093 = CARTESIAN_POINT('', (0.24459999999999998, -0.010848043168767167, 0.01369788888840942));
#2094 = CARTESIAN_POINT('', (0.24459999999999998, -0.010833344688679615, 0.01368813981570578));
#2095 = CARTESIAN_POINT('', (0.24459999999999998, -0.010400991438302658, 0.013417540976047818));
#2096 = CARTESIAN_POINT('', (0.24459999999999998, -0.010386082705531052, 0.013408209981576862));
#2097 = CARTESIAN_POINT('', (0.24459999999999998, -0.009948141691055753, 0.013149911736654809));
#2098 = CARTESIAN_POINT('', (0.24459999999999998, -0.00993304027676351, 0.013141004900623018));
#2099 = CARTESIAN_POINT('', (0.24459999999999998, -0.009490026368452802, 0.0128951555618663));
#2100 = CARTESIAN_POINT('', (0.24459999999999998, -0.009474750026787063, 0.012886677998460978));
#2101 = CARTESIAN_POINT('', (0.24459999999999998, -0.009027181521309725, 0.012653397809681612));
#2102 = CARTESIAN_POINT('', (0.24459999999999998, -0.009011748124569145, 0.012645353665240954));
#2103 = CARTESIAN_POINT('', (0.24459999999999998, -0.008560144886162455, 0.012424734896604023));
#2104 = CARTESIAN_POINT('', (0.24459999999999998, -0.008544572360700317, 0.012417127352858002));
#2105 = CARTESIAN_POINT('', (0.24459999999999998, -0.008089453996548113, 0.012209234537476582));
#2106 = CARTESIAN_POINT('', (0.24459999999999998, -0.008073760259853362, 0.012202065819704877));
#2107 = CARTESIAN_POINT('', (0.24459999999999998, -0.0076500000000000005, 0.012021569561109613));
#2108 = CARTESIAN_POINT('', (0.24459999999999998, -0.00761564434188394, 0.012006936127210757));
#2109 = CARTESIAN_POINT('', (0.24459999999999998, -0.007599847241264612, 0.012000207517124883));
#2110 = CARTESIAN_POINT('', (0.24459999999999998, -0.007139247585735547, 0.011817851257445128));
#2111 = CARTESIAN_POINT('', (0.24459999999999998, -0.00712336483899347, 0.01181156311055974));
#2112 = CARTESIAN_POINT('', (0.24459999999999998, -0.006660789854274316, 0.011641964360127753));
#2113 = CARTESIAN_POINT('', (0.24459999999999998, -0.006644838992732572, 0.011636116127354346));
#2114 = CARTESIAN_POINT('', (0.24459999999999998, -0.0061807901046624005, 0.011479233469122678));
#2115 = CARTESIAN_POINT('', (0.24459999999999998, -0.0061647884188670374, 0.01147382372228716));
#2116 = CARTESIAN_POINT('', (0.24459999999999998, -0.005699758581954386, 0.011329591090186447));
#2117 = CARTESIAN_POINT('', (0.24459999999999998, -0.005683723070337015, 0.011324617551148587));
#2118 = CARTESIAN_POINT('', (0.24459999999999998, -0.005218195371919794, 0.011192945169062867));
#2119 = CARTESIAN_POINT('', (0.24459999999999998, -0.005202142692664189, 0.011188404742094439));
#2120 = CARTESIAN_POINT('', (0.24459999999999998, -0.0047365890559594795, 0.011069180146992163));
#2121 = CARTESIAN_POINT('', (0.24459999999999998, -0.004720535482280309, 0.01106506895405768));
#2122 = CARTESIAN_POINT('', (0.24459999999999998, -0.004255415473070976, 0.010958158092636167));
#2123 = CARTESIAN_POINT('', (0.24459999999999998, -0.004239376852063781, 0.010954471511207844));
#2124 = CARTESIAN_POINT('', (0.24459999999999998, -0.003775136592577433, 0.010859719899262257));
#2125 = CARTESIAN_POINT('', (0.24459999999999998, -0.003759128307767715, 0.01085645260229865));
#2126 = CARTESIAN_POINT('', (0.24459999999999998, -0.0032961995001577976, 0.0107736865360198));
#2127 = CARTESIAN_POINT('', (0.24459999999999998, -0.003280236437826717, 0.010770832533734375));
#2128 = CARTESIAN_POINT('', (0.24459999999999998, -0.0028190354985405714, 0.01069986034225262));
#2129 = CARTESIAN_POINT('', (0.24459999999999998, -0.0028031320178756964, 0.010697413025304999));
#2130 = CARTESIAN_POINT('', (0.24459999999999998, -0.0023440593231375153, 0.010638026354030019));
#2131 = CARTESIAN_POINT('', (0.24459999999999998, -0.002328229230215798, 0.010635978537779195));
#2132 = CARTESIAN_POINT('', (0.24459999999999998, -0.0018716684718578904, 0.010587953652420509));
#2133 = CARTESIAN_POINT('', (0.24459999999999998, -0.0018559249974320522, 0.010586297621890929));
#2134 = CARTESIAN_POINT('', (0.24459999999999998, -0.0014022426473812189, 0.010549396723470132));
#2135 = CARTESIAN_POINT('', (0.24459999999999998, -0.0013865984284139724, 0.010548124278697004));
#2136 = CARTESIAN_POINT('', (0.24459999999999998, -0.0009361433093036981, 0.010522096820369508));
#2137 = CARTESIAN_POINT('', (0.24459999999999998, -0.0009206103741618512, 0.010521199321806484));
#2138 = CARTESIAN_POINT('', (0.24459999999999998, -0.0004737133327890728, 0.010505783318882307));
#2139 = CARTESIAN_POINT('', (0.24459999999999998, -0.0004583030899832741, 0.010505251732574581));
#2140 = CARTESIAN_POINT('', (0.24459999999999998, -0.000015276769666094757, 0.010500175057752484));
#2141 = CARTESIAN_POINT('', (0.24459999999999998, -0.000000000000000003673940397442059, 0.010499999999999999));
#2142 = CARTESIAN_POINT('', (0.2446, 0.0003322697402379791, 0.010503807506116573));
#2143 = CARTESIAN_POINT('', (0.24459999999999998, 0.0003895576264858883, 0.010504463972688395));
#2144 = B_SPLINE_CURVE_WITH_KNOTS('', 2, (#2015, #2016, #2017, #2018, #2019, #2020, #2021, #2022, #2023, #2024, #2025, #2026, #2027, #2028, #2029, #2030, #2031, #2032, #2033, #2034, #2035, #2036, #2037, #2038, #2039, #2040, #2041, #2042, #2043, #2044, #2045, #2046, #2047, #2048, #2049, #2050, #2051, #2052, #2053, #2054, #2055, #2056, #2057, #2058, #2059, #2060, #2061, #2062, #2063, #2064, #2065, #2066, #2067, #2068, #2069, #2070, #2071, #2072, #2073, #2074, #2075, #2076, #2077, #2078, #2079, #2080, #2081, #2082, #2083, #2084, #2085, #2086, #2087, #2088, #2089, #2090, #2091, #2092, #2093, #2094, #2095, #2096, #2097, #2098, #2099, #2100, #2101, #2102, #2103, #2104, #2105, #2106, #2107, #2108, #2109, #2110, #2111, #2112, #2113, #2114, #2115, #2116, #2117, #2118, #2119, #2120, #2121, #2122, #2123, #2124, #2125, #2126, #2127, #2128, #2129, #2130, #2131, #2132, #2133, #2134, #2135, #2136, #2137, #2138, #2139, #2140, #2141, #2142, #2143), .UNSPECIFIED., .F., .F., (3, 1, 1, 1, 1, 1, 1, 1, 1, 1, 1, 1, 1, 1, 1, 1, 1, 1, 1, 1, 1, 1, 1, 1, 1, 1, 1, 1, 1, 1, 1, 1, 1, 1, 1, 1, 1, 1, 1, 1, 1, 1, 1, 1, 1, 1, 1, 1, 1, 1, 1, 1, 1, 1, 1, 1, 1, 1, 1, 1, 1, 1, 1, 1, 1, 1, 1, 1, 1, 1, 1, 1, 1, 1, 1, 1, 1, 1, 1, 1, 1, 1, 1, 1, 1, 1, 1, 1, 1, 1, 1, 1, 1, 1, 1, 1, 1, 1, 1, 1, 1, 1, 1, 1, 1, 1, 1, 1, 1, 1, 1, 1, 1, 1, 1, 1, 1, 1, 1, 1, 1, 1, 1, 1, 1, 1, 1, 3), (0, 0.003952569169960474, 0.007905138339920948, 0.011857707509881422, 0.015810276679841896, 0.01976284584980237, 0.023715415019762844, 0.02766798418972332, 0.03162055335968379, 0.035573122529644265, 0.03952569169960474, 0.043478260869565216, 0.04743083003952569, 0.05138339920948616, 0.05533596837944664, 0.05928853754940711, 0.06324110671936758, 0.06719367588932806, 0.07114624505928853, 0.07509881422924901, 0.07905138339920947, 0.08300395256916995, 0.08695652173913043, 0.0909090909090909, 0.09486166007905138, 0.09881422924901186, 0.10276679841897232, 0.1067193675889328, 0.11067193675889328, 0.11462450592885375, 0.11857707509881422, 0.12252964426877469, 0.12648221343873517, 0.13043478260869565, 0.13438735177865613, 0.13833992094861658, 0.14229249011857706, 0.14624505928853754, 0.15019762845849802, 0.1541501976284585, 0.15810276679841895, 0.16205533596837943, 0.1660079051383399, 0.16996047430830039, 0.17391304347826086, 0.17786561264822134, 0.1818181818181818, 0.18577075098814227, 0.18972332015810275, 0.19367588932806323, 0.1976284584980237, 0.20158102766798416, 0.20553359683794464, 0.20948616600790512, 0.2134387351778656, 0.21739130434782608, 0.22134387351778656, 0.225296442687747, 0.2292490118577075, 0.23320158102766797, 0.23715415019762845, 0.24110671936758893, 0.24505928853754938, 0.24901185770750986, 0.25296442687747034, 0.2569169960474308, 0.2608695652173913, 0.26482213438735175, 0.26877470355731226, 0.2727272727272727, 0.27667984189723316, 0.28063241106719367, 0.2845849802371541, 0.2885375494071146, 0.2924901185770751, 0.2964426877470355, 0.30039525691699603, 0.3043478260869565, 0.308300395256917, 0.31225296442687744, 0.3162055335968379, 0.3201581027667984, 0.32411067193675885, 0.32806324110671936, 0.3320158102766798, 0.3359683794466403, 0.33992094861660077, 0.3438735177865612, 0.34782608695652173, 0.3517786561264822, 0.3557312252964427, 0.35968379446640314, 0.3636363636363636, 0.3675889328063241, 0.37154150197628455, 0.37549407114624506, 0.3794466403162055, 0.38339920948616596, 0.38735177865612647, 0.3913043478260869, 0.3952569169960474, 0.3992094861660079, 0.40316205533596833, 0.40711462450592883, 0.4110671936758893, 0.4150197628458498, 0.41897233201581024, 0.4229249011857707, 0.4268774703557312, 0.43083003952569165, 0.43478260869565216, 0.4387351778656126, 0.4426877470355731, 0.44664031620553357, 0.450592885375494, 0.45454545454545453, 0.458498023715415, 0.4624505928853755, 0.46640316205533594, 0.4703557312252964, 0.4743083003952569, 0.47826086956521735, 0.48221343873517786, 0.4861660079051383, 0.49011857707509876, 0.49407114624505927, 0.4980237154150197, 0.5), .UNSPECIFIED.);
#2145 = CARTESIAN_POINT('', (0.2446, 0.00038955762648588835, 0.010504463972688395));
#2146 = CARTESIAN_POINT('', (0.24459999999999998, 0.00044684551273379604, 0.01050512043926022));
#2147 = CARTESIAN_POINT('', (0.24459999999999998, 0.0004583030899832666, 0.010505251732574581));
#2148 = CARTESIAN_POINT('', (0.24459999999999998, 0.0009052001313559091, 0.010520667735498755));
#2149 = CARTESIAN_POINT('', (0.24459999999999998, 0.0009206103741618436, 0.010521199321806484));
#2150 = CARTESIAN_POINT('', (0.24459999999999998, 0.0013710654932725156, 0.010547226780134004));
#2151 = CARTESIAN_POINT('', (0.24459999999999998, 0.0013865984284139655, 0.010548124278697005));
#2152 = CARTESIAN_POINT('', (0.24459999999999998, 0.0018402807784647934, 0.010585025177117798));
#2153 = CARTESIAN_POINT('', (0.24459999999999998, 0.0018559249974320444, 0.010586297621890926));
#2154 = CARTESIAN_POINT('', (0.24459999999999998, 0.002312485755789961, 0.010634322507249617));
#2155 = CARTESIAN_POINT('', (0.24459999999999998, 0.00232822923021579, 0.010635978537779195));
#2156 = CARTESIAN_POINT('', (0.24459999999999998, 0.0027873019249538447, 0.010695365209054158));
#2157 = CARTESIAN_POINT('', (0.24459999999999998, 0.002803132017875688, 0.010697413025304999));
#2158 = CARTESIAN_POINT('', (0.24459999999999998, 0.003264332957161684, 0.010768385216786731));
#2159 = CARTESIAN_POINT('', (0.24459999999999998, 0.003280236437826709, 0.010770832533734375));
#2160 = CARTESIAN_POINT('', (0.24459999999999998, 0.003743165245436631, 0.010853598600013222));
#2161 = CARTESIAN_POINT('', (0.24459999999999998, 0.003759128307767707, 0.010856452602298648));
#2162 = CARTESIAN_POINT('', (0.24459999999999998, 0.004223368567253782, 0.010951204214244177));
#2163 = CARTESIAN_POINT('', (0.24459999999999998, 0.004239376852063773, 0.010954471511207842));
#2164 = CARTESIAN_POINT('', (0.24459999999999998, 0.004244378766258725, 0.010955621233741273));
#2165 = CARTESIAN_POINT('', (0.24459999999999998, 0.004704496861273504, 0.01106138237262945));
#2166 = CARTESIAN_POINT('', (0.24459999999999998, 0.004720535482280303, 0.011065068954057681));
#2167 = CARTESIAN_POINT('', (0.24459999999999998, 0.005186089118984883, 0.011184293549159922));
#2168 = CARTESIAN_POINT('', (0.24459999999999998, 0.00520214269266418, 0.011188404742094437));
#2169 = CARTESIAN_POINT('', (0.24459999999999998, 0.0056676703910815375, 0.011320077124180199));
#2170 = CARTESIAN_POINT('', (0.24459999999999998, 0.005683723070337006, 0.011324617551148585));
#2171 = CARTESIAN_POINT('', (0.24459999999999998, 0.006148752907249374, 0.011468850183249207));
#2172 = CARTESIAN_POINT('', (0.24459999999999998, 0.006164788418867028, 0.011473823722287155));
#2173 = CARTESIAN_POINT('', (0.24459999999999998, 0.006628837306937343, 0.011630706380518873));
#2174 = CARTESIAN_POINT('', (0.24459999999999998, 0.006644838992732565, 0.011636116127354346));
#2175 = CARTESIAN_POINT('', (0.24459999999999998, 0.007107413977451985, 0.011805714877786429));
#2176 = CARTESIAN_POINT('', (0.24459999999999998, 0.007123364838993462, 0.011811563110559739));
#2177 = CARTESIAN_POINT('', (0.24459999999999998, 0.00758396449452252, 0.01199391937023949));
#2178 = CARTESIAN_POINT('', (0.24459999999999998, 0.007599847241264607, 0.012000207517124883));
#2179 = CARTESIAN_POINT('', (0.24459999999999998, 0.007650000000000002, 0.012021569561109615));
#2180 = CARTESIAN_POINT('', (0.24459999999999998, 0.008057963159234023, 0.012195337209618998));
#2181 = CARTESIAN_POINT('', (0.24459999999999998, 0.008073760259853355, 0.012202065819704873));
#2182 = CARTESIAN_POINT('', (0.24459999999999998, 0.00852887862400556, 0.012409958635086296));
#2183 = CARTESIAN_POINT('', (0.24459999999999998, 0.008544572360700308, 0.012417127352858));
#2184 = CARTESIAN_POINT('', (0.24459999999999998, 0.008996175599106858, 0.012637746121494865));
#2185 = CARTESIAN_POINT('', (0.24459999999999998, 0.009011748124569138, 0.012645353665240956));
#2186 = CARTESIAN_POINT('', (0.24459999999999998, 0.009459316630046483, 0.012878633854020318));
#2187 = CARTESIAN_POINT('', (0.24459999999999998, 0.009474750026787056, 0.012886677998460973));
#2188 = CARTESIAN_POINT('', (0.24459999999999998, 0.009917763935097891, 0.013132527337217769));
#2189 = CARTESIAN_POINT('', (0.24459999999999998, 0.009933040276763495, 0.013141004900623017));
#2190 = CARTESIAN_POINT('', (0.24459999999999998, 0.010370981291238793, 0.013399303145545063));
#2191 = CARTESIAN_POINT('', (0.24459999999999998, 0.01038608270553103, 0.013408209981576852));
#2192 = CARTESIAN_POINT('', (0.24459999999999998, 0.010818435955908113, 0.013678808821234893));
#2193 = CARTESIAN_POINT('', (0.24459999999999998, 0.010833344688679592, 0.013688139815705769));
#2194 = CARTESIAN_POINT('', (0.24459999999999998, 0.011259600611222588, 0.013970862924114062));
#2195 = CARTESIAN_POINT('', (0.24459999999999998, 0.011274299091310511, 0.01398061199681795));
#2196 = CARTESIAN_POINT('', (0.24459999999999998, 0.011693955316714797, 0.014275255236603628));
#2197 = CARTESIAN_POINT('', (0.24459999999999998, 0.011708426221039072, 0.014285415348320367));
#2198 = CARTESIAN_POINT('', (0.24459999999999998, 0.01212098945618294, 0.014591747125654902));
#2199 = CARTESIAN_POINT('', (0.24459999999999998, 0.01213521577463603, 0.014602310290390467));
#2200 = CARTESIAN_POINT('', (0.24459999999999998, 0.012540203664001293, 0.01492007206187071));
#2201 = CARTESIAN_POINT('', (0.24459999999999998, 0.012554168763634197, 0.014931029364335244));
#2202 = CARTESIAN_POINT('', (0.24459999999999998, 0.012951111716125922, 0.015259936294480915));
#2203 = CARTESIAN_POINT('', (0.24459999999999998, 0.0129647994041425, 0.015271277912761488));
#2204 = CARTESIAN_POINT('', (0.24459999999999998, 0.013353242371146426, 0.015611019679273273));
#2205 = CARTESIAN_POINT('', (0.24459999999999998, 0.013366636956215507, 0.015622734912601247));
#2206 = CARTESIAN_POINT('', (0.24459999999999998, 0.013746141147014196, 0.01597297665500414));
#2207 = CARTESIAN_POINT('', (0.24459999999999998, 0.013759227498420804, 0.015985053956466086));
#2208 = CARTESIAN_POINT('', (0.24459999999999998, 0.014129372019553955, 0.016345437362275624));
#2209 = CARTESIAN_POINT('', (0.24459999999999998, 0.014142135623730944, 0.016357864376269043));
#2210 = CARTESIAN_POINT('', (0.24459999999999998, 0.014502519029540488, 0.0167280088974022));
#2211 = CARTESIAN_POINT('', (0.24459999999999998, 0.014514946043533905, 0.01674077250157919));
#2212 = CARTESIAN_POINT('', (0.24459999999999998, 0.014865187785936707, 0.017120276692377777));
#2213 = CARTESIAN_POINT('', (0.24459999999999998, 0.01487726508739875, 0.017133363043784492));
#2214 = CARTESIAN_POINT('', (0.24459999999999998, 0.01521700685391073, 0.017521806010788638));
#2215 = CARTESIAN_POINT('', (0.24459999999999998, 0.01522872208723851, 0.017535200595857493));
#2216 = CARTESIAN_POINT('', (0.24459999999999998, 0.015557629017383893, 0.01793214354834887));
#2217 = CARTESIAN_POINT('', (0.24459999999999998, 0.015568970635664757, 0.017945831236365804));
#2218 = CARTESIAN_POINT('', (0.24459999999999998, 0.015886732407144902, 0.018350819125730947));
#2219 = CARTESIAN_POINT('', (0.24459999999999998, 0.01589768970960953, 0.018364784225363966));
#2220 = CARTESIAN_POINT('', (0.24459999999999998, 0.016204021486943974, 0.01877734746050771));
#2221 = CARTESIAN_POINT('', (0.24459999999999998, 0.016214584651679628, 0.018791573778960922));
#2222 = CARTESIAN_POINT('', (0.24459999999999998, 0.016509227891465375, 0.019211230004365313));
#2223 = CARTESIAN_POINT('', (0.24459999999999998, 0.016519388003182034, 0.01922570090868947));
#2224 = CARTESIAN_POINT('', (0.24459999999999998, 0.01680211111159057, 0.019651956831232838));
#2225 = CARTESIAN_POINT('', (0.24459999999999998, 0.016811860184294213, 0.019666655311320388));
#2226 = CARTESIAN_POINT('', (0.24459999999999998, 0.017082459023952185, 0.020099008561697357));
#2227 = CARTESIAN_POINT('', (0.24459999999999998, 0.017091790018423144, 0.02011391729446896));
#2228 = CARTESIAN_POINT('', (0.24459999999999998, 0.017350088263345203, 0.020551858308944272));
#2229 = CARTESIAN_POINT('', (0.24459999999999998, 0.017358995099376984, 0.0205669597232365));
#2230 = CARTESIAN_POINT('', (0.24459999999999998, 0.017604844438133704, 0.02100997363154721));
#2231 = CARTESIAN_POINT('', (0.24459999999999998, 0.01761332200153902, 0.021025249973212937));
#2232 = CARTESIAN_POINT('', (0.24459999999999998, 0.017846602190318382, 0.021472818478690273));
#2233 = CARTESIAN_POINT('', (0.24459999999999998, 0.017854646334759038, 0.021488251875430853));
#2234 = CARTESIAN_POINT('', (0.24459999999999998, 0.018075265103395976, 0.021939855113837545));
#2235 = CARTESIAN_POINT('', (0.24459999999999998, 0.018082872647141996, 0.021955427639299686));
#2236 = CARTESIAN_POINT('', (0.24459999999999998, 0.018290765462523416, 0.02241054600345189));
#2237 = CARTESIAN_POINT('', (0.24459999999999998, 0.01829793418029512, 0.022426239740146642));
#2238 = CARTESIAN_POINT('', (0.24459999999999998, 0.018478430438890383, 0.02285));
#2239 = CARTESIAN_POINT('', (0.24459999999999998, 0.018493063872789244, 0.02288435565811606));
#2240 = CARTESIAN_POINT('', (0.24459999999999998, 0.018499792482875116, 0.022900152758735387));
#2241 = CARTESIAN_POINT('', (0.24459999999999998, 0.018682148742554874, 0.023360752414264455));
#2242 = CARTESIAN_POINT('', (0.24459999999999998, 0.018688436889440264, 0.023376635161006534));
#2243 = CARTESIAN_POINT('', (0.24459999999999998, 0.018858035639872244, 0.023839210145725688));
#2244 = CARTESIAN_POINT('', (0.24459999999999998, 0.018863883872645655, 0.02385516100726743));
#2245 = CARTESIAN_POINT('', (0.24459999999999998, 0.019020766530877316, 0.024319209895337604));
#2246 = CARTESIAN_POINT('', (0.24459999999999998, 0.019026176277712838, 0.024335211581132967));
#2247 = CARTESIAN_POINT('', (0.24459999999999998, 0.01917040890981355, 0.024800241418045623));
#2248 = CARTESIAN_POINT('', (0.24459999999999998, 0.01917538244885141, 0.024816276929662994));
#2249 = CARTESIAN_POINT('', (0.24459999999999998, 0.019307054830937136, 0.025281804628080218));
#2250 = CARTESIAN_POINT('', (0.24459999999999998, 0.019311595257905566, 0.02529785730733582));
#2251 = CARTESIAN_POINT('', (0.24459999999999998, 0.01943081985300783, 0.025763410944040527));
#2252 = CARTESIAN_POINT('', (0.24459999999999998, 0.019434931045942315, 0.025779464517719695));
#2253 = CARTESIAN_POINT('', (0.24459999999999998, 0.019541841907363834, 0.026244584526929026));
#2254 = CARTESIAN_POINT('', (0.24459999999999998, 0.019544378766258724, 0.026255621233741273));
#2255 = CARTESIAN_POINT('', (0.24459999999999998, 0.01954552848879216, 0.02626062314793622));
#2256 = CARTESIAN_POINT('', (0.24459999999999998, 0.019640280100737737, 0.02672486340742257));
#2257 = CARTESIAN_POINT('', (0.24459999999999998, 0.01964354739770135, 0.026740871692232285));
#2258 = CARTESIAN_POINT('', (0.24459999999999998, 0.0197263134639802, 0.027203800499842206));
#2259 = CARTESIAN_POINT('', (0.24459999999999998, 0.019729167466265626, 0.027219763562173288));
#2260 = CARTESIAN_POINT('', (0.24459999999999998, 0.01980013965774738, 0.02768096450145943));
#2261 = CARTESIAN_POINT('', (0.24459999999999998, 0.019802586974695, 0.027696867982124302));
#2262 = CARTESIAN_POINT('', (0.24459999999999998, 0.019861973645969987, 0.02815594067686249));
#2263 = CARTESIAN_POINT('', (0.24459999999999998, 0.01986402146222081, 0.028171770769784207));
#2264 = CARTESIAN_POINT('', (0.24459999999999998, 0.019912046347579492, 0.028628331528142113));
#2265 = CARTESIAN_POINT('', (0.24459999999999998, 0.019913702378109067, 0.02864407500256795));
#2266 = CARTESIAN_POINT('', (0.24459999999999998, 0.01995060327652987, 0.029097757352618783));
#2267 = CARTESIAN_POINT('', (0.24459999999999998, 0.019951875721302997, 0.02911340157158603));
#2268 = CARTESIAN_POINT('', (0.24459999999999998, 0.019977903179630486, 0.0295638566906963));
#2269 = CARTESIAN_POINT('', (0.24459999999999998, 0.01997880067819351, 0.029579389625838146));
#2270 = CARTESIAN_POINT('', (0.24459999999999998, 0.019994216681117692, 0.03002628666721093));
#2271 = CARTESIAN_POINT('', (0.24459999999999998, 0.01999474826742542, 0.030041696910016732));
#2272 = CARTESIAN_POINT('', (0.24459999999999998, 0.019999824942247512, 0.030484723230333906));
#2273 = CARTESIAN_POINT('', (0.24459999999999998, 0.019999999999999997, 0.030499999999999996));
#2274 = B_SPLINE_CURVE_WITH_KNOTS('', 2, (#2145, #2146, #2147, #2148, #2149, #2150, #2151, #2152, #2153, #2154, #2155, #2156, #2157, #2158, #2159, #2160, #2161, #2162, #2163, #2164, #2165, #2166, #2167, #2168, #2169, #2170, #2171, #2172, #2173, #2174, #2175, #2176, #2177, #2178, #2179, #2180, #2181, #2182, #2183, #2184, #2185, #2186, #2187, #2188, #2189, #2190, #2191, #2192, #2193, #2194, #2195, #2196, #2197, #2198, #2199, #2200, #2201, #2202, #2203, #2204, #2205, #2206, #2207, #2208, #2209, #2210, #2211, #2212, #2213, #2214, #2215, #2216, #2217, #2218, #2219, #2220, #2221, #2222, #2223, #2224, #2225, #2226, #2227, #2228, #2229, #2230, #2231, #2232, #2233, #2234, #2235, #2236, #2237, #2238, #2239, #2240, #2241, #2242, #2243, #2244, #2245, #2246, #2247, #2248, #2249, #2250, #2251, #2252, #2253, #2254, #2255, #2256, #2257, #2258, #2259, #2260, #2261, #2262, #2263, #2264, #2265, #2266, #2267, #2268, #2269, #2270, #2271, #2272, #2273), .UNSPECIFIED., .F., .F., (3, 1, 1, 1, 1, 1, 1, 1, 1, 1, 1, 1, 1, 1, 1, 1, 1, 1, 1, 1, 1, 1, 1, 1, 1, 1, 1, 1, 1, 1, 1, 1, 1, 1, 1, 1, 1, 1, 1, 1, 1, 1, 1, 1, 1, 1, 1, 1, 1, 1, 1, 1, 1, 1, 1, 1, 1, 1, 1, 1, 1, 1, 1, 1, 1, 1, 1, 1, 1, 1, 1, 1, 1, 1, 1, 1, 1, 1, 1, 1, 1, 1, 1, 1, 1, 1, 1, 1, 1, 1, 1, 1, 1, 1, 1, 1, 1, 1, 1, 1, 1, 1, 1, 1, 1, 1, 1, 1, 1, 1, 1, 1, 1, 1, 1, 1, 1, 1, 1, 1, 1, 1, 1, 1, 1, 1, 1, 3), (0.5, 0.5019762845849802, 0.5059288537549407, 0.5098814229249012, 0.5138339920948617, 0.5177865612648221, 0.5217391304347827, 0.5256916996047432, 0.5296442687747036, 0.5335968379446641, 0.5375494071146245, 0.541501976284585, 0.5454545454545454, 0.549407114624506, 0.5533596837944664, 0.5573122529644269, 0.5612648221343874, 0.5652173913043479, 0.5691699604743083, 0.5731225296442688, 0.5770750988142292, 0.5810276679841897, 0.5849802371541502, 0.5889328063241107, 0.5928853754940712, 0.5968379446640317, 0.6007905138339922, 0.6047430830039526, 0.6086956521739131, 0.6126482213438735, 0.616600790513834, 0.6205533596837944, 0.6245059288537549, 0.6284584980237155, 0.6324110671936759, 0.6363636363636365, 0.6403162055335969, 0.6442687747035574, 0.6482213438735178, 0.6521739130434783, 0.6561264822134387, 0.6600790513833992, 0.6640316205533596, 0.6679841897233202, 0.6719367588932806, 0.6758893280632412, 0.6798418972332017, 0.6837944664031621, 0.6877470355731226, 0.691699604743083, 0.6956521739130435, 0.6996047430830039, 0.7035573122529645, 0.7075098814229249, 0.7114624505928854, 0.7154150197628459, 0.7193675889328064, 0.7233201581027668, 0.7272727272727273, 0.7312252964426877, 0.7351778656126482, 0.7391304347826086, 0.7430830039525692, 0.7470355731225297, 0.7509881422924901, 0.7549407114624507, 0.7588932806324111, 0.7628458498023716, 0.766798418972332, 0.7707509881422925, 0.7747035573122529, 0.7786561264822134, 0.782608695652174, 0.7865612648221344, 0.7905138339920948, 0.7944664031620554, 0.7984189723320159, 0.8023715415019763, 0.8063241106719368, 0.8102766798418972, 0.8142292490118577, 0.8181818181818182, 0.8221343873517787, 0.8260869565217391, 0.8300395256916996, 0.8339920948616601, 0.8379446640316206, 0.841897233201581, 0.8458498023715415, 0.849802371541502, 0.8537549407114624, 0.857707509881423, 0.8616600790513834, 0.8656126482213439, 0.8695652173913043, 0.8735177865612649, 0.8774703557312253, 0.8814229249011858, 0.8853754940711462, 0.8893280632411067, 0.8932806324110671, 0.8972332015810277, 0.9011857707509882, 0.9051383399209486, 0.9090909090909091, 0.9130434782608696, 0.9169960474308301, 0.9209486166007905, 0.924901185770751, 0.9288537549407114, 0.9328063241106719, 0.9367588932806324, 0.9407114624505929, 0.9446640316205533, 0.9486166007905138, 0.9525691699604744, 0.9565217391304348, 0.9604743083003953, 0.9644268774703557, 0.9683794466403162, 0.9723320158102767, 0.9762845849802372, 0.9802371541501976, 0.9841897233201581, 0.9881422924901185, 0.9920948616600791, 0.9960474308300395, 1), .UNSPECIFIED.);
#2275 = CARTESIAN_POINT('', (0.2446, -0.00038955762648588754, 0.0504955360273116));
#2276 = CARTESIAN_POINT('', (0.24459999999999998, -0.00033226974023797844, 0.05049619249388342));
#2277 = CARTESIAN_POINT('', (0.24459999999999998, 0.0000000000000000012246467991473532, 0.050499999999999996));
#2278 = CARTESIAN_POINT('', (0.24459999999999998, 0.000015276769666092284, 0.05049982494224751));
#2279 = CARTESIAN_POINT('', (0.24459999999999998, 0.0004583030899832715, 0.05049474826742542));
#2280 = CARTESIAN_POINT('', (0.24459999999999998, 0.0004737133327890702, 0.0504942166811177));
#2281 = CARTESIAN_POINT('', (0.24459999999999998, 0.0009206103741618485, 0.050478800678193506));
#2282 = CARTESIAN_POINT('', (0.24459999999999998, 0.0009361433093036954, 0.05047790317963049));
#2283 = CARTESIAN_POINT('', (0.24459999999999998, 0.0013865984284139698, 0.05045187572130299));
#2284 = CARTESIAN_POINT('', (0.24459999999999998, 0.0014022426473812163, 0.05045060327652986));
#2285 = CARTESIAN_POINT('', (0.24459999999999998, 0.0018559249974320498, 0.050413702378109077));
#2286 = CARTESIAN_POINT('', (0.24459999999999998, 0.001871668471857888, 0.050412046347579495));
#2287 = CARTESIAN_POINT('', (0.24459999999999998, 0.0023282292302157946, 0.05036402146222081));
#2288 = CARTESIAN_POINT('', (0.24459999999999998, 0.002344059323137503, 0.05036197364596999));
#2289 = CARTESIAN_POINT('', (0.24459999999999998, 0.0028031320178756973, 0.050302586974695));
#2290 = CARTESIAN_POINT('', (0.24459999999999998, 0.002819035498540306, 0.05030013965774742));
#2291 = CARTESIAN_POINT('', (0.24459999999999998, 0.0032802364378267173, 0.05022916746626562));
#2292 = CARTESIAN_POINT('', (0.24459999999999998, 0.0032961995001577885, 0.050226313463980196));
#2293 = CARTESIAN_POINT('', (0.24459999999999998, 0.0037591283077677154, 0.05014354739770134));
#2294 = CARTESIAN_POINT('', (0.24459999999999998, 0.0037751365925775657, 0.050140280100737705));
#2295 = CARTESIAN_POINT('', (0.24459999999999998, 0.004239376852063782, 0.05004552848879215));
#2296 = CARTESIAN_POINT('', (0.24459999999999998, 0.00425541547307084, 0.05004184190736386));
#2297 = CARTESIAN_POINT('', (0.24459999999999998, 0.004720535482280309, 0.049934931045942314));
#2298 = CARTESIAN_POINT('', (0.24459999999999998, 0.004736589055959484, 0.049930819853007825));
#2299 = CARTESIAN_POINT('', (0.24459999999999998, 0.0052021426926641915, 0.04981159525790556));
#2300 = CARTESIAN_POINT('', (0.24459999999999998, 0.0052181953719196645, 0.04980705483093717));
#2301 = CARTESIAN_POINT('', (0.24459999999999998, 0.0056837230703370165, 0.04967538244885142));
#2302 = CARTESIAN_POINT('', (0.24459999999999998, 0.005699758581954397, 0.04967040890981355));
#2303 = CARTESIAN_POINT('', (0.24459999999999998, 0.006164788418867042, 0.04952617627771285));
#2304 = CARTESIAN_POINT('', (0.24459999999999998, 0.0061807901046621325, 0.049520766530877426));
#2305 = CARTESIAN_POINT('', (0.24459999999999998, 0.006644838992732574, 0.049363883872645654));
#2306 = CARTESIAN_POINT('', (0.24459999999999998, 0.00666078985427446, 0.04935803563987219));
#2307 = CARTESIAN_POINT('', (0.24459999999999998, 0.007123364838993473, 0.04918843688944025));
#2308 = CARTESIAN_POINT('', (0.24459999999999998, 0.0071392475857355595, 0.04918214874255487));
#2309 = CARTESIAN_POINT('', (0.24459999999999998, 0.007599847241264617, 0.04899979248287511));
#2310 = CARTESIAN_POINT('', (0.24459999999999998, 0.007615644341884214, 0.04899306387278912));
#2311 = CARTESIAN_POINT('', (0.24459999999999998, 0.007650000000000002, 0.04897843043889038));
#2312 = CARTESIAN_POINT('', (0.24459999999999998, 0.008073760259853367, 0.04879793418029513));
#2313 = CARTESIAN_POINT('', (0.24459999999999998, 0.008089453996547981, 0.04879076546252349));
#2314 = CARTESIAN_POINT('', (0.24459999999999998, 0.00854457236070032, 0.048582872647142));
#2315 = CARTESIAN_POINT('', (0.24459999999999998, 0.00856014488616233, 0.048575265103396034));
#2316 = CARTESIAN_POINT('', (0.24459999999999998, 0.009011748124569148, 0.04835464633475904));
#2317 = CARTESIAN_POINT('', (0.24459999999999998, 0.009027181521309728, 0.04834660219031838));
#2318 = CARTESIAN_POINT('', (0.24459999999999998, 0.009474750026787064, 0.04811332200153902));
#2319 = CARTESIAN_POINT('', (0.24459999999999998, 0.009490026368452803, 0.0481048444381337));
#2320 = CARTESIAN_POINT('', (0.24459999999999998, 0.0099330402767635, 0.04785899509937698));
#2321 = CARTESIAN_POINT('', (0.24459999999999998, 0.009948141691055743, 0.04785008826334519));
#2322 = CARTESIAN_POINT('', (0.24459999999999998, 0.010386082705531045, 0.04759179001842314));
#2323 = CARTESIAN_POINT('', (0.24459999999999998, 0.010400991438302651, 0.04758245902395218));
#2324 = CARTESIAN_POINT('', (0.24459999999999998, 0.010833344688679608, 0.04731186018429422));
#2325 = CARTESIAN_POINT('', (0.24459999999999998, 0.010848043168767158, 0.047302111111590585));
#2326 = CARTESIAN_POINT('', (0.24459999999999998, 0.011274299091310527, 0.04701938800318204));
#2327 = CARTESIAN_POINT('', (0.24459999999999998, 0.011288769995634797, 0.0470092278914653));
#2328 = CARTESIAN_POINT('', (0.24459999999999998, 0.011708426221039068, 0.04671458465167962));
#2329 = CARTESIAN_POINT('', (0.24459999999999998, 0.011722652539492038, 0.04670402148694415));
#2330 = CARTESIAN_POINT('', (0.24459999999999998, 0.01213521577463603, 0.046397689709609544));
#2331 = CARTESIAN_POINT('', (0.24459999999999998, 0.012149180874269049, 0.04638673240714492));
#2332 = CARTESIAN_POINT('', (0.24459999999999998, 0.012554168763634199, 0.04606897063566477));
#2333 = CARTESIAN_POINT('', (0.24459999999999998, 0.01256785645165113, 0.0460576290173839));
#2334 = CARTESIAN_POINT('', (0.24459999999999998, 0.012964799404142502, 0.045728722087238514));
#2335 = CARTESIAN_POINT('', (0.24459999999999998, 0.012978193989211358, 0.04571700685391074));
#2336 = CARTESIAN_POINT('', (0.24459999999999998, 0.01336663695621551, 0.045377265087398755));
#2337 = CARTESIAN_POINT('', (0.24459999999999998, 0.013379723307622226, 0.04536518778593671));
#2338 = CARTESIAN_POINT('', (0.24459999999999998, 0.013759227498420802, 0.04501494604353391));
#2339 = CARTESIAN_POINT('', (0.24459999999999998, 0.013771991102597794, 0.04500251902954049));
#2340 = CARTESIAN_POINT('', (0.24459999999999998, 0.014142135623730945, 0.044642135623730934));
#2341 = CARTESIAN_POINT('', (0.24459999999999998, 0.014154562637724362, 0.04462937201955395));
#2342 = CARTESIAN_POINT('', (0.24459999999999998, 0.01451494604353391, 0.04425922749842081));
#2343 = CARTESIAN_POINT('', (0.24459999999999998, 0.014527023344995853, 0.04424614114701421));
#2344 = CARTESIAN_POINT('', (0.24459999999999998, 0.01487726508739875, 0.04386663695621551));
#2345 = CARTESIAN_POINT('', (0.24459999999999998, 0.014888980320726726, 0.04385324237114643));
#2346 = CARTESIAN_POINT('', (0.24459999999999998, 0.015228722087238513, 0.04346479940414249));
#2347 = CARTESIAN_POINT('', (0.24459999999999998, 0.015240063705519181, 0.04345111171612579));
#2348 = CARTESIAN_POINT('', (0.24459999999999998, 0.01556897063566476, 0.0430541687636342));
#2349 = CARTESIAN_POINT('', (0.24459999999999998, 0.015579927938129389, 0.04304020366400118));
#2350 = CARTESIAN_POINT('', (0.24459999999999998, 0.015897689709609537, 0.04263521577463603));
#2351 = CARTESIAN_POINT('', (0.24459999999999998, 0.015908252874345018, 0.042620989456183055));
#2352 = CARTESIAN_POINT('', (0.24459999999999998, 0.016214584651679635, 0.042208426221039076));
#2353 = CARTESIAN_POINT('', (0.24459999999999998, 0.016224744763396196, 0.042193955316715055));
#2354 = CARTESIAN_POINT('', (0.24459999999999998, 0.01651938800318204, 0.04177429909131053));
#2355 = CARTESIAN_POINT('', (0.24459999999999998, 0.016529137075885596, 0.041759600611223115));
#2356 = CARTESIAN_POINT('', (0.24459999999999998, 0.016811860184294217, 0.041333344688679594));
#2357 = CARTESIAN_POINT('', (0.24459999999999998, 0.016821191178765255, 0.04131843595590787));
#2358 = CARTESIAN_POINT('', (0.24459999999999998, 0.01709179001842314, 0.04088608270553105));
#2359 = CARTESIAN_POINT('', (0.24459999999999998, 0.01710069685445477, 0.040870981291239075));
#2360 = CARTESIAN_POINT('', (0.24459999999999998, 0.017358995099376984, 0.04043304027676351));
#2361 = CARTESIAN_POINT('', (0.24459999999999998, 0.017367472662782227, 0.04041776393509792));
#2362 = CARTESIAN_POINT('', (0.24459999999999998, 0.01761332200153902, 0.03997475002678706));
#2363 = CARTESIAN_POINT('', (0.24459999999999998, 0.01762136614597961, 0.03995931663004661));
#2364 = CARTESIAN_POINT('', (0.24459999999999998, 0.017854646334759038, 0.039511748124569146));
#2365 = CARTESIAN_POINT('', (0.24459999999999998, 0.017862253878505194, 0.03949617559910674));
#2366 = CARTESIAN_POINT('', (0.24459999999999998, 0.018082872647141993, 0.03904457236070032));
#2367 = CARTESIAN_POINT('', (0.24459999999999998, 0.01809004136491382, 0.0390288786240053));
#2368 = CARTESIAN_POINT('', (0.24459999999999998, 0.01829793418029512, 0.03857376025985337));
#2369 = CARTESIAN_POINT('', (0.24459999999999998, 0.018304662790381, 0.03855796315923403));
#2370 = CARTESIAN_POINT('', (0.24459999999999998, 0.018478430438890386, 0.038149999999999996));
#2371 = CARTESIAN_POINT('', (0.24459999999999998, 0.018499792482875112, 0.03809984724126462));
#2372 = CARTESIAN_POINT('', (0.24459999999999998, 0.01850608062976056, 0.03808396449452239));
#2373 = CARTESIAN_POINT('', (0.24459999999999998, 0.018688436889440257, 0.03762336483899347));
#2374 = CARTESIAN_POINT('', (0.24459999999999998, 0.018694285122213664, 0.03760741397745174));
#2375 = CARTESIAN_POINT('', (0.24459999999999998, 0.01886388387264565, 0.037144838992732576));
#2376 = CARTESIAN_POINT('', (0.24459999999999998, 0.01886929361948117, 0.03712883730693722));
#2377 = CARTESIAN_POINT('', (0.24459999999999998, 0.019026176277712838, 0.036664788418867035));
#2378 = CARTESIAN_POINT('', (0.24459999999999998, 0.019031149816750744, 0.03664875290724951));
#2379 = CARTESIAN_POINT('', (0.24459999999999998, 0.01917538244885141, 0.03618372307033701));
#2380 = CARTESIAN_POINT('', (0.24459999999999998, 0.01917992287581984, 0.0361676703910814));
#2381 = CARTESIAN_POINT('', (0.24459999999999998, 0.01931159525790556, 0.03570214269266419));
#2382 = CARTESIAN_POINT('', (0.24459999999999998, 0.01931570645084008, 0.03568608911898488));
#2383 = CARTESIAN_POINT('', (0.24459999999999998, 0.01943493104594232, 0.03522053548228031));
#2384 = CARTESIAN_POINT('', (0.24459999999999998, 0.019438617627370546, 0.03520449686127352));
#2385 = CARTESIAN_POINT('', (0.24459999999999998, 0.01954552848879216, 0.03473937685206378));
#2386 = CARTESIAN_POINT('', (0.24459999999999998, 0.019548795785755767, 0.03472336856725406));
#2387 = CARTESIAN_POINT('', (0.24459999999999998, 0.019643547397701352, 0.034259128307767714));
#2388 = CARTESIAN_POINT('', (0.24459999999999998, 0.019646401399986826, 0.03424316524543636));
#2389 = CARTESIAN_POINT('', (0.24459999999999998, 0.019729167466265626, 0.03378023643782672));
#2390 = CARTESIAN_POINT('', (0.24459999999999998, 0.01973161478321325, 0.033764332957161816));
#2391 = CARTESIAN_POINT('', (0.24459999999999998, 0.019802586974694995, 0.03330313201787569));
#2392 = CARTESIAN_POINT('', (0.24459999999999998, 0.019804634790945838, 0.03328730192495384));
#2393 = CARTESIAN_POINT('', (0.24459999999999998, 0.019864021462220806, 0.0328282292302158));
#2394 = CARTESIAN_POINT('', (0.24459999999999998, 0.019865677492750398, 0.03281248575578983));
#2395 = CARTESIAN_POINT('', (0.24459999999999998, 0.019913702378109067, 0.03235592499743205));
#2396 = CARTESIAN_POINT('', (0.24459999999999998, 0.019914974822882188, 0.03234028077846493));
#2397 = CARTESIAN_POINT('', (0.24459999999999998, 0.019951875721302997, 0.031886598428413966));
#2398 = CARTESIAN_POINT('', (0.24459999999999998, 0.019952773219866007, 0.031871065493272385));
#2399 = CARTESIAN_POINT('', (0.24459999999999998, 0.01997880067819351, 0.03142061037416184));
#2400 = CARTESIAN_POINT('', (0.24459999999999998, 0.01997933226450124, 0.031405200131355906));
#2401 = CARTESIAN_POINT('', (0.24459999999999998, 0.01999474826742542, 0.030958303089983274));
#2402 = CARTESIAN_POINT('', (0.24459999999999998, 0.019994923325177903, 0.030943026320317316));
#2403 = CARTESIAN_POINT('', (0.24459999999999998, 0.019999999999999997, 0.030499999999999996));
#2404 = B_SPLINE_CURVE_WITH_KNOTS('', 2, (#2275, #2276, #2277, #2278, #2279, #2280, #2281, #2282, #2283, #2284, #2285, #2286, #2287, #2288, #2289, #2290, #2291, #2292, #2293, #2294, #2295, #2296, #2297, #2298, #2299, #2300, #2301, #2302, #2303, #2304, #2305, #2306, #2307, #2308, #2309, #2310, #2311, #2312, #2313, #2314, #2315, #2316, #2317, #2318, #2319, #2320, #2321, #2322, #2323, #2324, #2325, #2326, #2327, #2328, #2329, #2330, #2331, #2332, #2333, #2334, #2335, #2336, #2337, #2338, #2339, #2340, #2341, #2342, #2343, #2344, #2345, #2346, #2347, #2348, #2349, #2350, #2351, #2352, #2353, #2354, #2355, #2356, #2357, #2358, #2359, #2360, #2361, #2362, #2363, #2364, #2365, #2366, #2367, #2368, #2369, #2370, #2371, #2372, #2373, #2374, #2375, #2376, #2377, #2378, #2379, #2380, #2381, #2382, #2383, #2384, #2385, #2386, #2387, #2388, #2389, #2390, #2391, #2392, #2393, #2394, #2395, #2396, #2397, #2398, #2399, #2400, #2401, #2402, #2403), .UNSPECIFIED., .F., .F., (3, 1, 1, 1, 1, 1, 1, 1, 1, 1, 1, 1, 1, 1, 1, 1, 1, 1, 1, 1, 1, 1, 1, 1, 1, 1, 1, 1, 1, 1, 1, 1, 1, 1, 1, 1, 1, 1, 1, 1, 1, 1, 1, 1, 1, 1, 1, 1, 1, 1, 1, 1, 1, 1, 1, 1, 1, 1, 1, 1, 1, 1, 1, 1, 1, 1, 1, 1, 1, 1, 1, 1, 1, 1, 1, 1, 1, 1, 1, 1, 1, 1, 1, 1, 1, 1, 1, 1, 1, 1, 1, 1, 1, 1, 1, 1, 1, 1, 1, 1, 1, 1, 1, 1, 1, 1, 1, 1, 1, 1, 1, 1, 1, 1, 1, 1, 1, 1, 1, 1, 1, 1, 1, 1, 1, 1, 1, 3), (0.5, 0.5019762845849802, 0.5059288537549407, 0.5098814229249012, 0.5138339920948617, 0.5177865612648221, 0.5217391304347827, 0.5256916996047432, 0.5296442687747036, 0.5335968379446641, 0.5375494071146245, 0.541501976284585, 0.5454545454545454, 0.549407114624506, 0.5533596837944664, 0.5573122529644269, 0.5612648221343874, 0.5652173913043479, 0.5691699604743083, 0.5731225296442688, 0.5770750988142292, 0.5810276679841897, 0.5849802371541502, 0.5889328063241107, 0.5928853754940712, 0.5968379446640317, 0.6007905138339922, 0.6047430830039526, 0.6086956521739131, 0.6126482213438735, 0.616600790513834, 0.6205533596837944, 0.6245059288537549, 0.6284584980237155, 0.6324110671936759, 0.6363636363636365, 0.6403162055335969, 0.6442687747035574, 0.6482213438735178, 0.6521739130434783, 0.6561264822134387, 0.6600790513833992, 0.6640316205533596, 0.6679841897233202, 0.6719367588932806, 0.6758893280632412, 0.6798418972332017, 0.6837944664031621, 0.6877470355731226, 0.691699604743083, 0.6956521739130435, 0.6996047430830039, 0.7035573122529645, 0.7075098814229249, 0.7114624505928854, 0.7154150197628459, 0.7193675889328064, 0.7233201581027668, 0.7272727272727273, 0.7312252964426877, 0.7351778656126482, 0.7391304347826086, 0.7430830039525692, 0.7470355731225297, 0.7509881422924901, 0.7549407114624507, 0.7588932806324111, 0.7628458498023716, 0.766798418972332, 0.7707509881422925, 0.7747035573122529, 0.7786561264822134, 0.782608695652174, 0.7865612648221344, 0.7905138339920948, 0.7944664031620554, 0.7984189723320159, 0.8023715415019763, 0.8063241106719368, 0.8102766798418972, 0.8142292490118577, 0.8181818181818182, 0.8221343873517787, 0.8260869565217391, 0.8300395256916996, 0.8339920948616601, 0.8379446640316206, 0.841897233201581, 0.8458498023715415, 0.849802371541502, 0.8537549407114624, 0.857707509881423, 0.8616600790513834, 0.8656126482213439, 0.8695652173913043, 0.8735177865612649, 0.8774703557312253, 0.8814229249011858, 0.8853754940711462, 0.8893280632411067, 0.8932806324110671, 0.8972332015810277, 0.9011857707509882, 0.9051383399209486, 0.9090909090909091, 0.9130434782608696, 0.9169960474308301, 0.9209486166007905, 0.924901185770751, 0.9288537549407114, 0.9328063241106719, 0.9367588932806324, 0.9407114624505929, 0.9446640316205533, 0.9486166007905138, 0.9525691699604744, 0.9565217391304348, 0.9604743083003953, 0.9644268774703557, 0.9683794466403162, 0.9723320158102767, 0.9762845849802372, 0.9802371541501976, 0.9841897233201581, 0.9881422924901185, 0.9920948616600791, 0.9960474308300395, 1), .UNSPECIFIED.);
#2405 = DIRECTION('', (1, -0, 0));
#2406 = VECTOR('', #2405, 1);
#2407 = CARTESIAN_POINT('', (0.24459999999999996, 0.02, 0.0305));
#2408 = LINE('', #2407, #2406);
#2409 = DIRECTION('', (1, -0, 0));
#2410 = VECTOR('', #2409, 1);
#2411 = CARTESIAN_POINT('', (0.24459999999999996, -0.02, 0.030500000000000003));
#2412 = LINE('', #2411, #2410);
#2413 = EDGE_CURVE('', #6, #14, #93, .T.);
#2414 = EDGE_CURVE('', #6, #8, #97, .T.);
#2415 = EDGE_CURVE('', #8, #16, #102, .T.);
#2416 = EDGE_CURVE('', #10, #18, #107, .T.);
#2417 = EDGE_CURVE('', #10, #32, #111, .T.);
#2418 = EDGE_CURVE('', #12, #20, #116, .T.);
#2419 = EDGE_CURVE('', #14, #6, #121, .T.);
#2420 = EDGE_CURVE('', #16, #8, #126, .T.);
#2421 = EDGE_CURVE('', #14, #16, #130, .T.);
#2422 = EDGE_CURVE('', #18, #10, #135, .T.);
#2423 = EDGE_CURVE('', #20, #12, #140, .T.);
#2424 = EDGE_CURVE('', #18, #20, #144, .T.);
#2425 = EDGE_CURVE('', #22, #26, #149, .T.);
#2426 = EDGE_CURVE('', #22, #48, #153, .T.);
#2427 = EDGE_CURVE('', #24, #36, #158, .T.);
#2428 = EDGE_CURVE('', #24, #46, #162, .T.);
#2429 = EDGE_CURVE('', #26, #28, #178, .T.);
#2430 = EDGE_CURVE('', #30, #26, #182, .T.);
#2431 = EDGE_CURVE('', #32, #30, #199, .T.);
#2432 = EDGE_CURVE('', #28, #34, #216, .T.);
#2433 = EDGE_CURVE('', #34, #36, #220, .T.);
#2434 = EDGE_CURVE('', #36, #32, #236, .T.);
#2435 = EDGE_CURVE('', #34, #24, #241, .T.);
#2436 = EDGE_CURVE('', #30, #22, #246, .T.);
#2437 = EDGE_CURVE('', #28, #12, #250, .T.);
#2438 = EDGE_CURVE('', #38, #42, #255, .T.);
#2439 = EDGE_CURVE('', #38, #40, #259, .T.);
#2440 = EDGE_CURVE('', #40, #44, #264, .T.);
#2441 = EDGE_CURVE('', #42, #38, #269, .T.);
#2442 = EDGE_CURVE('', #44, #40, #274, .T.);
#2443 = EDGE_CURVE('', #42, #44, #278, .T.);
#2444 = EDGE_CURVE('', #46, #52, #408, .T.);
#2445 = EDGE_CURVE('', #48, #50, #538, .T.);
#2446 = EDGE_CURVE('', #50, #46, #668, .T.);
#2447 = EDGE_CURVE('', #52, #48, #798, .T.);
#2448 = EDGE_CURVE('', #54, #60, #928, .T.);
#2449 = EDGE_CURVE('', #54, #58, #1058, .T.);
#2450 = EDGE_CURVE('', #58, #56, #1188, .T.);
#2451 = EDGE_CURVE('', #60, #56, #1318, .T.);
#2452 = EDGE_CURVE('', #56, #70, #1322, .T.);
#2453 = EDGE_CURVE('', #54, #72, #1326, .T.);
#2454 = EDGE_CURVE('', #62, #66, #1331, .T.);
#2455 = EDGE_CURVE('', #62, #64, #1335, .T.);
#2456 = EDGE_CURVE('', #64, #68, #1340, .T.);
#2457 = EDGE_CURVE('', #66, #62, #1345, .T.);
#2458 = EDGE_CURVE('', #68, #64, #1350, .T.);
#2459 = EDGE_CURVE('', #66, #68, #1354, .T.);
#2460 = EDGE_CURVE('', #70, #76, #1484, .T.);
#2461 = EDGE_CURVE('', #72, #74, #1614, .T.);
#2462 = EDGE_CURVE('', #74, #70, #1744, .T.);
#2463 = EDGE_CURVE('', #76, #72, #1874, .T.);
#2464 = EDGE_CURVE('', #78, #80, #1879, .T.);
#2465 = EDGE_CURVE('', #80, #78, #1884, .T.);
#2466 = EDGE_CURVE('', #82, #88, #2014, .T.);
#2467 = EDGE_CURVE('', #82, #86, #2144, .T.);
#2468 = EDGE_CURVE('', #86, #84, #2274, .T.);
#2469 = EDGE_CURVE('', #88, #84, #2404, .T.);
#2470 = EDGE_CURVE('', #84, #78, #2408, .T.);
#2471 = EDGE_CURVE('', #82, #80, #2412, .T.);
#2472 = CARTESIAN_POINT('', (0, -0, 0.004));
#2473 = DIRECTION('', (0, -0, 1));
#2474 = DIRECTION('', (1, 0, 0));
#2475 = AXIS2_PLACEMENT_3D('', #2472, #2473, #2474);
#2476 = CYLINDRICAL_SURFACE('', #2475, 0.045);
#2477 = CARTESIAN_POINT('', (0, 0, 0));
#2478 = DIRECTION('', (0, -0, 1));
#2479 = AXIS2_PLACEMENT_3D('', #2477, #2478, $);
#2480 = PLANE('', #2479);
#2481 = CARTESIAN_POINT('', (0, 0, 0.008));
#2482 = DIRECTION('', (0, -0, 1));
#2483 = AXIS2_PLACEMENT_3D('', #2481, #2482, $);
#2484 = PLANE('', #2483);
#2485 = CARTESIAN_POINT('', (0.0000000000000000012560739669470202, 0.00000000000000000125607396694702, 0.0305));
#2486 = DIRECTION('', (-0, -0, 1));
#2487 = DIRECTION('', (1, -0.000000000000000035887827627057714, 0));
#2488 = AXIS2_PLACEMENT_3D('', #2485, #2486, #2487);
#2489 = CYLINDRICAL_SURFACE('', #2488, 0.035);
#2490 = CARTESIAN_POINT('', (0, 0, 0.053));
#2491 = DIRECTION('', (0, -0, 1));
#2492 = AXIS2_PLACEMENT_3D('', #2490, #2491, $);
#2493 = PLANE('', #2492);
#2494 = CARTESIAN_POINT('', (0.07490000000000001, 0.000000000000000003552713678800501, 0.030499999999999996));
#2495 = DIRECTION('', (1, -0, -0));
#2496 = DIRECTION('', (0, 1, 0.00000000000000020301221021717152));
#2497 = AXIS2_PLACEMENT_3D('', #2494, #2495, #2496);
#2498 = CYLINDRICAL_SURFACE('', #2497, 0.017499999999999995);
#2499 = CARTESIAN_POINT('', (0.0349, 0, 0));
#2500 = DIRECTION('', (1, -0, 0));
#2501 = AXIS2_PLACEMENT_3D('', #2499, #2500, $);
#2502 = PLANE('', #2501);
#2503 = CARTESIAN_POINT('', (0.1298, 0, 0.030499999999999996));
#2504 = DIRECTION('', (1, -0, -0));
#2505 = DIRECTION('', (0, 1, 0.0000000000000001291895883200182));
#2506 = AXIS2_PLACEMENT_3D('', #2503, #2504, #2505);
#2507 = CYLINDRICAL_SURFACE('', #2506, 0.0275);
#2508 = CARTESIAN_POINT('', (0.1148, 0, 0));
#2509 = DIRECTION('', (1, -0, 0));
#2510 = AXIS2_PLACEMENT_3D('', #2508, #2509, $);
#2511 = PLANE('', #2510);
#2512 = CARTESIAN_POINT('', (0.1448, 0, 0));
#2513 = DIRECTION('', (1, -0, 0));
#2514 = AXIS2_PLACEMENT_3D('', #2512, #2513, $);
#2515 = PLANE('', #2514);
#2516 = CARTESIAN_POINT('', (0.17970000000000003, 0, 0.030499999999999996));
#2517 = DIRECTION('', (1, -0, -0));
#2518 = DIRECTION('', (0, 1, 0.00000000000000023684757858670006));
#2519 = AXIS2_PLACEMENT_3D('', #2516, #2517, #2518);
#2520 = CYLINDRICAL_SURFACE('', #2519, 0.015);
#2521 = CARTESIAN_POINT('', (0.2296, 0.000000000000000003552713678800501, 0.030499999999999996));
#2522 = DIRECTION('', (1, -0, -0));
#2523 = DIRECTION('', (0, 1, 0.00000000000000015789838572446674));
#2524 = AXIS2_PLACEMENT_3D('', #2521, #2522, #2523);
#2525 = CYLINDRICAL_SURFACE('', #2524, 0.022499999999999996);
#2526 = CARTESIAN_POINT('', (0.21459999999999999, 0, 0));
#2527 = DIRECTION('', (1, -0, 0));
#2528 = AXIS2_PLACEMENT_3D('', #2526, #2527, $);
#2529 = PLANE('', #2528);
#2530 = CARTESIAN_POINT('', (0.24459999999999998, 0, 0));
#2531 = DIRECTION('', (1, -0, 0));
#2532 = AXIS2_PLACEMENT_3D('', #2530, #2531, $);
#2533 = PLANE('', #2532);
#2534 = CARTESIAN_POINT('', (0.2505, 0.000000000000000003552713678800501, 0.030499999999999996));
#2535 = DIRECTION('', (1, -0, -0));
#2536 = DIRECTION('', (0, 1, 0.00000000000000017763568394002508));
#2537 = AXIS2_PLACEMENT_3D('', #2534, #2535, #2536);
#2538 = CYLINDRICAL_SURFACE('', #2537, 0.019999999999999997);
#2539 = CARTESIAN_POINT('', (0.2565, 0, 0));
#2540 = DIRECTION('', (1, -0, 0));
#2541 = AXIS2_PLACEMENT_3D('', #2539, #2540, $);
#2542 = PLANE('', #2541);
#2543 = ORIENTED_EDGE('', *, *, #2421, .T.);
#2544 = ORIENTED_EDGE('', *, *, #2415, .F.);
#2545 = ORIENTED_EDGE('', *, *, #2414, .F.);
#2546 = ORIENTED_EDGE('', *, *, #2413, .T.);
#2547 = EDGE_LOOP('', (#2543, #2544, #2545, #2546));
#2548 = FACE_BOUND('', #2547, .T.);
#2549 = ADVANCED_FACE('', (#2548), #2476, .T.);
#2550 = ORIENTED_EDGE('', *, *, #2419, .F.);
#2551 = ORIENTED_EDGE('', *, *, #2413, .F.);
#2552 = EDGE_LOOP('', (#2550, #2551));
#2553 = FACE_BOUND('', #2552, .T.);
#2554 = ADVANCED_FACE('', (#2553), #2480, .F.);
#2555 = ORIENTED_EDGE('', *, *, #2415, .T.);
#2556 = ORIENTED_EDGE('', *, *, #2420, .T.);
#2557 = ORIENTED_EDGE('', *, *, #2422, .F.);
#2558 = ORIENTED_EDGE('', *, *, #2416, .F.);
#2559 = EDGE_LOOP('', (#2555, #2556));
#2560 = FACE_BOUND('', #2559, .T.);
#2561 = EDGE_LOOP('', (#2557, #2558));
#2562 = FACE_BOUND('', #2561, .T.);
#2563 = ADVANCED_FACE('', (#2560, #2562), #2484, .T.);
#2564 = ORIENTED_EDGE('', *, *, #2417, .F.);
#2565 = ORIENTED_EDGE('', *, *, #2416, .T.);
#2566 = ORIENTED_EDGE('', *, *, #2424, .T.);
#2567 = ORIENTED_EDGE('', *, *, #2418, .F.);
#2568 = ORIENTED_EDGE('', *, *, #2437, .F.);
#2569 = ORIENTED_EDGE('', *, *, #2429, .F.);
#2570 = ORIENTED_EDGE('', *, *, #2430, .F.);
#2571 = ORIENTED_EDGE('', *, *, #2431, .F.);
#2572 = EDGE_LOOP('', (#2564, #2565, #2566, #2567, #2568, #2569, #2570, #2571));
#2573 = FACE_BOUND('', #2572, .T.);
#2574 = ADVANCED_FACE('', (#2573), #2489, .T.);
#2575 = ORIENTED_EDGE('', *, *, #2418, .T.);
#2576 = ORIENTED_EDGE('', *, *, #2423, .T.);
#2577 = EDGE_LOOP('', (#2575, #2576));
#2578 = FACE_BOUND('', #2577, .T.);
#2579 = ADVANCED_FACE('', (#2578), #2493, .T.);
#2580 = ORIENTED_EDGE('', *, *, #2421, .F.);
#2581 = ORIENTED_EDGE('', *, *, #2419, .T.);
#2582 = ORIENTED_EDGE('', *, *, #2414, .T.);
#2583 = ORIENTED_EDGE('', *, *, #2420, .F.);
#2584 = EDGE_LOOP('', (#2580, #2581, #2582, #2583));
#2585 = FACE_BOUND('', #2584, .T.);
#2586 = ADVANCED_FACE('', (#2585), #2476, .T.);
#2587 = ORIENTED_EDGE('', *, *, #2433, .F.);
#2588 = ORIENTED_EDGE('', *, *, #2432, .F.);
#2589 = ORIENTED_EDGE('', *, *, #2437, .T.);
#2590 = ORIENTED_EDGE('', *, *, #2423, .F.);
#2591 = ORIENTED_EDGE('', *, *, #2424, .F.);
#2592 = ORIENTED_EDGE('', *, *, #2422, .T.);
#2593 = ORIENTED_EDGE('', *, *, #2417, .T.);
#2594 = ORIENTED_EDGE('', *, *, #2434, .F.);
#2595 = EDGE_LOOP('', (#2587, #2588, #2589, #2590, #2591, #2592, #2593, #2594));
#2596 = FACE_BOUND('', #2595, .T.);
#2597 = ADVANCED_FACE('', (#2596), #2489, .T.);
#2598 = ORIENTED_EDGE('', *, *, #2447, .T.);
#2599 = ORIENTED_EDGE('', *, *, #2426, .F.);
#2600 = ORIENTED_EDGE('', *, *, #2425, .T.);
#2601 = ORIENTED_EDGE('', *, *, #2429, .T.);
#2602 = ORIENTED_EDGE('', *, *, #2432, .T.);
#2603 = ORIENTED_EDGE('', *, *, #2435, .T.);
#2604 = ORIENTED_EDGE('', *, *, #2428, .T.);
#2605 = ORIENTED_EDGE('', *, *, #2444, .T.);
#2606 = EDGE_LOOP('', (#2598, #2599, #2600, #2601, #2602, #2603, #2604, #2605));
#2607 = FACE_BOUND('', #2606, .T.);
#2608 = ADVANCED_FACE('', (#2607), #2498, .T.);
#2609 = ORIENTED_EDGE('', *, *, #2446, .T.);
#2610 = ORIENTED_EDGE('', *, *, #2428, .F.);
#2611 = ORIENTED_EDGE('', *, *, #2427, .T.);
#2612 = ORIENTED_EDGE('', *, *, #2434, .T.);
#2613 = ORIENTED_EDGE('', *, *, #2431, .T.);
#2614 = ORIENTED_EDGE('', *, *, #2436, .T.);
#2615 = ORIENTED_EDGE('', *, *, #2426, .T.);
#2616 = ORIENTED_EDGE('', *, *, #2445, .T.);
#2617 = EDGE_LOOP('', (#2609, #2610, #2611, #2612, #2613, #2614, #2615, #2616));
#2618 = FACE_BOUND('', #2617, .T.);
#2619 = ADVANCED_FACE('', (#2618), #2498, .T.);
#2620 = ORIENTED_EDGE('', *, *, #2430, .T.);
#2621 = ORIENTED_EDGE('', *, *, #2425, .F.);
#2622 = ORIENTED_EDGE('', *, *, #2436, .F.);
#2623 = EDGE_LOOP('', (#2620, #2621, #2622));
#2624 = FACE_BOUND('', #2623, .T.);
#2625 = ADVANCED_FACE('', (#2624), #2502, .F.);
#2626 = ORIENTED_EDGE('', *, *, #2433, .T.);
#2627 = ORIENTED_EDGE('', *, *, #2427, .F.);
#2628 = ORIENTED_EDGE('', *, *, #2435, .F.);
#2629 = EDGE_LOOP('', (#2626, #2627, #2628));
#2630 = FACE_BOUND('', #2629, .T.);
#2631 = ADVANCED_FACE('', (#2630), #2502, .F.);
#2632 = ORIENTED_EDGE('', *, *, #2443, .T.);
#2633 = ORIENTED_EDGE('', *, *, #2440, .F.);
#2634 = ORIENTED_EDGE('', *, *, #2439, .F.);
#2635 = ORIENTED_EDGE('', *, *, #2438, .T.);
#2636 = EDGE_LOOP('', (#2632, #2633, #2634, #2635));
#2637 = FACE_BOUND('', #2636, .T.);
#2638 = ADVANCED_FACE('', (#2637), #2507, .T.);
#2639 = ORIENTED_EDGE('', *, *, #2441, .F.);
#2640 = ORIENTED_EDGE('', *, *, #2438, .F.);
#2641 = ORIENTED_EDGE('', *, *, #2444, .F.);
#2642 = ORIENTED_EDGE('', *, *, #2446, .F.);
#2643 = ORIENTED_EDGE('', *, *, #2445, .F.);
#2644 = ORIENTED_EDGE('', *, *, #2447, .F.);
#2645 = EDGE_LOOP('', (#2639, #2640));
#2646 = FACE_BOUND('', #2645, .T.);
#2647 = EDGE_LOOP('', (#2641, #2642, #2643, #2644));
#2648 = FACE_BOUND('', #2647, .T.);
#2649 = ADVANCED_FACE('', (#2646, #2648), #2511, .F.);
#2650 = ORIENTED_EDGE('', *, *, #2440, .T.);
#2651 = ORIENTED_EDGE('', *, *, #2442, .T.);
#2652 = ORIENTED_EDGE('', *, *, #2451, .T.);
#2653 = ORIENTED_EDGE('', *, *, #2450, .F.);
#2654 = ORIENTED_EDGE('', *, *, #2449, .F.);
#2655 = ORIENTED_EDGE('', *, *, #2448, .T.);
#2656 = EDGE_LOOP('', (#2650, #2651));
#2657 = FACE_BOUND('', #2656, .T.);
#2658 = EDGE_LOOP('', (#2652, #2653, #2654, #2655));
#2659 = FACE_BOUND('', #2658, .T.);
#2660 = ADVANCED_FACE('', (#2657, #2659), #2515, .T.);
#2661 = ORIENTED_EDGE('', *, *, #2443, .F.);
#2662 = ORIENTED_EDGE('', *, *, #2441, .T.);
#2663 = ORIENTED_EDGE('', *, *, #2439, .T.);
#2664 = ORIENTED_EDGE('', *, *, #2442, .F.);
#2665 = EDGE_LOOP('', (#2661, #2662, #2663, #2664));
#2666 = FACE_BOUND('', #2665, .T.);
#2667 = ADVANCED_FACE('', (#2666), #2507, .T.);
#2668 = ORIENTED_EDGE('', *, *, #2463, .T.);
#2669 = ORIENTED_EDGE('', *, *, #2453, .F.);
#2670 = ORIENTED_EDGE('', *, *, #2449, .T.);
#2671 = ORIENTED_EDGE('', *, *, #2450, .T.);
#2672 = ORIENTED_EDGE('', *, *, #2452, .T.);
#2673 = ORIENTED_EDGE('', *, *, #2460, .T.);
#2674 = EDGE_LOOP('', (#2668, #2669, #2670, #2671, #2672, #2673));
#2675 = FACE_BOUND('', #2674, .T.);
#2676 = ADVANCED_FACE('', (#2675), #2520, .T.);
#2677 = ORIENTED_EDGE('', *, *, #2462, .T.);
#2678 = ORIENTED_EDGE('', *, *, #2452, .F.);
#2679 = ORIENTED_EDGE('', *, *, #2451, .F.);
#2680 = ORIENTED_EDGE('', *, *, #2448, .F.);
#2681 = ORIENTED_EDGE('', *, *, #2453, .T.);
#2682 = ORIENTED_EDGE('', *, *, #2461, .T.);
#2683 = EDGE_LOOP('', (#2677, #2678, #2679, #2680, #2681, #2682));
#2684 = FACE_BOUND('', #2683, .T.);
#2685 = ADVANCED_FACE('', (#2684), #2520, .T.);
#2686 = ORIENTED_EDGE('', *, *, #2459, .T.);
#2687 = ORIENTED_EDGE('', *, *, #2456, .F.);
#2688 = ORIENTED_EDGE('', *, *, #2455, .F.);
#2689 = ORIENTED_EDGE('', *, *, #2454, .T.);
#2690 = EDGE_LOOP('', (#2686, #2687, #2688, #2689));
#2691 = FACE_BOUND('', #2690, .T.);
#2692 = ADVANCED_FACE('', (#2691), #2525, .T.);
#2693 = ORIENTED_EDGE('', *, *, #2457, .F.);
#2694 = ORIENTED_EDGE('', *, *, #2454, .F.);
#2695 = ORIENTED_EDGE('', *, *, #2460, .F.);
#2696 = ORIENTED_EDGE('', *, *, #2462, .F.);
#2697 = ORIENTED_EDGE('', *, *, #2461, .F.);
#2698 = ORIENTED_EDGE('', *, *, #2463, .F.);
#2699 = EDGE_LOOP('', (#2693, #2694));
#2700 = FACE_BOUND('', #2699, .T.);
#2701 = EDGE_LOOP('', (#2695, #2696, #2697, #2698));
#2702 = FACE_BOUND('', #2701, .T.);
#2703 = ADVANCED_FACE('', (#2700, #2702), #2529, .F.);
#2704 = ORIENTED_EDGE('', *, *, #2456, .T.);
#2705 = ORIENTED_EDGE('', *, *, #2458, .T.);
#2706 = ORIENTED_EDGE('', *, *, #2469, .T.);
#2707 = ORIENTED_EDGE('', *, *, #2468, .F.);
#2708 = ORIENTED_EDGE('', *, *, #2467, .F.);
#2709 = ORIENTED_EDGE('', *, *, #2466, .T.);
#2710 = EDGE_LOOP('', (#2704, #2705));
#2711 = FACE_BOUND('', #2710, .T.);
#2712 = EDGE_LOOP('', (#2706, #2707, #2708, #2709));
#2713 = FACE_BOUND('', #2712, .T.);
#2714 = ADVANCED_FACE('', (#2711, #2713), #2533, .T.);
#2715 = ORIENTED_EDGE('', *, *, #2459, .F.);
#2716 = ORIENTED_EDGE('', *, *, #2457, .T.);
#2717 = ORIENTED_EDGE('', *, *, #2455, .T.);
#2718 = ORIENTED_EDGE('', *, *, #2458, .F.);
#2719 = EDGE_LOOP('', (#2715, #2716, #2717, #2718));
#2720 = FACE_BOUND('', #2719, .T.);
#2721 = ADVANCED_FACE('', (#2720), #2525, .T.);
#2722 = ORIENTED_EDGE('', *, *, #2464, .T.);
#2723 = ORIENTED_EDGE('', *, *, #2465, .T.);
#2724 = EDGE_LOOP('', (#2722, #2723));
#2725 = FACE_BOUND('', #2724, .T.);
#2726 = ADVANCED_FACE('', (#2725), #2542, .T.);
#2727 = ORIENTED_EDGE('', *, *, #2468, .T.);
#2728 = ORIENTED_EDGE('', *, *, #2470, .T.);
#2729 = ORIENTED_EDGE('', *, *, #2465, .F.);
#2730 = ORIENTED_EDGE('', *, *, #2471, .F.);
#2731 = ORIENTED_EDGE('', *, *, #2467, .T.);
#2732 = EDGE_LOOP('', (#2727, #2728, #2729, #2730, #2731));
#2733 = FACE_BOUND('', #2732, .T.);
#2734 = ADVANCED_FACE('', (#2733), #2538, .T.);
#2735 = ORIENTED_EDGE('', *, *, #2466, .F.);
#2736 = ORIENTED_EDGE('', *, *, #2471, .T.);
#2737 = ORIENTED_EDGE('', *, *, #2464, .F.);
#2738 = ORIENTED_EDGE('', *, *, #2470, .F.);
#2739 = ORIENTED_EDGE('', *, *, #2469, .F.);
#2740 = EDGE_LOOP('', (#2735, #2736, #2737, #2738, #2739));
#2741 = FACE_BOUND('', #2740, .T.);
#2742 = ADVANCED_FACE('', (#2741), #2538, .T.);
#2743 = CLOSED_SHELL('', (#2549, #2554, #2563, #2574, #2579, #2586, #2597, #2608, #2619, #2625, #2631, #2638, #2649, #2660, #2667, #2676, #2685, #2692, #2703, #2714, #2721, #2726, #2734, #2742));
#2744 = MANIFOLD_SOLID_BREP('', #2743);
#2745 = APPLICATION_CONTEXT('configuration controlled 3D design of mechanical parts and assemblies');
#2746 = PRODUCT_DEFINITION_CONTEXT('part definition', #2745, 'design');
#2747 = PRODUCT('UNIDENTIFIED_PRODUCT', '', $, ());
#2748 = PRODUCT_DEFINITION_FORMATION('', $, #2747);
#2749 = PRODUCT_DEFINITION('design', $, #2748, #2746);
#2750 = PRODUCT_DEFINITION_SHAPE('', $, #2749);
#2751 = ADVANCED_BREP_SHAPE_REPRESENTATION('', (#2744), #4);
#2752 = SHAPE_DEFINITION_REPRESENTATION(#2750, #2751);
#2753 = COLOUR_RGB('', 0.8999999761581421, 0.8999999761581421, 0.8999999761581421);
#2754 = FILL_AREA_STYLE_COLOUR('', #2753);
#2755 = FILL_AREA_STYLE('', (#2754));
#2756 = SURFACE_STYLE_FILL_AREA(#2755);
#2757 = SURFACE_SIDE_STYLE('', (#2756));
#2758 = SURFACE_STYLE_USAGE(.BOTH., #2757);
#2759 = PRESENTATION_STYLE_ASSIGNMENT((#2758));
#2760 = STYLED_ITEM('', (#2759), #2744);
#2761 = MECHANICAL_DESIGN_GEOMETRIC_PRESENTATION_REPRESENTATION('', (#2760), #4);
ENDSEC;
END-ISO-10303-21;
