ISO-10303-21;
HEADER;
FILE_DESCRIPTION(('Zoo Text-to-CAD'),'1');
FILE_NAME('dump.step', '2026-02-04T04:00:22.448999233+00:00', ('Author unknown'), ('Organization unknown'), 'zoo.dev beta', 'zoo.dev', 'Authorization unknown');
FILE_SCHEMA(('AP203_CONFIGURATION_CONTROLLED_3D_DESIGN_OF_MECHANICAL_PARTS_AND_ASSEMBLIES_MIM_LF'));
ENDSEC;
DATA;
#1 = (
  LENGTH_UNIT()
  NAMED_UNIT(*)
  SI_UNIT($, .METRE.)
);
#2 = (
  NAMED_UNIT(*)
  PLANE_ANGLE_UNIT()
  SI_UNIT($, .RADIAN.)
);
#3 = UNCERTAINTY_MEASURE_WITH_UNIT(LENGTH_MEASURE(0.00001), #1, 'DISTANCE_ACCURACY_VALUE', $);
#4 = (
  GEOMETRIC_REPRESENTATION_CONTEXT(3)
  GLOBAL_UNCERTAINTY_ASSIGNED_CONTEXT((#3))
  GLOBAL_UNIT_ASSIGNED_CONTEXT((#1, #2))
  REPRESENTATION_CONTEXT('', '3D')
);
#5 = CARTESIAN_POINT('', (-0.275, -0.21, 0));
#6 = VERTEX_POINT('', #5);
#7 = CARTESIAN_POINT('', (0.275, -0.21, 0));
#8 = VERTEX_POINT('', #7);
#9 = CARTESIAN_POINT('', (0.275, -0.21, 0.085));
#10 = VERTEX_POINT('', #9);
#11 = CARTESIAN_POINT('', (-0.275, -0.21, 0.085));
#12 = VERTEX_POINT('', #11);
#13 = CARTESIAN_POINT('', (0.31, -0.175, 0));
#14 = VERTEX_POINT('', #13);
#15 = CARTESIAN_POINT('', (0.31, -0.175, 0.085));
#16 = VERTEX_POINT('', #15);
#17 = CARTESIAN_POINT('', (0.31, 0.175, 0));
#18 = VERTEX_POINT('', #17);
#19 = CARTESIAN_POINT('', (0.31, 0.175, 0.085));
#20 = VERTEX_POINT('', #19);
#21 = CARTESIAN_POINT('', (0.275, 0.21, 0));
#22 = VERTEX_POINT('', #21);
#23 = CARTESIAN_POINT('', (0.275, 0.21, 0.085));
#24 = VERTEX_POINT('', #23);
#25 = CARTESIAN_POINT('', (-0.275, 0.21, 0));
#26 = VERTEX_POINT('', #25);
#27 = CARTESIAN_POINT('', (-0.275, 0.21, 0.085));
#28 = VERTEX_POINT('', #27);
#29 = CARTESIAN_POINT('', (-0.31, 0.175, 0));
#30 = VERTEX_POINT('', #29);
#31 = CARTESIAN_POINT('', (-0.31, 0.175, 0.085));
#32 = VERTEX_POINT('', #31);
#33 = CARTESIAN_POINT('', (-0.31, -0.175, 0));
#34 = VERTEX_POINT('', #33);
#35 = CARTESIAN_POINT('', (-0.31, -0.175, 0.085));
#36 = VERTEX_POINT('', #35);
#37 = CARTESIAN_POINT('', (0.275, -0.2075, 0.085));
#38 = VERTEX_POINT('', #37);
#39 = CARTESIAN_POINT('', (0.275, -0.2097258033333809, 0));
#40 = VERTEX_POINT('', #39);
#41 = CARTESIAN_POINT('', (0.3075, -0.175, 0.085));
#42 = VERTEX_POINT('', #41);
#43 = CARTESIAN_POINT('', (0.3097258033333809, -0.175, 0));
#44 = VERTEX_POINT('', #43);
#45 = CARTESIAN_POINT('', (0.3075, 0.175, 0.085));
#46 = VERTEX_POINT('', #45);
#47 = CARTESIAN_POINT('', (0.3097258033333809, 0.175, 0));
#48 = VERTEX_POINT('', #47);
#49 = CARTESIAN_POINT('', (0.275, 0.2075, 0.085));
#50 = VERTEX_POINT('', #49);
#51 = CARTESIAN_POINT('', (0.275, 0.2097258033333809, 0));
#52 = VERTEX_POINT('', #51);
#53 = CARTESIAN_POINT('', (-0.275, 0.2075, 0.085));
#54 = VERTEX_POINT('', #53);
#55 = CARTESIAN_POINT('', (-0.275, 0.2097258033333809, 0));
#56 = VERTEX_POINT('', #55);
#57 = CARTESIAN_POINT('', (-0.3075, 0.175, 0.085));
#58 = VERTEX_POINT('', #57);
#59 = CARTESIAN_POINT('', (-0.3097258033333809, 0.175, 0));
#60 = VERTEX_POINT('', #59);
#61 = CARTESIAN_POINT('', (-0.3075, -0.175, 0.085));
#62 = VERTEX_POINT('', #61);
#63 = CARTESIAN_POINT('', (-0.3097258033333809, -0.175, 0));
#64 = VERTEX_POINT('', #63);
#65 = CARTESIAN_POINT('', (-0.275, -0.2075, 0.085));
#66 = VERTEX_POINT('', #65);
#67 = CARTESIAN_POINT('', (-0.275, -0.2097258033333809, 0));
#68 = VERTEX_POINT('', #67);
#69 = CARTESIAN_POINT('', (-0.2465, -0.2525, 0.076999));
#70 = VERTEX_POINT('', #69);
#71 = CARTESIAN_POINT('', (0.2465, -0.2525, 0.076999));
#72 = VERTEX_POINT('', #71);
#73 = CARTESIAN_POINT('', (0.2465, -0.2525, 0.085));
#74 = VERTEX_POINT('', #73);
#75 = CARTESIAN_POINT('', (-0.2465, -0.2525, 0.085));
#76 = VERTEX_POINT('', #75);
#77 = CARTESIAN_POINT('', (0.2525, -0.2465, 0.076999));
#78 = VERTEX_POINT('', #77);
#79 = CARTESIAN_POINT('', (0.2525, -0.2465, 0.085));
#80 = VERTEX_POINT('', #79);
#81 = CARTESIAN_POINT('', (0.2525, 0.2465, 0.076999));
#82 = VERTEX_POINT('', #81);
#83 = CARTESIAN_POINT('', (0.2525, 0.2465, 0.085));
#84 = VERTEX_POINT('', #83);
#85 = CARTESIAN_POINT('', (0.2465, 0.2525, 0.076999));
#86 = VERTEX_POINT('', #85);
#87 = CARTESIAN_POINT('', (0.2465, 0.2525, 0.085));
#88 = VERTEX_POINT('', #87);
#89 = CARTESIAN_POINT('', (-0.2465, 0.2525, 0.076999));
#90 = VERTEX_POINT('', #89);
#91 = CARTESIAN_POINT('', (-0.2465, 0.2525, 0.085));
#92 = VERTEX_POINT('', #91);
#93 = CARTESIAN_POINT('', (-0.2525, 0.2465, 0.076999));
#94 = VERTEX_POINT('', #93);
#95 = CARTESIAN_POINT('', (-0.2525, 0.2465, 0.085));
#96 = VERTEX_POINT('', #95);
#97 = CARTESIAN_POINT('', (-0.2525, -0.2465, 0.076999));
#98 = VERTEX_POINT('', #97);
#99 = CARTESIAN_POINT('', (-0.2525, -0.2465, 0.085));
#100 = VERTEX_POINT('', #99);
#101 = CARTESIAN_POINT('', (-0.02, -0.06, 0.085));
#102 = VERTEX_POINT('', #101);
#103 = CARTESIAN_POINT('', (-0.02, -0.06, 0.091));
#104 = VERTEX_POINT('', #103);
#105 = CARTESIAN_POINT('', (-0.1, -0.05999999999999999, 0.085));
#106 = VERTEX_POINT('', #105);
#107 = CARTESIAN_POINT('', (-0.1, -0.05999999999999999, 0.091));
#108 = VERTEX_POINT('', #107);
#109 = CARTESIAN_POINT('', (-0.06, -0.0325, 0.091));
#110 = VERTEX_POINT('', #109);
#111 = CARTESIAN_POINT('', (-0.06, -0.0325, 0.08));
#112 = VERTEX_POINT('', #111);
#113 = CARTESIAN_POINT('', (-0.06, -0.03, 0.07999978183384295));
#114 = VERTEX_POINT('', #113);
#115 = CARTESIAN_POINT('', (-0.06, -0.0275, 0.091));
#116 = VERTEX_POINT('', #115);
#117 = CARTESIAN_POINT('', (-0.06, -0.0275, 0.08));
#118 = VERTEX_POINT('', #117);
#119 = CARTESIAN_POINT('', (-0.0625, -0.03, 0.091));
#120 = VERTEX_POINT('', #119);
#121 = CARTESIAN_POINT('', (-0.0575, -0.03, 0.091));
#122 = VERTEX_POINT('', #121);
#123 = CARTESIAN_POINT('', (-0.06, -0.0925, 0.091));
#124 = VERTEX_POINT('', #123);
#125 = CARTESIAN_POINT('', (-0.06, -0.0925, 0.08));
#126 = VERTEX_POINT('', #125);
#127 = CARTESIAN_POINT('', (-0.06, -0.09, 0.07999978183384295));
#128 = VERTEX_POINT('', #127);
#129 = CARTESIAN_POINT('', (-0.06, -0.0875, 0.091));
#130 = VERTEX_POINT('', #129);
#131 = CARTESIAN_POINT('', (-0.06, -0.0875, 0.08));
#132 = VERTEX_POINT('', #131);
#133 = CARTESIAN_POINT('', (-0.0625, -0.09, 0.091));
#134 = VERTEX_POINT('', #133);
#135 = CARTESIAN_POINT('', (-0.0575, -0.09, 0.091));
#136 = VERTEX_POINT('', #135);
#137 = CARTESIAN_POINT('', (-0.03, -0.0625, 0.091));
#138 = VERTEX_POINT('', #137);
#139 = CARTESIAN_POINT('', (-0.03, -0.0625, 0.08));
#140 = VERTEX_POINT('', #139);
#141 = CARTESIAN_POINT('', (-0.03, -0.06, 0.07999978183384295));
#142 = VERTEX_POINT('', #141);
#143 = CARTESIAN_POINT('', (-0.03, -0.0575, 0.091));
#144 = VERTEX_POINT('', #143);
#145 = CARTESIAN_POINT('', (-0.03, -0.0575, 0.08));
#146 = VERTEX_POINT('', #145);
#147 = CARTESIAN_POINT('', (-0.0325, -0.06, 0.091));
#148 = VERTEX_POINT('', #147);
#149 = CARTESIAN_POINT('', (-0.0275, -0.06, 0.091));
#150 = VERTEX_POINT('', #149);
#151 = CARTESIAN_POINT('', (-0.09, -0.0625, 0.091));
#152 = VERTEX_POINT('', #151);
#153 = CARTESIAN_POINT('', (-0.09, -0.0625, 0.08));
#154 = VERTEX_POINT('', #153);
#155 = CARTESIAN_POINT('', (-0.09, -0.06, 0.07999978183384295));
#156 = VERTEX_POINT('', #155);
#157 = CARTESIAN_POINT('', (-0.09, -0.0575, 0.091));
#158 = VERTEX_POINT('', #157);
#159 = CARTESIAN_POINT('', (-0.09, -0.0575, 0.08));
#160 = VERTEX_POINT('', #159);
#161 = CARTESIAN_POINT('', (-0.0925, -0.06, 0.091));
#162 = VERTEX_POINT('', #161);
#163 = CARTESIAN_POINT('', (-0.0875, -0.06, 0.091));
#164 = VERTEX_POINT('', #163);
#165 = CARTESIAN_POINT('', (-0.29, 0.205, 0.07));
#166 = VERTEX_POINT('', #165);
#167 = CARTESIAN_POINT('', (-0.21, 0.21, 0.015));
#168 = VERTEX_POINT('', #167);
#169 = CARTESIAN_POINT('', (-0.275, 0.21, 0.015));
#170 = VERTEX_POINT('', #169);
#171 = CARTESIAN_POINT('', (-0.205, 0.21, 0.02));
#172 = VERTEX_POINT('', #171);
#173 = CARTESIAN_POINT('', (-0.205, 0.21000000000000002, 0.0649999999999991));
#174 = VERTEX_POINT('', #173);
#175 = CARTESIAN_POINT('', (-0.21, 0.21, 0.07));
#176 = VERTEX_POINT('', #175);
#177 = CARTESIAN_POINT('', (-0.275, 0.21, 0.07));
#178 = VERTEX_POINT('', #177);
#179 = CARTESIAN_POINT('', (-0.29, 0.20662206732759636, 0.015));
#180 = VERTEX_POINT('', #179);
#181 = CARTESIAN_POINT('', (-0.29, 0.20662206732759633, 0.07));
#182 = VERTEX_POINT('', #181);
#183 = CARTESIAN_POINT('', (-0.2930241234593278, 0.20499999999999996, 0.06898141304647877));
#184 = VERTEX_POINT('', #183);
#185 = CARTESIAN_POINT('', (-0.29302412345932777, 0.20499999999999996, 0.0160185869535212));
#186 = VERTEX_POINT('', #185);
#187 = CARTESIAN_POINT('', (-0.275, 0.20933301450984307, 0.015000000000000003));
#188 = VERTEX_POINT('', #187);
#189 = CARTESIAN_POINT('', (-0.21, 0.20933301450984307, 0.015));
#190 = VERTEX_POINT('', #189);
#191 = CARTESIAN_POINT('', (-0.205, 0.20920208490199718, 0.02));
#192 = VERTEX_POINT('', #191);
#193 = CARTESIAN_POINT('', (-0.205, 0.20802371843138373, 0.0649999999999991));
#194 = VERTEX_POINT('', #193);
#195 = CARTESIAN_POINT('', (-0.21, 0.20789278882353782, 0.07));
#196 = VERTEX_POINT('', #195);
#197 = CARTESIAN_POINT('', (-0.275, 0.20789278882353782, 0.07));
#198 = VERTEX_POINT('', #197);
#199 = CARTESIAN_POINT('', (-0.29, 0.20587980930497463, 0.015));
#200 = VERTEX_POINT('', #199);
#201 = CARTESIAN_POINT('', (-0.28848312379091223, 0.205, 0.07));
#202 = VERTEX_POINT('', #201);
#203 = CARTESIAN_POINT('', (-0.2916743645881478, 0.20500000000000002, 0.01528904423874628));
#204 = VERTEX_POINT('', #203);
#205 = CARTESIAN_POINT('', (0.26, -0.21, 0.0375));
#206 = VERTEX_POINT('', #205);
#207 = CARTESIAN_POINT('', (0.275, -0.21, 0.0375));
#208 = VERTEX_POINT('', #207);
#209 = CARTESIAN_POINT('', (0.275, -0.21, 0.0475));
#210 = VERTEX_POINT('', #209);
#211 = CARTESIAN_POINT('', (0.26, -0.21, 0.0475));
#212 = VERTEX_POINT('', #211);
#213 = CARTESIAN_POINT('', (0.2930241234593277, -0.205, 0.0375));
#214 = VERTEX_POINT('', #213);
#215 = CARTESIAN_POINT('', (0.29302412345932766, -0.205, 0.0475));
#216 = VERTEX_POINT('', #215);
#217 = CARTESIAN_POINT('', (0.275, -0.20874383127453638, 0.0375));
#218 = VERTEX_POINT('', #217);
#219 = CARTESIAN_POINT('', (0.26, -0.20874383127453638, 0.0375));
#220 = VERTEX_POINT('', #219);
#221 = CARTESIAN_POINT('', (0.26, -0.2084819720588445, 0.0475));
#222 = VERTEX_POINT('', #221);
#223 = CARTESIAN_POINT('', (0.275, -0.20848197205884453, 0.0475));
#224 = VERTEX_POINT('', #223);
#225 = CARTESIAN_POINT('', (0.2904428506378828, -0.205, 0.037500000000000006));
#226 = VERTEX_POINT('', #225);
#227 = CARTESIAN_POINT('', (0.2898622842033363, -0.20500000000000002, 0.0475));
#228 = VERTEX_POINT('', #227);
#229 = CARTESIAN_POINT('', (0.31, -0.04, 0.041));
#230 = VERTEX_POINT('', #229);
#231 = CARTESIAN_POINT('', (0.31, -0.02, 0.041));
#232 = VERTEX_POINT('', #231);
#233 = CARTESIAN_POINT('', (0.31, -0.02, 0.044));
#234 = VERTEX_POINT('', #233);
#235 = CARTESIAN_POINT('', (0.31, -0.0400000000000003, 0.043999999999999984));
#236 = VERTEX_POINT('', #235);
#237 = CARTESIAN_POINT('', (0.3086521805490442, -0.02, 0.041));
#238 = VERTEX_POINT('', #237);
#239 = CARTESIAN_POINT('', (0.3086521805490442, -0.04, 0.041));
#240 = VERTEX_POINT('', #239);
#241 = CARTESIAN_POINT('', (0.3085736227843367, -0.02, 0.044));
#242 = VERTEX_POINT('', #241);
#243 = CARTESIAN_POINT('', (0.3085736227843367, -0.0400000000000003, 0.043999999999999984));
#244 = VERTEX_POINT('', #243);
#245 = CARTESIAN_POINT('', (0.31, -0.04, 0.053));
#246 = VERTEX_POINT('', #245);
#247 = CARTESIAN_POINT('', (0.31, -0.02, 0.053));
#248 = VERTEX_POINT('', #247);
#249 = CARTESIAN_POINT('', (0.31, -0.02, 0.056));
#250 = VERTEX_POINT('', #249);
#251 = CARTESIAN_POINT('', (0.31, -0.0400000000000003, 0.05599999999999999));
#252 = VERTEX_POINT('', #251);
#253 = CARTESIAN_POINT('', (0.308337949490214, -0.02, 0.053));
#254 = VERTEX_POINT('', #253);
#255 = CARTESIAN_POINT('', (0.308337949490214, -0.04, 0.053));
#256 = VERTEX_POINT('', #255);
#257 = CARTESIAN_POINT('', (0.3082593917255065, -0.02, 0.056));
#258 = VERTEX_POINT('', #257);
#259 = CARTESIAN_POINT('', (0.3082593917255064, -0.0400000000000003, 0.05599999999999999));
#260 = VERTEX_POINT('', #259);
#261 = CARTESIAN_POINT('', (0.31, -0.04, 0.065));
#262 = VERTEX_POINT('', #261);
#263 = CARTESIAN_POINT('', (0.31, -0.02, 0.065));
#264 = VERTEX_POINT('', #263);
#265 = CARTESIAN_POINT('', (0.31, -0.02, 0.068));
#266 = VERTEX_POINT('', #265);
#267 = CARTESIAN_POINT('', (0.31, -0.0400000000000003, 0.06799999999999999));
#268 = VERTEX_POINT('', #267);
#269 = CARTESIAN_POINT('', (0.30802371843138376, -0.02, 0.065));
#270 = VERTEX_POINT('', #269);
#271 = CARTESIAN_POINT('', (0.30802371843138376, -0.04, 0.065));
#272 = VERTEX_POINT('', #271);
#273 = CARTESIAN_POINT('', (0.3079451606666762, -0.02, 0.068));
#274 = VERTEX_POINT('', #273);
#275 = CARTESIAN_POINT('', (0.3079451606666762, -0.0400000000000003, 0.06799999999999999));
#276 = VERTEX_POINT('', #275);
#277 = CARTESIAN_POINT('', (0.31, -0.04, 0.077));
#278 = VERTEX_POINT('', #277);
#279 = CARTESIAN_POINT('', (0.31, -0.02, 0.077));
#280 = VERTEX_POINT('', #279);
#281 = CARTESIAN_POINT('', (0.31, -0.02, 0.08));
#282 = VERTEX_POINT('', #281);
#283 = CARTESIAN_POINT('', (0.31, -0.0400000000000003, 0.07999999999999999));
#284 = VERTEX_POINT('', #283);
#285 = CARTESIAN_POINT('', (0.3077094873725535, -0.02, 0.077));
#286 = VERTEX_POINT('', #285);
#287 = CARTESIAN_POINT('', (0.3077094873725535, -0.04, 0.077));
#288 = VERTEX_POINT('', #287);
#289 = CARTESIAN_POINT('', (0.307630929607846, -0.02, 0.08));
#290 = VERTEX_POINT('', #289);
#291 = CARTESIAN_POINT('', (0.307630929607846, -0.0400000000000003, 0.07999999999999999));
#292 = VERTEX_POINT('', #291);
#293 = CARTESIAN_POINT('', (0.294, -0.198, 0));
#294 = VERTEX_POINT('', #293);
#295 = CARTESIAN_POINT('', (0.294, -0.198, -0.012));
#296 = VERTEX_POINT('', #295);
#297 = CARTESIAN_POINT('', (-0.302, -0.198, 0));
#298 = VERTEX_POINT('', #297);
#299 = CARTESIAN_POINT('', (-0.302, -0.198, -0.012));
#300 = VERTEX_POINT('', #299);
#301 = CARTESIAN_POINT('', (-0.302, 0.198, 0));
#302 = VERTEX_POINT('', #301);
#303 = CARTESIAN_POINT('', (-0.302, 0.198, -0.012));
#304 = VERTEX_POINT('', #303);
#305 = CARTESIAN_POINT('', (0.294, 0.198, 0));
#306 = VERTEX_POINT('', #305);
#307 = CARTESIAN_POINT('', (0.294, 0.198, -0.012));
#308 = VERTEX_POINT('', #307);
#309 = CARTESIAN_POINT('', (0.302, -0.198, 0));
#310 = VERTEX_POINT('', #309);
#311 = CARTESIAN_POINT('', (0.302, -0.198, -0.012));
#312 = VERTEX_POINT('', #311);
#313 = CARTESIAN_POINT('', (-0.294, -0.198, 0));
#314 = VERTEX_POINT('', #313);
#315 = CARTESIAN_POINT('', (-0.294, -0.198, -0.012));
#316 = VERTEX_POINT('', #315);
#317 = CARTESIAN_POINT('', (-0.294, 0.198, 0));
#318 = VERTEX_POINT('', #317);
#319 = CARTESIAN_POINT('', (-0.294, 0.198, -0.012));
#320 = VERTEX_POINT('', #319);
#321 = CARTESIAN_POINT('', (0.302, 0.198, 0));
#322 = VERTEX_POINT('', #321);
#323 = CARTESIAN_POINT('', (0.302, 0.198, -0.012));
#324 = VERTEX_POINT('', #323);
#325 = CARTESIAN_POINT('', (-0.2959, -0.198, -0.005));
#326 = VERTEX_POINT('', #325);
#327 = CARTESIAN_POINT('', (-0.30010000000000003, -0.198, -0.005));
#328 = VERTEX_POINT('', #327);
#329 = CARTESIAN_POINT('', (-0.2999974771121742, -0.19864813971858525, 0.012));
#330 = VERTEX_POINT('', #329);
#331 = CARTESIAN_POINT('', (-0.298648418918753, -0.19999738650049695, 0.012));
#332 = VERTEX_POINT('', #331);
#333 = CARTESIAN_POINT('', (-0.2992888013671211, -0.19965682327984569, 0.004297847712343978));
#334 = VERTEX_POINT('', #333);
#335 = CARTESIAN_POINT('', (-0.2993470221608332, -0.19931642226121818, 0.012));
#336 = VERTEX_POINT('', #335);
#337 = CARTESIAN_POINT('', (-0.2959, -0.198, 0));
#338 = VERTEX_POINT('', #337);
#339 = CARTESIAN_POINT('', (-0.30010000000000003, -0.198, 0));
#340 = VERTEX_POINT('', #339);
#341 = CARTESIAN_POINT('', (-0.29791470815651144, -0.20009777407121032, -0.00000000000000000002775557561562886));
#342 = VERTEX_POINT('', #341);
#343 = CARTESIAN_POINT('', (-0.2980852918434885, -0.19590222592878967, 0.000000000000000000034694469519536106));
#344 = VERTEX_POINT('', #343);
#345 = CARTESIAN_POINT('', (0.30010000000000003, -0.198, -0.005));
#346 = VERTEX_POINT('', #345);
#347 = CARTESIAN_POINT('', (0.2959, -0.198, -0.005));
#348 = VERTEX_POINT('', #347);
#349 = CARTESIAN_POINT('', (0.2986486822952823, -0.19999730098162133, 0.012));
#350 = VERTEX_POINT('', #349);
#351 = CARTESIAN_POINT('', (0.2999973009858695, -0.19864868229069907, 0.012));
#352 = VERTEX_POINT('', #351);
#353 = CARTESIAN_POINT('', (0.2996322279433656, -0.1993178030549327, 0.004198199999303412));
#354 = VERTEX_POINT('', #353);
#355 = CARTESIAN_POINT('', (0.29929049021446225, -0.1993726502619306, 0.012));
#356 = VERTEX_POINT('', #355);
#357 = CARTESIAN_POINT('', (0.30010000000000003, -0.198, 0));
#358 = VERTEX_POINT('', #357);
#359 = CARTESIAN_POINT('', (0.2959, -0.198, 0));
#360 = VERTEX_POINT('', #359);
#361 = CARTESIAN_POINT('', (0.2980852918434885, -0.20009777407121032, -0.00000000000000000002775557561562886));
#362 = VERTEX_POINT('', #361);
#363 = CARTESIAN_POINT('', (0.29791470815651144, -0.19590222592878967, 0.000000000000000000034694469519536106));
#364 = VERTEX_POINT('', #363);
#365 = CARTESIAN_POINT('', (0.30010000000000003, 0.198, -0.005));
#366 = VERTEX_POINT('', #365);
#367 = CARTESIAN_POINT('', (0.2959, 0.198, -0.005));
#368 = VERTEX_POINT('', #367);
#369 = CARTESIAN_POINT('', (0.2986519727663723, 0.19999428000537656, 0.012));
#370 = VERTEX_POINT('', #369);
#371 = CARTESIAN_POINT('', (0.2999937606413432, 0.19865253552290119, 0.012));
#372 = VERTEX_POINT('', #371);
#373 = CARTESIAN_POINT('', (0.29934702216083325, 0.19931642226121823, 0.012));
#374 = VERTEX_POINT('', #373);
#375 = CARTESIAN_POINT('', (0.2992888013671209, 0.19965682327984594, 0.004297847712343932));
#376 = VERTEX_POINT('', #375);
#377 = CARTESIAN_POINT('', (0.30010000000000003, 0.198, 0));
#378 = VERTEX_POINT('', #377);
#379 = CARTESIAN_POINT('', (0.2959, 0.198, 0));
#380 = VERTEX_POINT('', #379);
#381 = CARTESIAN_POINT('', (0.2980852918434885, 0.19590222592878967, -0.00000000000000000002775557561562886));
#382 = VERTEX_POINT('', #381);
#383 = CARTESIAN_POINT('', (0.29791470815651144, 0.20009777407121032, 0.000000000000000000034694469519536106));
#384 = VERTEX_POINT('', #383);
#385 = CARTESIAN_POINT('', (-0.2959, 0.198, -0.005));
#386 = VERTEX_POINT('', #385);
#387 = CARTESIAN_POINT('', (-0.30010000000000003, 0.198, -0.005));
#388 = VERTEX_POINT('', #387);
#389 = CARTESIAN_POINT('', (-0.29999376064134314, 0.19865253552290119, 0.012));
#390 = VERTEX_POINT('', #389);
#391 = CARTESIAN_POINT('', (-0.2986519727663723, 0.19999428000537656, 0.011999999999999999));
#392 = VERTEX_POINT('', #391);
#393 = CARTESIAN_POINT('', (-0.2992904902144623, 0.19937265026193055, 0.012));
#394 = VERTEX_POINT('', #393);
#395 = CARTESIAN_POINT('', (-0.2996322279433656, 0.1993178030549327, 0.004198199999303412));
#396 = VERTEX_POINT('', #395);
#397 = CARTESIAN_POINT('', (-0.2959, 0.198, 0));
#398 = VERTEX_POINT('', #397);
#399 = CARTESIAN_POINT('', (-0.30010000000000003, 0.198, 0));
#400 = VERTEX_POINT('', #399);
#401 = CARTESIAN_POINT('', (-0.29791470815651144, 0.19590222592878967, -0.00000000000000000002775557561562886));
#402 = VERTEX_POINT('', #401);
#403 = CARTESIAN_POINT('', (-0.2980852918434885, 0.20009777407121032, 0.000000000000000000034694469519536106));
#404 = VERTEX_POINT('', #403);
#405 = DIRECTION('', (1, -0, 0));
#406 = VECTOR('', #405, 1);
#407 = CARTESIAN_POINT('', (-0.275, -0.21, 0));
#408 = LINE('', #407, #406);
#409 = DIRECTION('', (0, -0, 1));
#410 = VECTOR('', #409, 1);
#411 = CARTESIAN_POINT('', (0.275, -0.21, 0));
#412 = LINE('', #411, #410);
#413 = DIRECTION('', (1, -0, 0));
#414 = VECTOR('', #413, 1);
#415 = CARTESIAN_POINT('', (-0.275, -0.21, 0.085));
#416 = LINE('', #415, #414);
#417 = DIRECTION('', (0, -0, 1));
#418 = VECTOR('', #417, 1);
#419 = CARTESIAN_POINT('', (-0.275, -0.21, 0));
#420 = LINE('', #419, #418);
#421 = DIRECTION('', (0.0000000000000016240976817373692, -1, 0));
#422 = DIRECTION('', (-0, -0, 1));
#423 = CARTESIAN_POINT('', (0.27499999999999997, -0.17499999999999993, 0));
#424 = AXIS2_PLACEMENT_3D('', #423, #422, #421);
#425 = CIRCLE('', #424, 0.03500000000000006);
#426 = DIRECTION('', (0, -0, 1));
#427 = VECTOR('', #426, 1);
#428 = CARTESIAN_POINT('', (0.31, -0.175, 0));
#429 = LINE('', #428, #427);
#430 = DIRECTION('', (0.0000000000000016240976817373692, -1, 0));
#431 = DIRECTION('', (-0, -0, 1));
#432 = CARTESIAN_POINT('', (0.27499999999999997, -0.17499999999999993, 0.085));
#433 = AXIS2_PLACEMENT_3D('', #432, #431, #430);
#434 = CIRCLE('', #433, 0.03500000000000006);
#435 = DIRECTION('', (0, 1, 0));
#436 = VECTOR('', #435, 1);
#437 = CARTESIAN_POINT('', (0.31, -0.175, 0));
#438 = LINE('', #437, #436);
#439 = DIRECTION('', (0, -0, 1));
#440 = VECTOR('', #439, 1);
#441 = CARTESIAN_POINT('', (0.31, 0.175, 0));
#442 = LINE('', #441, #440);
#443 = DIRECTION('', (0, 1, 0));
#444 = VECTOR('', #443, 1);
#445 = CARTESIAN_POINT('', (0.31, -0.175, 0.085));
#446 = LINE('', #445, #444);
#447 = DIRECTION('', (1, 0.0000000000000016240976817373692, 0));
#448 = DIRECTION('', (0, -0, 1));
#449 = CARTESIAN_POINT('', (0.27499999999999997, 0.17499999999999993, 0));
#450 = AXIS2_PLACEMENT_3D('', #449, #448, #447);
#451 = CIRCLE('', #450, 0.03500000000000006);
#452 = DIRECTION('', (0, -0, 1));
#453 = VECTOR('', #452, 1);
#454 = CARTESIAN_POINT('', (0.275, 0.21, 0));
#455 = LINE('', #454, #453);
#456 = DIRECTION('', (1, 0.0000000000000016240976817373692, 0));
#457 = DIRECTION('', (0, -0, 1));
#458 = CARTESIAN_POINT('', (0.27499999999999997, 0.17499999999999993, 0.085));
#459 = AXIS2_PLACEMENT_3D('', #458, #457, #456);
#460 = CIRCLE('', #459, 0.03500000000000006);
#461 = DIRECTION('', (-1, -0, 0));
#462 = VECTOR('', #461, 1);
#463 = CARTESIAN_POINT('', (0.275, 0.21, 0));
#464 = LINE('', #463, #462);
#465 = DIRECTION('', (0, -0, 1));
#466 = VECTOR('', #465, 1);
#467 = CARTESIAN_POINT('', (-0.275, 0.21, 0));
#468 = LINE('', #467, #466);
#469 = DIRECTION('', (-1, -0, 0));
#470 = VECTOR('', #469, 1);
#471 = CARTESIAN_POINT('', (0.275, 0.21, 0.085));
#472 = LINE('', #471, #470);
#473 = DIRECTION('', (-0.0000000000000016240976817373692, 1, 0));
#474 = DIRECTION('', (0, -0, 1));
#475 = CARTESIAN_POINT('', (-0.27499999999999997, 0.17499999999999993, 0));
#476 = AXIS2_PLACEMENT_3D('', #475, #474, #473);
#477 = CIRCLE('', #476, 0.03500000000000006);
#478 = DIRECTION('', (0, -0, 1));
#479 = VECTOR('', #478, 1);
#480 = CARTESIAN_POINT('', (-0.31, 0.175, 0));
#481 = LINE('', #480, #479);
#482 = DIRECTION('', (-0.0000000000000016240976817373692, 1, 0));
#483 = DIRECTION('', (0, -0, 1));
#484 = CARTESIAN_POINT('', (-0.27499999999999997, 0.17499999999999993, 0.085));
#485 = AXIS2_PLACEMENT_3D('', #484, #483, #482);
#486 = CIRCLE('', #485, 0.03500000000000006);
#487 = DIRECTION('', (0, -1, 0));
#488 = VECTOR('', #487, 1);
#489 = CARTESIAN_POINT('', (-0.31, 0.175, 0));
#490 = LINE('', #489, #488);
#491 = DIRECTION('', (0, -0, 1));
#492 = VECTOR('', #491, 1);
#493 = CARTESIAN_POINT('', (-0.31, -0.175, 0));
#494 = LINE('', #493, #492);
#495 = DIRECTION('', (0, -1, 0));
#496 = VECTOR('', #495, 1);
#497 = CARTESIAN_POINT('', (-0.31, 0.175, 0.085));
#498 = LINE('', #497, #496);
#499 = DIRECTION('', (-1, 0.0000000000000008120488408686873, 0));
#500 = DIRECTION('', (0, -0, 1));
#501 = CARTESIAN_POINT('', (-0.2750000000000001, -0.17500000000000002, 0));
#502 = AXIS2_PLACEMENT_3D('', #501, #500, #499);
#503 = CIRCLE('', #502, 0.03499999999999994);
#504 = DIRECTION('', (-1, 0.0000000000000008120488408686873, 0));
#505 = DIRECTION('', (0, -0, 1));
#506 = CARTESIAN_POINT('', (-0.2750000000000001, -0.17500000000000002, 0.085));
#507 = AXIS2_PLACEMENT_3D('', #506, #505, #504);
#508 = CIRCLE('', #507, 0.03499999999999994);
#509 = DIRECTION('', (1, -0, 0));
#510 = VECTOR('', #509, 1);
#511 = CARTESIAN_POINT('', (-0.275, -0.2075, 0.085));
#512 = LINE('', #511, #510);
#513 = DIRECTION('', (0, -0.0261769483078739, -0.9996573249755573));
#514 = VECTOR('', #513, 1);
#515 = CARTESIAN_POINT('', (0.275, -0.2075, 0.085));
#516 = LINE('', #515, #514);
#517 = DIRECTION('', (-1, -0, 0));
#518 = VECTOR('', #517, 1);
#519 = CARTESIAN_POINT('', (0.275, -0.2097258033333809, 0));
#520 = LINE('', #519, #518);
#521 = DIRECTION('', (0, -1, 0));
#522 = DIRECTION('', (-0, -0, 1));
#523 = CARTESIAN_POINT('', (0.275, -0.17500000000000004, 0.085));
#524 = AXIS2_PLACEMENT_3D('', #523, #522, #521);
#525 = CIRCLE('', #524, 0.032499999999999946);
#526 = DIRECTION('', (0.02617694830787334, -0, -0.9996573249755574));
#527 = VECTOR('', #526, 1);
#528 = CARTESIAN_POINT('', (0.3075, -0.175, 0.085));
#529 = LINE('', #528, #527);
#530 = DIRECTION('', (1, 0.0000000000000016369216376390118, 0));
#531 = DIRECTION('', (0, -0, -1));
#532 = CARTESIAN_POINT('', (0.2750000000000001, -0.17500000000000004, -0));
#533 = AXIS2_PLACEMENT_3D('', #532, #531, #530);
#534 = CIRCLE('', #533, 0.034725803333380836);
#535 = DIRECTION('', (0, 1, 0));
#536 = VECTOR('', #535, 1);
#537 = CARTESIAN_POINT('', (0.3075, -0.175, 0.085));
#538 = LINE('', #537, #536);
#539 = DIRECTION('', (0.02617694830787334, -0, -0.9996573249755574));
#540 = VECTOR('', #539, 1);
#541 = CARTESIAN_POINT('', (0.3075, 0.175, 0.085));
#542 = LINE('', #541, #540);
#543 = DIRECTION('', (0, -1, 0));
#544 = VECTOR('', #543, 1);
#545 = CARTESIAN_POINT('', (0.3097258033333809, 0.175, 0));
#546 = LINE('', #545, #544);
#547 = DIRECTION('', (1, -0.0000000000000017490282726402467, 0));
#548 = DIRECTION('', (-0, -0, 1));
#549 = CARTESIAN_POINT('', (0.275, 0.17500000000000004, 0.085));
#550 = AXIS2_PLACEMENT_3D('', #549, #548, #547);
#551 = CIRCLE('', #550, 0.0325);
#552 = DIRECTION('', (0, 0.02617694830787334, -0.9996573249755574));
#553 = VECTOR('', #552, 1);
#554 = CARTESIAN_POINT('', (0.275, 0.2075, 0.085));
#555 = LINE('', #554, #553);
#556 = DIRECTION('', (-0.0000000000000016369216376390118, 1, 0));
#557 = DIRECTION('', (0, 0, -1));
#558 = CARTESIAN_POINT('', (0.2750000000000001, 0.17500000000000004, -0));
#559 = AXIS2_PLACEMENT_3D('', #558, #557, #556);
#560 = CIRCLE('', #559, 0.034725803333380836);
#561 = DIRECTION('', (-1, -0, 0));
#562 = VECTOR('', #561, 1);
#563 = CARTESIAN_POINT('', (0.275, 0.2075, 0.085));
#564 = LINE('', #563, #562);
#565 = DIRECTION('', (0, 0.02617694830787464, -0.9996573249755573));
#566 = VECTOR('', #565, 1);
#567 = CARTESIAN_POINT('', (-0.275, 0.2075, 0.085));
#568 = LINE('', #567, #566);
#569 = DIRECTION('', (1, -0, 0));
#570 = VECTOR('', #569, 1);
#571 = CARTESIAN_POINT('', (-0.275, 0.2097258033333809, 0));
#572 = LINE('', #571, #570);
#573 = DIRECTION('', (0, 1, 0));
#574 = DIRECTION('', (0, -0, 1));
#575 = CARTESIAN_POINT('', (-0.275, 0.17500000000000004, 0.085));
#576 = AXIS2_PLACEMENT_3D('', #575, #574, #573);
#577 = CIRCLE('', #576, 0.032499999999999946);
#578 = DIRECTION('', (-0.02617694830787334, -0, -0.9996573249755574));
#579 = VECTOR('', #578, 1);
#580 = CARTESIAN_POINT('', (-0.3075, 0.175, 0.085));
#581 = LINE('', #580, #579);
#582 = DIRECTION('', (-1, -0.0000000000000016369216376390118, 0));
#583 = DIRECTION('', (-0, -0, -1));
#584 = CARTESIAN_POINT('', (-0.2750000000000001, 0.17500000000000004, -0));
#585 = AXIS2_PLACEMENT_3D('', #584, #583, #582);
#586 = CIRCLE('', #585, 0.034725803333380836);
#587 = DIRECTION('', (0, -1, 0));
#588 = VECTOR('', #587, 1);
#589 = CARTESIAN_POINT('', (-0.3075, 0.175, 0.085));
#590 = LINE('', #589, #588);
#591 = DIRECTION('', (-0.02617694830787334, -0, -0.9996573249755574));
#592 = VECTOR('', #591, 1);
#593 = CARTESIAN_POINT('', (-0.3075, -0.175, 0.085));
#594 = LINE('', #593, #592);
#595 = DIRECTION('', (0, 1, 0));
#596 = VECTOR('', #595, 1);
#597 = CARTESIAN_POINT('', (-0.3097258033333809, -0.175, 0));
#598 = LINE('', #597, #596);
#599 = DIRECTION('', (-1, 0.0000000000000017490282726402467, 0));
#600 = DIRECTION('', (0, -0, 1));
#601 = CARTESIAN_POINT('', (-0.275, -0.17500000000000004, 0.085));
#602 = AXIS2_PLACEMENT_3D('', #601, #600, #599);
#603 = CIRCLE('', #602, 0.0325);
#604 = DIRECTION('', (0, -0.02617694830787334, -0.9996573249755574));
#605 = VECTOR('', #604, 1);
#606 = CARTESIAN_POINT('', (-0.275, -0.2075, 0.085));
#607 = LINE('', #606, #605);
#608 = DIRECTION('', (0.0000000000000016369216376390118, -1, 0));
#609 = DIRECTION('', (0, -0, -1));
#610 = CARTESIAN_POINT('', (-0.2750000000000001, -0.17500000000000004, -0));
#611 = AXIS2_PLACEMENT_3D('', #610, #609, #608);
#612 = CIRCLE('', #611, 0.034725803333380836);
#613 = DIRECTION('', (1, -0, 0));
#614 = VECTOR('', #613, 1);
#615 = CARTESIAN_POINT('', (-0.2465, -0.2525, 0.076999));
#616 = LINE('', #615, #614);
#617 = DIRECTION('', (0, -0, 1));
#618 = VECTOR('', #617, 1);
#619 = CARTESIAN_POINT('', (0.2465, -0.2525, 0.076999));
#620 = LINE('', #619, #618);
#621 = DIRECTION('', (1, -0, 0));
#622 = VECTOR('', #621, 1);
#623 = CARTESIAN_POINT('', (-0.2465, -0.2525, 0.085));
#624 = LINE('', #623, #622);
#625 = DIRECTION('', (0, -0, 1));
#626 = VECTOR('', #625, 1);
#627 = CARTESIAN_POINT('', (-0.2465, -0.2525, 0.076999));
#628 = LINE('', #627, #626);
#629 = DIRECTION('', (-0.000000000000009473903143468092, -1, 0.00000000000000710542735760107));
#630 = DIRECTION('', (-0.000000000000005718006364392348, 0.000000000000007105427357601123, 1));
#631 = CARTESIAN_POINT('', (0.24650000000000005, -0.24650000000000005, 0.07699899999999996));
#632 = AXIS2_PLACEMENT_3D('', #631, #630, #629);
#633 = CIRCLE('', #632, 0.005999999999999943);
#634 = DIRECTION('', (0, -0, 1));
#635 = VECTOR('', #634, 1);
#636 = CARTESIAN_POINT('', (0.2525, -0.2465, 0.076999));
#637 = LINE('', #636, #635);
#638 = DIRECTION('', (-0.000000000000009473903143468092, -1, 0));
#639 = DIRECTION('', (0, 0, 1));
#640 = CARTESIAN_POINT('', (0.24650000000000005, -0.24650000000000005, 0.085));
#641 = AXIS2_PLACEMENT_3D('', #640, #639, #638);
#642 = CIRCLE('', #641, 0.005999999999999943);
#643 = DIRECTION('', (0, 1, 0));
#644 = VECTOR('', #643, 1);
#645 = CARTESIAN_POINT('', (0.2525, -0.2465, 0.076999));
#646 = LINE('', #645, #644);
#647 = DIRECTION('', (0, -0, 1));
#648 = VECTOR('', #647, 1);
#649 = CARTESIAN_POINT('', (0.2525, 0.2465, 0.076999));
#650 = LINE('', #649, #648);
#651 = DIRECTION('', (0, 1, 0));
#652 = VECTOR('', #651, 1);
#653 = CARTESIAN_POINT('', (0.2525, -0.2465, 0.085));
#654 = LINE('', #653, #652);
#655 = DIRECTION('', (1, -0.000000000000009473903143468092, 0.00000000000000710542735760107));
#656 = DIRECTION('', (-0.000000000000007105427357601123, -0.000000000000005718006364392348, 1));
#657 = CARTESIAN_POINT('', (0.24650000000000005, 0.24650000000000005, 0.07699899999999996));
#658 = AXIS2_PLACEMENT_3D('', #657, #656, #655);
#659 = CIRCLE('', #658, 0.005999999999999943);
#660 = DIRECTION('', (0, -0, 1));
#661 = VECTOR('', #660, 1);
#662 = CARTESIAN_POINT('', (0.2465, 0.2525, 0.076999));
#663 = LINE('', #662, #661);
#664 = DIRECTION('', (1, -0.000000000000009473903143468092, 0));
#665 = DIRECTION('', (-0, -0, 1));
#666 = CARTESIAN_POINT('', (0.24650000000000005, 0.24650000000000005, 0.085));
#667 = AXIS2_PLACEMENT_3D('', #666, #665, #664);
#668 = CIRCLE('', #667, 0.005999999999999943);
#669 = DIRECTION('', (-1, -0, 0));
#670 = VECTOR('', #669, 1);
#671 = CARTESIAN_POINT('', (0.2465, 0.2525, 0.076999));
#672 = LINE('', #671, #670);
#673 = DIRECTION('', (0, -0, 1));
#674 = VECTOR('', #673, 1);
#675 = CARTESIAN_POINT('', (-0.2465, 0.2525, 0.076999));
#676 = LINE('', #675, #674);
#677 = DIRECTION('', (-1, -0, 0));
#678 = VECTOR('', #677, 1);
#679 = CARTESIAN_POINT('', (0.2465, 0.2525, 0.085));
#680 = LINE('', #679, #678);
#681 = DIRECTION('', (0.000000000000009473903143468092, 1, 0.00000000000000710542735760107));
#682 = DIRECTION('', (0.000000000000005718006364392348, -0.000000000000007105427357601123, 1));
#683 = CARTESIAN_POINT('', (-0.24650000000000005, 0.24650000000000005, 0.07699899999999996));
#684 = AXIS2_PLACEMENT_3D('', #683, #682, #681);
#685 = CIRCLE('', #684, 0.005999999999999943);
#686 = DIRECTION('', (0, -0, 1));
#687 = VECTOR('', #686, 1);
#688 = CARTESIAN_POINT('', (-0.2525, 0.2465, 0.076999));
#689 = LINE('', #688, #687);
#690 = DIRECTION('', (0.000000000000009473903143468092, 1, 0));
#691 = DIRECTION('', (0, -0, 1));
#692 = CARTESIAN_POINT('', (-0.24650000000000005, 0.24650000000000005, 0.085));
#693 = AXIS2_PLACEMENT_3D('', #692, #691, #690);
#694 = CIRCLE('', #693, 0.005999999999999943);
#695 = DIRECTION('', (0, -1, 0));
#696 = VECTOR('', #695, 1);
#697 = CARTESIAN_POINT('', (-0.2525, 0.2465, 0.076999));
#698 = LINE('', #697, #696);
#699 = DIRECTION('', (0, -0, 1));
#700 = VECTOR('', #699, 1);
#701 = CARTESIAN_POINT('', (-0.2525, -0.2465, 0.076999));
#702 = LINE('', #701, #700);
#703 = DIRECTION('', (0, -1, 0));
#704 = VECTOR('', #703, 1);
#705 = CARTESIAN_POINT('', (-0.2525, 0.2465, 0.085));
#706 = LINE('', #705, #704);
#707 = DIRECTION('', (-1, 0.000000000000009473903143468092, 0.00000000000000710542735760107));
#708 = DIRECTION('', (0.000000000000007105427357601123, 0.000000000000005718006364392348, 1));
#709 = CARTESIAN_POINT('', (-0.24650000000000005, -0.24650000000000005, 0.07699899999999996));
#710 = AXIS2_PLACEMENT_3D('', #709, #708, #707);
#711 = CIRCLE('', #710, 0.005999999999999943);
#712 = DIRECTION('', (-1, 0.000000000000009473903143468092, 0));
#713 = DIRECTION('', (0, -0, 1));
#714 = CARTESIAN_POINT('', (-0.24650000000000005, -0.24650000000000005, 0.085));
#715 = AXIS2_PLACEMENT_3D('', #714, #713, #712);
#716 = CIRCLE('', #715, 0.005999999999999943);
#717 = DIRECTION('', (1, 0, 0));
#718 = DIRECTION('', (0, -0, 1));
#719 = CARTESIAN_POINT('', (-0.06000000000000001, -0.06, 0.085));
#720 = AXIS2_PLACEMENT_3D('', #719, #718, #717);
#721 = CIRCLE('', #720, 0.040000000000000015);
#722 = DIRECTION('', (0, -0, 1));
#723 = VECTOR('', #722, 1);
#724 = CARTESIAN_POINT('', (-0.02, -0.06, 0.085));
#725 = LINE('', #724, #723);
#726 = DIRECTION('', (1, 0, 0));
#727 = DIRECTION('', (0, -0, 1));
#728 = CARTESIAN_POINT('', (-0.06000000000000001, -0.06, 0.091));
#729 = AXIS2_PLACEMENT_3D('', #728, #727, #726);
#730 = CIRCLE('', #729, 0.040000000000000015);
#731 = DIRECTION('', (-1, 0.00000000000000017763568394002506, 0));
#732 = DIRECTION('', (0, -0, 1));
#733 = CARTESIAN_POINT('', (-0.06, -0.06, 0.085));
#734 = AXIS2_PLACEMENT_3D('', #733, #732, #731);
#735 = CIRCLE('', #734, 0.04);
#736 = DIRECTION('', (-1, 0.00000000000000017763568394002506, 0));
#737 = DIRECTION('', (0, -0, 1));
#738 = CARTESIAN_POINT('', (-0.06, -0.06, 0.091));
#739 = AXIS2_PLACEMENT_3D('', #738, #737, #736);
#740 = CIRCLE('', #739, 0.04);
#741 = DIRECTION('', (0, -0, 1));
#742 = VECTOR('', #741, 1);
#743 = CARTESIAN_POINT('', (-0.1, -0.05999999999999999, 0.085));
#744 = LINE('', #743, #742);
#745 = DIRECTION('', (0.0000000000000028421709430403926, -1, 0));
#746 = DIRECTION('', (-0, -0, 1));
#747 = CARTESIAN_POINT('', (-0.060000000000000005, -0.029999999999999992, 0.091));
#748 = AXIS2_PLACEMENT_3D('', #747, #746, #745);
#749 = CIRCLE('', #748, 0.002500000000000007);
#750 = DIRECTION('', (0, -0, -1));
#751 = VECTOR('', #750, 1);
#752 = CARTESIAN_POINT('', (-0.06, -0.0325, 0.091));
#753 = LINE('', #752, #751);
#754 = DIRECTION('', (-0.000000000000005684341886080802, -1, 0));
#755 = DIRECTION('', (0, 0, 1));
#756 = CARTESIAN_POINT('', (-0.059999999999999984, -0.03, 0.08));
#757 = AXIS2_PLACEMENT_3D('', #756, #755, #754);
#758 = CIRCLE('', #757, 0.0025);
#759 = DIRECTION('', (0, 0.9999999961922824, -0.0000872664624903577));
#760 = VECTOR('', #759, 1);
#761 = CARTESIAN_POINT('', (-0.06, -0.0325, 0.08));
#762 = LINE('', #761, #760);
#763 = DIRECTION('', (-0.000000000000005684341886080802, 1, 0));
#764 = DIRECTION('', (0, -0, 1));
#765 = CARTESIAN_POINT('', (-0.059999999999999984, -0.03, 0.08));
#766 = AXIS2_PLACEMENT_3D('', #765, #764, #763);
#767 = CIRCLE('', #766, 0.0025);
#768 = DIRECTION('', (0, -0, -1));
#769 = VECTOR('', #768, 1);
#770 = CARTESIAN_POINT('', (-0.06, -0.0275, 0.091));
#771 = LINE('', #770, #769);
#772 = DIRECTION('', (0, 1, 0));
#773 = DIRECTION('', (0, -0, 1));
#774 = CARTESIAN_POINT('', (-0.06, -0.03, 0.091));
#775 = AXIS2_PLACEMENT_3D('', #774, #773, #772);
#776 = CIRCLE('', #775, 0.0025);
#777 = DIRECTION('', (-1, 0, 0));
#778 = DIRECTION('', (0, 0, 1));
#779 = CARTESIAN_POINT('', (-0.06, -0.03, 0.091));
#780 = AXIS2_PLACEMENT_3D('', #779, #778, #777);
#781 = CIRCLE('', #780, 0.0025);
#782 = DIRECTION('', (1, 0.0000000000000014210854715202005, 0));
#783 = DIRECTION('', (0, -0, 1));
#784 = CARTESIAN_POINT('', (-0.06, -0.030000000000000002, 0.091));
#785 = AXIS2_PLACEMENT_3D('', #784, #783, #782);
#786 = CIRCLE('', #785, 0.0025);
#787 = DIRECTION('', (-0.0000000000000170530256582426, -1, 0));
#788 = DIRECTION('', (0, 0, 1));
#789 = CARTESIAN_POINT('', (-0.059999999999999956, -0.09000000000000002, 0.091));
#790 = AXIS2_PLACEMENT_3D('', #789, #788, #787);
#791 = CIRCLE('', #790, 0.0024999999999999714);
#792 = DIRECTION('', (0, -0, -1));
#793 = VECTOR('', #792, 1);
#794 = CARTESIAN_POINT('', (-0.06, -0.0925, 0.091));
#795 = LINE('', #794, #793);
#796 = DIRECTION('', (0, -1, 0));
#797 = DIRECTION('', (-0, -0, 1));
#798 = CARTESIAN_POINT('', (-0.06, -0.09, 0.08));
#799 = AXIS2_PLACEMENT_3D('', #798, #797, #796);
#800 = CIRCLE('', #799, 0.0025);
#801 = DIRECTION('', (0, 0.9999999961922824, -0.0000872664624903577));
#802 = VECTOR('', #801, 1);
#803 = CARTESIAN_POINT('', (-0.06, -0.0925, 0.08));
#804 = LINE('', #803, #802);
#805 = DIRECTION('', (0, 1, 0));
#806 = DIRECTION('', (0, -0, 1));
#807 = CARTESIAN_POINT('', (-0.06, -0.09, 0.08));
#808 = AXIS2_PLACEMENT_3D('', #807, #806, #805);
#809 = CIRCLE('', #808, 0.0025);
#810 = DIRECTION('', (0, -0, -1));
#811 = VECTOR('', #810, 1);
#812 = CARTESIAN_POINT('', (-0.06, -0.0875, 0.091));
#813 = LINE('', #812, #811);
#814 = DIRECTION('', (0.000000000000005684341886080834, 1, 0));
#815 = DIRECTION('', (0, -0, 1));
#816 = CARTESIAN_POINT('', (-0.06000000000000001, -0.08999999999999998, 0.091));
#817 = AXIS2_PLACEMENT_3D('', #816, #815, #814);
#818 = CIRCLE('', #817, 0.0024999999999999857);
#819 = DIRECTION('', (-1, 0.0000000000000113686837721617, 0));
#820 = DIRECTION('', (0, -0, 1));
#821 = CARTESIAN_POINT('', (-0.06000000000000002, -0.09000000000000002, 0.091));
#822 = AXIS2_PLACEMENT_3D('', #821, #820, #819);
#823 = CIRCLE('', #822, 0.002499999999999979);
#824 = DIRECTION('', (1, 0, 0));
#825 = DIRECTION('', (0, -0, 1));
#826 = CARTESIAN_POINT('', (-0.06, -0.09, 0.091));
#827 = AXIS2_PLACEMENT_3D('', #826, #825, #824);
#828 = CIRCLE('', #827, 0.0025);
#829 = DIRECTION('', (0.0000000000000028421709430403926, -1, 0));
#830 = DIRECTION('', (-0, -0, 1));
#831 = CARTESIAN_POINT('', (-0.030000000000000006, -0.05999999999999999, 0.091));
#832 = AXIS2_PLACEMENT_3D('', #831, #830, #829);
#833 = CIRCLE('', #832, 0.002500000000000007);
#834 = DIRECTION('', (0, -0, -1));
#835 = VECTOR('', #834, 1);
#836 = CARTESIAN_POINT('', (-0.03, -0.0625, 0.091));
#837 = LINE('', #836, #835);
#838 = DIRECTION('', (-0.0000000000000028421709430403926, -1, 0));
#839 = DIRECTION('', (0, 0, 1));
#840 = CARTESIAN_POINT('', (-0.029999999999999992, -0.05999999999999999, 0.08));
#841 = AXIS2_PLACEMENT_3D('', #840, #839, #838);
#842 = CIRCLE('', #841, 0.002500000000000007);
#843 = DIRECTION('', (0, 0.9999999961922824, -0.0000872664624903577));
#844 = VECTOR('', #843, 1);
#845 = CARTESIAN_POINT('', (-0.03, -0.0625, 0.08));
#846 = LINE('', #845, #844);
#847 = DIRECTION('', (-0.0000000000000028421709430404088, 1, 0));
#848 = DIRECTION('', (0, -0, 1));
#849 = CARTESIAN_POINT('', (-0.029999999999999992, -0.05999999999999999, 0.08));
#850 = AXIS2_PLACEMENT_3D('', #849, #848, #847);
#851 = CIRCLE('', #850, 0.0024999999999999927);
#852 = DIRECTION('', (0, -0, -1));
#853 = VECTOR('', #852, 1);
#854 = CARTESIAN_POINT('', (-0.03, -0.0575, 0.091));
#855 = LINE('', #854, #853);
#856 = DIRECTION('', (0, 1, 0));
#857 = DIRECTION('', (0, -0, 1));
#858 = CARTESIAN_POINT('', (-0.03, -0.05999999999999999, 0.091));
#859 = AXIS2_PLACEMENT_3D('', #858, #857, #856);
#860 = CIRCLE('', #859, 0.0024999999999999927);
#861 = DIRECTION('', (-1, 0, 0));
#862 = DIRECTION('', (0, 0, 1));
#863 = CARTESIAN_POINT('', (-0.029999999999999995, -0.06, 0.091));
#864 = AXIS2_PLACEMENT_3D('', #863, #862, #861);
#865 = CIRCLE('', #864, 0.0025000000000000035);
#866 = DIRECTION('', (1, 0.000000000000002842170943040401, 0));
#867 = DIRECTION('', (0, -0, 1));
#868 = CARTESIAN_POINT('', (-0.03, -0.060000000000000005, 0.091));
#869 = AXIS2_PLACEMENT_3D('', #868, #867, #866);
#870 = CIRCLE('', #869, 0.0025);
#871 = DIRECTION('', (0, -1, 0));
#872 = DIRECTION('', (-0, -0, 1));
#873 = CARTESIAN_POINT('', (-0.09, -0.06000000000000001, 0.091));
#874 = AXIS2_PLACEMENT_3D('', #873, #872, #871);
#875 = CIRCLE('', #874, 0.0024999999999999857);
#876 = DIRECTION('', (0, -0, -1));
#877 = VECTOR('', #876, 1);
#878 = CARTESIAN_POINT('', (-0.09, -0.0625, 0.091));
#879 = LINE('', #878, #877);
#880 = DIRECTION('', (0, -1, 0));
#881 = DIRECTION('', (-0, -0, 1));
#882 = CARTESIAN_POINT('', (-0.09, -0.06, 0.08));
#883 = AXIS2_PLACEMENT_3D('', #882, #881, #880);
#884 = CIRCLE('', #883, 0.0025);
#885 = DIRECTION('', (0, 0.9999999961922824, -0.0000872664624903577));
#886 = VECTOR('', #885, 1);
#887 = CARTESIAN_POINT('', (-0.09, -0.0625, 0.08));
#888 = LINE('', #887, #886);
#889 = DIRECTION('', (0, 1, 0));
#890 = DIRECTION('', (0, -0, 1));
#891 = CARTESIAN_POINT('', (-0.09, -0.06, 0.08));
#892 = AXIS2_PLACEMENT_3D('', #891, #890, #889);
#893 = CIRCLE('', #892, 0.0025);
#894 = DIRECTION('', (0, -0, -1));
#895 = VECTOR('', #894, 1);
#896 = CARTESIAN_POINT('', (-0.09, -0.0575, 0.091));
#897 = LINE('', #896, #895);
#898 = DIRECTION('', (0.000000000000011368683772161796, 1, 0));
#899 = DIRECTION('', (0, -0, 1));
#900 = CARTESIAN_POINT('', (-0.09000000000000002, -0.059999999999999956, 0.091));
#901 = AXIS2_PLACEMENT_3D('', #900, #899, #898);
#902 = CIRCLE('', #901, 0.0024999999999999576);
#903 = DIRECTION('', (-1, 0.0000000000000085265128291213, 0));
#904 = DIRECTION('', (0, -0, 1));
#905 = CARTESIAN_POINT('', (-0.09000000000000002, -0.06000000000000002, 0.091));
#906 = AXIS2_PLACEMENT_3D('', #905, #904, #903);
#907 = CIRCLE('', #906, 0.0024999999999999714);
#908 = DIRECTION('', (1, 0, 0));
#909 = DIRECTION('', (0, -0, 1));
#910 = CARTESIAN_POINT('', (-0.08999999999999998, -0.06, 0.091));
#911 = AXIS2_PLACEMENT_3D('', #910, #909, #908);
#912 = CIRCLE('', #911, 0.0024999999999999857);
#913 = DIRECTION('', (0.000000000000022737367544324693, -0.00000000000010231815394946112, 1));
#914 = DIRECTION('', (0.00000000000003474695035912203, -1, -0.00000000000010231815394946191));
#915 = CARTESIAN_POINT('', (-0.2900000000000001, 0.20500000000000052, 0.06500000000000032));
#916 = AXIS2_PLACEMENT_3D('', #915, #914, #913);
#917 = CIRCLE('', #916, 0.004999999999999673);
#918 = DIRECTION('', (-1, -0, 0));
#919 = VECTOR('', #918, 1);
#920 = CARTESIAN_POINT('', (-0.21, 0.21, 0.015));
#921 = LINE('', #920, #919);
#922 = CARTESIAN_POINT('', (-0.21, 0.21, 0.015));
#923 = CARTESIAN_POINT('', (-0.20988492370322975, 0.21, 0.015002649915225812));
#924 = CARTESIAN_POINT('', (-0.20976984740645954, 0.21, 0.01500529983045162));
#925 = CARTESIAN_POINT('', (-0.20965293307855076, 0.21, 0.015013437117962174));
#926 = CARTESIAN_POINT('', (-0.209536018750642, 0.21, 0.015021574405472731));
#927 = CARTESIAN_POINT('', (-0.20941761787308655, 0.21, 0.01503546383089949));
#928 = CARTESIAN_POINT('', (-0.2092992169955311, 0.21, 0.01504935325632625));
#929 = CARTESIAN_POINT('', (-0.20917971745929462, 0.21, 0.015069233203450454));
#930 = CARTESIAN_POINT('', (-0.2090602179230581, 0.21, 0.015089113150574656));
#931 = CARTESIAN_POINT('', (-0.208940042026244, 0.21, 0.015115190194544539));
#932 = CARTESIAN_POINT('', (-0.20881986612942993, 0.21, 0.015141267238514411));
#933 = CARTESIAN_POINT('', (-0.20869946768092287, 0.21, 0.015173710813150769));
#934 = CARTESIAN_POINT('', (-0.20857906923241581, 0.21, 0.015206154387787134));
#935 = CARTESIAN_POINT('', (-0.20845892974211633, 0.21, 0.015245091709812855));
#936 = CARTESIAN_POINT('', (-0.2083387902518169, 0.21, 0.01528402903183857));
#937 = CARTESIAN_POINT('', (-0.20821941422075035, 0.21, 0.015329540455559905));
#938 = CARTESIAN_POINT('', (-0.20810003818968378, 0.21, 0.01537505187928124));
#939 = CARTESIAN_POINT('', (-0.2079819475497543, 0.21, 0.015427166858747893));
#940 = CARTESIAN_POINT('', (-0.20786385690982487, 0.21, 0.01547928183821452));
#941 = CARTESIAN_POINT('', (-0.20774758470156404, 0.21, 0.015537975668914886));
#942 = CARTESIAN_POINT('', (-0.2076313124933032, 0.21, 0.01559666949961527));
#943 = CARTESIAN_POINT('', (-0.20751739590846016, 0.21, 0.015661860997504756));
#944 = CARTESIAN_POINT('', (-0.2074034793236172, 0.21, 0.01572705249539423));
#945 = CARTESIAN_POINT('', (-0.20729245227539478, 0.21, 0.01579860274729936));
#946 = CARTESIAN_POINT('', (-0.20718142522717237, 0.21, 0.015870152999204506));
#947 = CARTESIAN_POINT('', (-0.2070738106417567, 0.21, 0.015947865285901062));
#948 = CARTESIAN_POINT('', (-0.206966196056341, 0.21, 0.016025577572597625));
#949 = CARTESIAN_POINT('', (-0.20686249810265267, 0.21, 0.016109198525394018));
#950 = CARTESIAN_POINT('', (-0.2067588001489644, 0.21, 0.01619281947819038));
#951 = CARTESIAN_POINT('', (-0.20665949663717956, 0.21, 0.016282041483653458));
#952 = CARTESIAN_POINT('', (-0.20656019312539478, 0.21, 0.016371263489116522));
#953 = CARTESIAN_POINT('', (-0.20646572830725562, 0.21, 0.016465728307255678));
#954 = CARTESIAN_POINT('', (-0.2063712634891165, 0.21, 0.016560193125394793));
#955 = CARTESIAN_POINT('', (-0.20628204148365342, 0.21, 0.016659496637179604));
#956 = CARTESIAN_POINT('', (-0.20619281947819038, 0.21, 0.016758800148964366));
#957 = CARTESIAN_POINT('', (-0.206109198525394, 0.21, 0.016862498102652678));
#958 = CARTESIAN_POINT('', (-0.20602557757259765, 0.21, 0.01696619605634098));
#959 = CARTESIAN_POINT('', (-0.2059478652859011, 0.21, 0.017073810641756643));
#960 = CARTESIAN_POINT('', (-0.20587015299920453, 0.21, 0.017181425227172347));
#961 = CARTESIAN_POINT('', (-0.20579860274729936, 0.21, 0.017292452275394787));
#962 = CARTESIAN_POINT('', (-0.20572705249539422, 0.21, 0.01740347932361721));
#963 = CARTESIAN_POINT('', (-0.20566186099750475, 0.21, 0.0175173959084602));
#964 = CARTESIAN_POINT('', (-0.2055966694996153, 0.21, 0.0176313124933032));
#965 = CARTESIAN_POINT('', (-0.2055379756689149, 0.21, 0.017747584701564047));
#966 = CARTESIAN_POINT('', (-0.20547928183821454, 0.21, 0.01786385690982488));
#967 = CARTESIAN_POINT('', (-0.20542716685874787, 0.21, 0.017981947549754327));
#968 = CARTESIAN_POINT('', (-0.2053750518792812, 0.21, 0.0181000381896838));
#969 = CARTESIAN_POINT('', (-0.2053295404555599, 0.21, 0.018219414220750362));
#970 = CARTESIAN_POINT('', (-0.2052840290318386, 0.21, 0.0183387902518169));
#971 = CARTESIAN_POINT('', (-0.2052450917098129, 0.21, 0.018458929742116336));
#972 = CARTESIAN_POINT('', (-0.20520615438778717, 0.21, 0.018579069232415795));
#973 = CARTESIAN_POINT('', (-0.20517371081315078, 0.21, 0.018699467680922864));
#974 = CARTESIAN_POINT('', (-0.20514126723851442, 0.21, 0.018819866129429957));
#975 = CARTESIAN_POINT('', (-0.20511519019454452, 0.21, 0.018940042026244035));
#976 = CARTESIAN_POINT('', (-0.20508911315057463, 0.21, 0.019060217923058096));
#977 = CARTESIAN_POINT('', (-0.20506923320345044, 0.21, 0.019179717459294608));
#978 = CARTESIAN_POINT('', (-0.20504935325632626, 0.21, 0.019299216995531096));
#979 = CARTESIAN_POINT('', (-0.2050354638308995, 0.21, 0.01941761787308655));
#980 = CARTESIAN_POINT('', (-0.20502157440547272, 0.21, 0.019536018750642002));
#981 = CARTESIAN_POINT('', (-0.2050134371179622, 0.21, 0.019652933078550785));
#982 = CARTESIAN_POINT('', (-0.20500529983045163, 0.21, 0.019769847406459547));
#983 = CARTESIAN_POINT('', (-0.20500264991522582, 0.21, 0.01988492370322976));
#984 = CARTESIAN_POINT('', (-0.205, 0.21, 0.02));
#985 = B_SPLINE_CURVE_WITH_KNOTS('', 2, (#922, #923, #924, #925, #926, #927, #928, #929, #930, #931, #932, #933, #934, #935, #936, #937, #938, #939, #940, #941, #942, #943, #944, #945, #946, #947, #948, #949, #950, #951, #952, #953, #954, #955, #956, #957, #958, #959, #960, #961, #962, #963, #964, #965, #966, #967, #968, #969, #970, #971, #972, #973, #974, #975, #976, #977, #978, #979, #980, #981, #982, #983, #984), .UNSPECIFIED., .F., .F., (3, 1, 1, 1, 1, 1, 1, 1, 1, 1, 1, 1, 1, 1, 1, 1, 1, 1, 1, 1, 1, 1, 1, 1, 1, 1, 1, 1, 1, 1, 1, 1, 1, 1, 1, 1, 1, 1, 1, 1, 1, 1, 1, 1, 1, 1, 1, 1, 1, 1, 1, 1, 1, 1, 1, 1, 1, 1, 1, 1, 1, 3), (0, 0.01639344262295082, 0.03278688524590164, 0.04918032786885246, 0.06557377049180328, 0.0819672131147541, 0.09836065573770492, 0.11475409836065574, 0.13114754098360656, 0.14754098360655737, 0.1639344262295082, 0.18032786885245902, 0.19672131147540983, 0.21311475409836067, 0.22950819672131148, 0.24590163934426232, 0.26229508196721313, 0.27868852459016397, 0.29508196721311475, 0.3114754098360656, 0.3278688524590164, 0.3442622950819672, 0.36065573770491804, 0.3770491803278689, 0.39344262295081966, 0.4098360655737705, 0.42622950819672134, 0.4426229508196722, 0.45901639344262296, 0.4754098360655738, 0.49180327868852464, 0.5081967213114753, 0.5245901639344261, 0.540983606557377, 0.5573770491803278, 0.5737704918032787, 0.5901639344262295, 0.6065573770491803, 0.6229508196721312, 0.639344262295082, 0.6557377049180328, 0.6721311475409836, 0.6885245901639344, 0.7049180327868853, 0.721311475409836, 0.7377049180327868, 0.7540983606557377, 0.7704918032786885, 0.7868852459016393, 0.8032786885245902, 0.819672131147541, 0.8360655737704918, 0.8524590163934427, 0.8688524590163934, 0.8852459016393442, 0.9016393442622951, 0.9180327868852459, 0.9344262295081968, 0.9508196721311475, 0.9672131147540983, 0.9836065573770492, 1), .UNSPECIFIED.);
#986 = DIRECTION('', (0, -0.0000000000000006167905692362027, -1));
#987 = VECTOR('', #986, 1);
#988 = CARTESIAN_POINT('', (-0.205, 0.21000000000000002, 0.0649999999999991));
#989 = LINE('', #988, #987);
#990 = CARTESIAN_POINT('', (-0.205, 0.21, 0.065));
#991 = CARTESIAN_POINT('', (-0.20500264991522582, 0.21, 0.06511507629677023));
#992 = CARTESIAN_POINT('', (-0.2050052998304516, 0.21, 0.06523015259354047));
#993 = CARTESIAN_POINT('', (-0.20501343711796216, 0.21, 0.06534706692144922));
#994 = CARTESIAN_POINT('', (-0.20502157440547272, 0.21, 0.065463981249358));
#995 = CARTESIAN_POINT('', (-0.2050354638308995, 0.21, 0.06558238212691346));
#996 = CARTESIAN_POINT('', (-0.20504935325632626, 0.21, 0.06570078300446892));
#997 = CARTESIAN_POINT('', (-0.20506923320345047, 0.21, 0.0658202825407054));
#998 = CARTESIAN_POINT('', (-0.20508911315057465, 0.21, 0.0659397820769419));
#999 = CARTESIAN_POINT('', (-0.20511519019454452, 0.21, 0.06605995797375598));
#1000 = CARTESIAN_POINT('', (-0.20514126723851436, 0.21, 0.06618013387057003));
#1001 = CARTESIAN_POINT('', (-0.20517371081315075, 0.21, 0.06630053231907711));
#1002 = CARTESIAN_POINT('', (-0.20520615438778717, 0.21, 0.06642093076758422));
#1003 = CARTESIAN_POINT('', (-0.2052450917098129, 0.21, 0.06654107025788367));
#1004 = CARTESIAN_POINT('', (-0.2052840290318386, 0.21, 0.0666612097481831));
#1005 = CARTESIAN_POINT('', (-0.2053295404555599, 0.21, 0.06678058577924965));
#1006 = CARTESIAN_POINT('', (-0.20537505187928123, 0.21, 0.0668999618103162));
#1007 = CARTESIAN_POINT('', (-0.2054271668587479, 0.21, 0.0670180524502457));
#1008 = CARTESIAN_POINT('', (-0.20547928183821454, 0.21, 0.06713614309017513));
#1009 = CARTESIAN_POINT('', (-0.20553797566891494, 0.21, 0.06725241529843594));
#1010 = CARTESIAN_POINT('', (-0.20559666949961528, 0.21, 0.0673686875066968));
#1011 = CARTESIAN_POINT('', (-0.20566186099750472, 0.21, 0.0674826040915398));
#1012 = CARTESIAN_POINT('', (-0.20572705249539422, 0.21, 0.06759652067638278));
#1013 = CARTESIAN_POINT('', (-0.20579860274729936, 0.21, 0.06770754772460522));
#1014 = CARTESIAN_POINT('', (-0.20587015299920453, 0.21, 0.06781857477282766));
#1015 = CARTESIAN_POINT('', (-0.2059478652859011, 0.21, 0.06792618935824334));
#1016 = CARTESIAN_POINT('', (-0.20602557757259762, 0.21, 0.06803380394365902));
#1017 = CARTESIAN_POINT('', (-0.206109198525394, 0.21, 0.06813750189734734));
#1018 = CARTESIAN_POINT('', (-0.20619281947819038, 0.21, 0.06824119985103563));
#1019 = CARTESIAN_POINT('', (-0.20628204148365345, 0.21, 0.06834050336282042));
#1020 = CARTESIAN_POINT('', (-0.2063712634891165, 0.21, 0.0684398068746052));
#1021 = CARTESIAN_POINT('', (-0.20646572830725568, 0.21, 0.06853427169274436));
#1022 = CARTESIAN_POINT('', (-0.20656019312539478, 0.21, 0.06862873651088348));
#1023 = CARTESIAN_POINT('', (-0.20665949663717958, 0.21, 0.06871795851634657));
#1024 = CARTESIAN_POINT('', (-0.20675880014896433, 0.21, 0.06880718052180963));
#1025 = CARTESIAN_POINT('', (-0.20686249810265267, 0.21, 0.068890801474606));
#1026 = CARTESIAN_POINT('', (-0.20696619605634103, 0.21, 0.06897442242740237));
#1027 = CARTESIAN_POINT('', (-0.20707381064175667, 0.21, 0.06905213471409892));
#1028 = CARTESIAN_POINT('', (-0.20718142522717237, 0.21, 0.06912984700079551));
#1029 = CARTESIAN_POINT('', (-0.2072924522753948, 0.21, 0.06920139725270065));
#1030 = CARTESIAN_POINT('', (-0.20740347932361722, 0.21, 0.06927294750460576));
#1031 = CARTESIAN_POINT('', (-0.2075173959084602, 0.21, 0.06933813900249525));
#1032 = CARTESIAN_POINT('', (-0.2076313124933032, 0.21, 0.06940333050038475));
#1033 = CARTESIAN_POINT('', (-0.20774758470156404, 0.21, 0.06946202433108511));
#1034 = CARTESIAN_POINT('', (-0.2078638569098249, 0.21, 0.0695207181617855));
#1035 = CARTESIAN_POINT('', (-0.20798194754975433, 0.21, 0.06957283314125212));
#1036 = CARTESIAN_POINT('', (-0.20810003818968378, 0.21, 0.06962494812071875));
#1037 = CARTESIAN_POINT('', (-0.20816480060063014, 0.21, 0.06964963841658016));
#1038 = CARTESIAN_POINT('', (-0.20821941422075035, 0.21, 0.0696704595444401));
#1039 = CARTESIAN_POINT('', (-0.20833879025181692, 0.21, 0.06971597096816143));
#1040 = CARTESIAN_POINT('', (-0.20845892974211636, 0.21, 0.06975490829018714));
#1041 = CARTESIAN_POINT('', (-0.20857906923241581, 0.21, 0.06979384561221287));
#1042 = CARTESIAN_POINT('', (-0.20869946768092287, 0.21, 0.06982628918684924));
#1043 = CARTESIAN_POINT('', (-0.20881986612942996, 0.21, 0.0698587327614856));
#1044 = CARTESIAN_POINT('', (-0.20894004202624403, 0.21, 0.06988480980545547));
#1045 = CARTESIAN_POINT('', (-0.20906021792305807, 0.21, 0.06991088684942534));
#1046 = CARTESIAN_POINT('', (-0.20917971745929462, 0.21, 0.06993076679654955));
#1047 = CARTESIAN_POINT('', (-0.2092992169955311, 0.21, 0.06995064674367375));
#1048 = CARTESIAN_POINT('', (-0.20941761787308655, 0.21, 0.0699645361691005));
#1049 = CARTESIAN_POINT('', (-0.209536018750642, 0.21, 0.06997842559452729));
#1050 = CARTESIAN_POINT('', (-0.20965293307855076, 0.21, 0.06998656288203783));
#1051 = CARTESIAN_POINT('', (-0.20976984740645954, 0.21, 0.06999470016954838));
#1052 = CARTESIAN_POINT('', (-0.20988492370322975, 0.21, 0.06999735008477419));
#1053 = CARTESIAN_POINT('', (-0.21, 0.21, 0.07));
#1054 = B_SPLINE_CURVE_WITH_KNOTS('', 2, (#990, #991, #992, #993, #994, #995, #996, #997, #998, #999, #1000, #1001, #1002, #1003, #1004, #1005, #1006, #1007, #1008, #1009, #1010, #1011, #1012, #1013, #1014, #1015, #1016, #1017, #1018, #1019, #1020, #1021, #1022, #1023, #1024, #1025, #1026, #1027, #1028, #1029, #1030, #1031, #1032, #1033, #1034, #1035, #1036, #1037, #1038, #1039, #1040, #1041, #1042, #1043, #1044, #1045, #1046, #1047, #1048, #1049, #1050, #1051, #1052, #1053), .UNSPECIFIED., .F., .F., (3, 1, 1, 1, 1, 1, 1, 1, 1, 1, 1, 1, 1, 1, 1, 1, 1, 1, 1, 1, 1, 1, 1, 1, 1, 1, 1, 1, 1, 1, 1, 1, 1, 1, 1, 1, 1, 1, 1, 1, 1, 1, 1, 1, 1, 1, 1, 1, 1, 1, 1, 1, 1, 1, 1, 1, 1, 1, 1, 1, 1, 1, 3), (0, 0.016129032258064516, 0.03225806451612903, 0.04838709677419355, 0.06451612903225806, 0.08064516129032258, 0.0967741935483871, 0.11290322580645161, 0.12903225806451613, 0.14516129032258063, 0.16129032258064516, 0.1774193548387097, 0.1935483870967742, 0.2096774193548387, 0.22580645161290322, 0.24193548387096775, 0.25806451612903225, 0.27419354838709675, 0.29032258064516125, 0.3064516129032258, 0.3225806451612903, 0.3387096774193548, 0.3548387096774194, 0.3709677419354839, 0.3870967741935484, 0.4032258064516129, 0.4193548387096774, 0.43548387096774194, 0.45161290322580644, 0.46774193548387094, 0.4838709677419355, 0.5, 0.5161290322580645, 0.532258064516129, 0.5483870967741935, 0.564516129032258, 0.5806451612903226, 0.5967741935483871, 0.6129032258064516, 0.6290322580645161, 0.6451612903225806, 0.6612903225806452, 0.6774193548387097, 0.6935483870967742, 0.7096774193548387, 0.7258064516129032, 0.7419354838709677, 0.7580645161290323, 0.7741935483870968, 0.7903225806451613, 0.8064516129032258, 0.8225806451612903, 0.8387096774193549, 0.8548387096774194, 0.8709677419354839, 0.8870967741935484, 0.9032258064516129, 0.9193548387096774, 0.935483870967742, 0.9516129032258065, 0.967741935483871, 0.9838709677419355, 1), .UNSPECIFIED.);
#1055 = DIRECTION('', (1, -0, 0.00000000000000021350442781248278));
#1056 = VECTOR('', #1055, 1);
#1057 = CARTESIAN_POINT('', (-0.275, 0.21, 0.07));
#1058 = LINE('', #1057, #1056);
#1059 = CARTESIAN_POINT('', (-0.275, 0.21, 0.015));
#1060 = CARTESIAN_POINT('', (-0.27504717825926295, 0.20999945938047027, 0.015));
#1061 = CARTESIAN_POINT('', (-0.27580203040747003, 0.20999080946799456, 0.015));
#1062 = CARTESIAN_POINT('', (-0.27584962086319426, 0.20998916780439714, 0.015));
#1063 = CARTESIAN_POINT('', (-0.2766110681547818, 0.2099629011868388, 0.015));
#1064 = CARTESIAN_POINT('', (-0.2766590375133077, 0.20996012950010007, 0.015));
#1065 = CARTESIAN_POINT('', (-0.2767377349304868, 0.20995558233511244, 0.015));
#1066 = CARTESIAN_POINT('', (-0.27742654724972216, 0.20991578251228035, 0.015));
#1067 = CARTESIAN_POINT('', (-0.27747486027888574, 0.20991185290342215, 0.015));
#1068 = CARTESIAN_POINT('', (-0.27824786874550317, 0.20984897916169115, 0.015));
#1069 = CARTESIAN_POINT('', (-0.27829648829887793, 0.20984386494976148, 0.015));
#1070 = CARTESIAN_POINT('', (-0.27907440115287385, 0.20976203755888687, 0.015));
#1071 = CARTESIAN_POINT('', (-0.2791232882045447, 0.2097557134204651, 0.015));
#1072 = CARTESIAN_POINT('', (-0.2793333333333334, 0.2097285415124879, 0.015));
#1073 = CARTESIAN_POINT('', (-0.279905481031278, 0.20965452720571692, 0.015));
#1074 = CARTESIAN_POINT('', (-0.279954594721567, 0.20964696931514334, 0.015));
#1075 = CARTESIAN_POINT('', (-0.2807404137661914, 0.2095260430659657, 0.015000000000000001));
#1076 = CARTESIAN_POINT('', (-0.280789711458686, 0.2095172292353781, 0.015000000000000001));
#1077 = CARTESIAN_POINT('', (-0.2815784745385992, 0.2093762079459762, 0.015000000000000001));
#1078 = CARTESIAN_POINT('', (-0.2816279118887473, 0.20936611776417674, 0.015000000000000001));
#1079 = CARTESIAN_POINT('', (-0.2824189094911166, 0.20920467485538521, 0.015000000000000001));
#1080 = CARTESIAN_POINT('', (-0.28246844052658004, 0.2091932898245036, 0.015000000000000001));
#1081 = CARTESIAN_POINT('', (-0.2832609370939947, 0.20901112933039803, 0.015000000000000003));
#1082 = CARTESIAN_POINT('', (-0.2833105143068283, 0.20899843299927662, 0.015000000000000001));
#1083 = CARTESIAN_POINT('', (-0.2838052056504782, 0.2088717464684512, 0.015000000000000003));
#1084 = CARTESIAN_POINT('', (-0.28410374971216573, 0.20879529170133385, 0.015000000000000003));
#1085 = CARTESIAN_POINT('', (-0.2841533241628085, 0.20878126979451947, 0.015000000000000003));
#1086 = CARTESIAN_POINT('', (-0.28466666666666673, 0.20863607321322317, 0.015000000000000003));
#1087 = CARTESIAN_POINT('', (-0.28494651537309246, 0.20855691928548917, 0.015000000000000003));
#1088 = CARTESIAN_POINT('', (-0.2849960368060293, 0.2085415598266955, 0.015000000000000003));
#1089 = CARTESIAN_POINT('', (-0.28566739342511566, 0.20833333333333334, 0.015000000000000003));
#1090 = CARTESIAN_POINT('', (-0.28578837973301924, 0.20829580848599683, 0.015000000000000003));
#1091 = CARTESIAN_POINT('', (-0.2858377967038583, 0.20827910191488697, 0.015000000000000003));
#1092 = CARTESIAN_POINT('', (-0.2866284682372831, 0.20801179677712947, 0.015000000000000003));
#1093 = CARTESIAN_POINT('', (-0.2866777282508688, 0.2079937360582701, 0.015000000000000003));
#1094 = CARTESIAN_POINT('', (-0.28746588846823895, 0.20770476455652034, 0.015000000000000001));
#1095 = CARTESIAN_POINT('', (-0.2875149381272963, 0.20768534527937393, 0.015000000000000001));
#1096 = CARTESIAN_POINT('', (-0.2882997326722127, 0.2073746368450316, 0.015000000000000001));
#1097 = CARTESIAN_POINT('', (-0.2883485178358909, 0.20735385731388367, 0.015000000000000001));
#1098 = CARTESIAN_POINT('', (-0.2891290804547422, 0.20702138481551696, 0.015000000000000001));
#1099 = CARTESIAN_POINT('', (-0.28917754640629995, 0.20699924612828063, 0.015000000000000001));
#1100 = CARTESIAN_POINT('', (-0.2899530016312237, 0.20664502713249935, 0.015));
#1101 = CARTESIAN_POINT('', (-0.29, 0.20662206732759636, 0.015));
#1102 = B_SPLINE_CURVE_WITH_KNOTS('', 2, (#1059, #1060, #1061, #1062, #1063, #1064, #1065, #1066, #1067, #1068, #1069, #1070, #1071, #1072, #1073, #1074, #1075, #1076, #1077, #1078, #1079, #1080, #1081, #1082, #1083, #1084, #1085, #1086, #1087, #1088, #1089, #1090, #1091, #1092, #1093, #1094, #1095, #1096, #1097, #1098, #1099, #1100, #1101), .UNSPECIFIED., .F., .F., (3, 1, 1, 1, 1, 1, 1, 1, 1, 1, 1, 1, 1, 1, 1, 1, 1, 1, 1, 1, 1, 1, 1, 1, 1, 1, 1, 1, 1, 1, 1, 1, 1, 1, 1, 1, 1, 1, 1, 1, 1, 3), (0, 0.024390243902439025, 0.04878048780487805, 0.07317073170731708, 0.0975609756097561, 0.12195121951219512, 0.14634146341463417, 0.17073170731707318, 0.1951219512195122, 0.21951219512195122, 0.24390243902439024, 0.2682926829268293, 0.29268292682926833, 0.3170731707317073, 0.34146341463414637, 0.36585365853658536, 0.3902439024390244, 0.41463414634146345, 0.43902439024390244, 0.4634146341463415, 0.4878048780487805, 0.5121951219512195, 0.5365853658536586, 0.5609756097560976, 0.5853658536585366, 0.6097560975609756, 0.6341463414634146, 0.6585365853658536, 0.6829268292682926, 0.7073170731707317, 0.7317073170731707, 0.7560975609756098, 0.7804878048780488, 0.8048780487804879, 0.8292682926829268, 0.8536585365853658, 0.8780487804878049, 0.9024390243902439, 0.9268292682926829, 0.9512195121951219, 0.975609756097561, 1), .UNSPECIFIED.);
#1103 = CARTESIAN_POINT('', (-0.275, 0.21, 0.07));
#1104 = CARTESIAN_POINT('', (-0.2757548521482071, 0.2099913500875243, 0.07));
#1105 = CARTESIAN_POINT('', (-0.27580203040747003, 0.20999080946799456, 0.07000000000000002));
#1106 = CARTESIAN_POINT('', (-0.2765634776990576, 0.20996454285043617, 0.07000000000000002));
#1107 = CARTESIAN_POINT('', (-0.27660750521507, 0.20996302409275208, 0.07000000000000002));
#1108 = CARTESIAN_POINT('', (-0.2766110681547818, 0.2099629011868388, 0.07000000000000002));
#1109 = CARTESIAN_POINT('', (-0.27737857789119624, 0.20991855419901906, 0.07000000000000002));
#1110 = CARTESIAN_POINT('', (-0.27742654724972216, 0.20991578251228035, 0.07000000000000002));
#1111 = CARTESIAN_POINT('', (-0.2781995557163396, 0.20985290877054932, 0.07000000000000002));
#1112 = CARTESIAN_POINT('', (-0.27824786874550317, 0.20984897916169115, 0.07000000000000002));
#1113 = CARTESIAN_POINT('', (-0.2790257815994991, 0.2097671517708165, 0.07000000000000002));
#1114 = CARTESIAN_POINT('', (-0.27907440115287385, 0.20976203755888684, 0.07000000000000002));
#1115 = CARTESIAN_POINT('', (-0.2793333333333334, 0.2097285415124879, 0.07000000000000002));
#1116 = CARTESIAN_POINT('', (-0.27985659397960716, 0.20966085134413867, 0.07000000000000002));
#1117 = CARTESIAN_POINT('', (-0.279905481031278, 0.20965452720571692, 0.07000000000000002));
#1118 = CARTESIAN_POINT('', (-0.2806913000759023, 0.20953360095653928, 0.07000000000000002));
#1119 = CARTESIAN_POINT('', (-0.28074041376619135, 0.2095260430659657, 0.07000000000000002));
#1120 = CARTESIAN_POINT('', (-0.28113017388162986, 0.2094563586760186, 0.07000000000000002));
#1121 = CARTESIAN_POINT('', (-0.2815291768461046, 0.2093850217765639, 0.07000000000000002));
#1122 = CARTESIAN_POINT('', (-0.2815784745385992, 0.20937620794597625, 0.07000000000000002));
#1123 = CARTESIAN_POINT('', (-0.28236947214096847, 0.2092147650371847, 0.07));
#1124 = CARTESIAN_POINT('', (-0.28241890949111653, 0.20920467485538521, 0.07));
#1125 = CARTESIAN_POINT('', (-0.28321140605853135, 0.20902251436127964, 0.07));
#1126 = CARTESIAN_POINT('', (-0.28326093709399475, 0.20901112933039803, 0.07));
#1127 = CARTESIAN_POINT('', (-0.2840541724993322, 0.20880798803245526, 0.07));
#1128 = CARTESIAN_POINT('', (-0.2841037497121658, 0.20879529170133385, 0.07));
#1129 = CARTESIAN_POINT('', (-0.28466666666666673, 0.20863607321322317, 0.07));
#1130 = CARTESIAN_POINT('', (-0.28489694092244966, 0.20857094119230357, 0.07));
#1131 = CARTESIAN_POINT('', (-0.28494651537309246, 0.20855691928548917, 0.07));
#1132 = CARTESIAN_POINT('', (-0.2849985713047582, 0.20854077373214047, 0.07));
#1133 = CARTESIAN_POINT('', (-0.28566739342511577, 0.20833333333333334, 0.07));
#1134 = CARTESIAN_POINT('', (-0.2857388583000824, 0.2083111679447905, 0.07));
#1135 = CARTESIAN_POINT('', (-0.2857883797330193, 0.20829580848599685, 0.07));
#1136 = CARTESIAN_POINT('', (-0.28657905126644406, 0.20802850334823927, 0.07));
#1137 = CARTESIAN_POINT('', (-0.2866284682372831, 0.20801179677712944, 0.07));
#1138 = CARTESIAN_POINT('', (-0.2874166284546533, 0.20772282527537966, 0.07));
#1139 = CARTESIAN_POINT('', (-0.28746588846823895, 0.20770476455652032, 0.07));
#1140 = CARTESIAN_POINT('', (-0.28825068301315543, 0.207394056122178, 0.07));
#1141 = CARTESIAN_POINT('', (-0.2882997326722127, 0.2073746368450316, 0.07));
#1142 = CARTESIAN_POINT('', (-0.2883986637578147, 0.2073324981819675, 0.07));
#1143 = CARTESIAN_POINT('', (-0.28908029529106405, 0.2070421643466649, 0.07));
#1144 = CARTESIAN_POINT('', (-0.2891290804547422, 0.20702138481551696, 0.07));
#1145 = CARTESIAN_POINT('', (-0.2899045356796659, 0.20666716581973568, 0.07));
#1146 = CARTESIAN_POINT('', (-0.2899530016312236, 0.20664502713249935, 0.07));
#1147 = CARTESIAN_POINT('', (-0.29, 0.20662206732759633, 0.07));
#1148 = B_SPLINE_CURVE_WITH_KNOTS('', 2, (#1103, #1104, #1105, #1106, #1107, #1108, #1109, #1110, #1111, #1112, #1113, #1114, #1115, #1116, #1117, #1118, #1119, #1120, #1121, #1122, #1123, #1124, #1125, #1126, #1127, #1128, #1129, #1130, #1131, #1132, #1133, #1134, #1135, #1136, #1137, #1138, #1139, #1140, #1141, #1142, #1143, #1144, #1145, #1146, #1147), .UNSPECIFIED., .F., .F., (3, 1, 1, 1, 1, 1, 1, 1, 1, 1, 1, 1, 1, 1, 1, 1, 1, 1, 1, 1, 1, 1, 1, 1, 1, 1, 1, 1, 1, 1, 1, 1, 1, 1, 1, 1, 1, 1, 1, 1, 1, 1, 1, 3), (0, 0.023255813953488372, 0.046511627906976744, 0.06976744186046512, 0.09302325581395349, 0.11627906976744186, 0.13953488372093023, 0.16279069767441862, 0.18604651162790697, 0.20930232558139533, 0.23255813953488372, 0.2558139534883721, 0.27906976744186046, 0.3023255813953488, 0.32558139534883723, 0.3488372093023256, 0.37209302325581395, 0.3953488372093023, 0.41860465116279066, 0.4418604651162791, 0.46511627906976744, 0.4883720930232558, 0.5116279069767442, 0.5348837209302326, 0.5581395348837209, 0.5813953488372093, 0.6046511627906976, 0.627906976744186, 0.6511627906976745, 0.6744186046511628, 0.6976744186046512, 0.7209302325581395, 0.7441860465116279, 0.7674418604651163, 0.7906976744186047, 0.813953488372093, 0.8372093023255813, 0.8604651162790697, 0.8837209302325582, 0.9069767441860466, 0.9302325581395349, 0.9534883720930233, 0.9767441860465116, 1), .UNSPECIFIED.);
#1149 = CARTESIAN_POINT('', (-0.29000000000000004, 0.20662206732759633, 0.07));
#1150 = CARTESIAN_POINT('', (-0.29000484842814733, 0.20661969875678748, 0.06999988835299771));
#1151 = CARTESIAN_POINT('', (-0.29001875877592365, 0.20661290322580647, 0.06999956803297175));
#1152 = CARTESIAN_POINT('', (-0.2901755153539003, 0.2065363239627105, 0.06999595832659099));
#1153 = CARTESIAN_POINT('', (-0.29023015259354035, 0.2065096323903169, 0.06999470016954838));
#1154 = CARTESIAN_POINT('', (-0.2903475508918989, 0.20645228056946788, 0.06998652919748635));
#1155 = CARTESIAN_POINT('', (-0.290463981249358, 0.20639540161043915, 0.06997842559452729));
#1156 = CARTESIAN_POINT('', (-0.2905207573180851, 0.2063676651698972, 0.06997176528094777));
#1157 = CARTESIAN_POINT('', (-0.29067907641300506, 0.20629032258064522, 0.06995319311064022));
#1158 = CARTESIAN_POINT('', (-0.29069505337806595, 0.20628251745867415, 0.06995131887736306));
#1159 = CARTESIAN_POINT('', (-0.29070078300446894, 0.20627971840186, 0.06995064674367375));
#1160 = CARTESIAN_POINT('', (-0.29075752821875595, 0.2062519970344353, 0.06994120660779453));
#1161 = CARTESIAN_POINT('', (-0.2907705592179934, 0.2062456310858296, 0.06993903877029511));
#1162 = CARTESIAN_POINT('', (-0.29086875154526376, 0.20619445160299743, 0.06992270349121692));
#1163 = CARTESIAN_POINT('', (-0.29088888049325, 0.20618396005873393, 0.06991935483870969));
#1164 = CARTESIAN_POINT('', (-0.29093978207694193, 0.2061574293021961, 0.06991088684942535));
#1165 = CARTESIAN_POINT('', (-0.29104158197890884, 0.20610436949111036, 0.06988879722421681));
#1166 = CARTESIAN_POINT('', (-0.29118013387057007, 0.20603215392847155, 0.06985873276148559));
#1167 = CARTESIAN_POINT('', (-0.2912147480703477, 0.2060141124287687, 0.06984940532921474));
#1168 = CARTESIAN_POINT('', (-0.29130371392932763, 0.20596774193548387, 0.06982543184349552));
#1169 = CARTESIAN_POINT('', (-0.2913880988762782, 0.2059237590901454, 0.06980269276871073));
#1170 = CARTESIAN_POINT('', (-0.29142093076758424, 0.20590664655941968, 0.06979384561221287));
#1171 = CARTESIAN_POINT('', (-0.2915612319712596, 0.20583351922610912, 0.06974837385988157));
#1172 = CARTESIAN_POINT('', (-0.29158081254687407, 0.20582331350269503, 0.06974202777687213));
#1173 = CARTESIAN_POINT('', (-0.29166120974818305, 0.2057786972989847, 0.06971597096816143));
#1174 = CARTESIAN_POINT('', (-0.2917108653709848, 0.20575114104893855, 0.06969704004819967));
#1175 = CARTESIAN_POINT('', (-0.2917312684564337, 0.20573981841330086, 0.06968926148948237));
#1176 = CARTESIAN_POINT('', (-0.2918999618103161, 0.2056462025048009, 0.0696249481207188));
#1177 = CARTESIAN_POINT('', (-0.2919005038934718, 0.2056459016772583, 0.06962470889216907));
#1178 = CARTESIAN_POINT('', (-0.2919018380508534, 0.20564516129032254, 0.06962412011066536));
#1179 = CARTESIAN_POINT('', (-0.2920684477107314, 0.20555270172202667, 0.06955059303850562));
#1180 = CARTESIAN_POINT('', (-0.29213614309017505, 0.20551513435910448, 0.06952071816178554));
#1181 = CARTESIAN_POINT('', (-0.2922352889377514, 0.2054601136461881, 0.06947066966198202));
#1182 = CARTESIAN_POINT('', (-0.2923686875066967, 0.20538608448062232, 0.06940333050038479));
#1183 = CARTESIAN_POINT('', (-0.2923828204843321, 0.205378241423912, 0.0693952425649629));
#1184 = CARTESIAN_POINT('', (-0.2924005953449504, 0.20536775778536326, 0.06938507047465597));
#1185 = CARTESIAN_POINT('', (-0.29247719254605453, 0.2053225806451613, 0.06934123588919149));
#1186 = CARTESIAN_POINT('', (-0.2925614301155741, 0.20527289720459688, 0.06929302891965215));
#1187 = CARTESIAN_POINT('', (-0.2925965206763827, 0.20525220074098516, 0.06927294750460584));
#1188 = CARTESIAN_POINT('', (-0.292719996359789, 0.2051793746039936, 0.06919337485637886));
#1189 = CARTESIAN_POINT('', (-0.2928185747728276, 0.20512123291314158, 0.06912984700079555));
#1190 = CARTESIAN_POINT('', (-0.2928543142609951, 0.2051001537112332, 0.06910403825618962));
#1191 = CARTESIAN_POINT('', (-0.2928766204174153, 0.20508699750785453, 0.06908793019410743));
#1192 = CARTESIAN_POINT('', (-0.2930241234593278, 0.20499999999999996, 0.06898141304647877));
#1193 = B_SPLINE_CURVE_WITH_KNOTS('', 2, (#1149, #1150, #1151, #1152, #1153, #1154, #1155, #1156, #1157, #1158, #1159, #1160, #1161, #1162, #1163, #1164, #1165, #1166, #1167, #1168, #1169, #1170, #1171, #1172, #1173, #1174, #1175, #1176, #1177, #1178, #1179, #1180, #1181, #1182, #1183, #1184, #1185, #1186, #1187, #1188, #1189, #1190, #1191, #1192), .UNSPECIFIED., .F., .F., (3, 1, 1, 1, 1, 1, 1, 1, 1, 1, 1, 1, 1, 1, 1, 1, 1, 1, 1, 1, 1, 1, 1, 1, 1, 1, 1, 1, 1, 1, 1, 1, 1, 1, 1, 1, 1, 1, 1, 1, 1, 1, 3), (0, 0.023809523809523808, 0.047619047619047616, 0.07142857142857142, 0.09523809523809523, 0.11904761904761904, 0.14285714285714285, 0.16666666666666666, 0.19047619047619047, 0.21428571428571427, 0.23809523809523808, 0.26190476190476186, 0.2857142857142857, 0.30952380952380953, 0.3333333333333333, 0.3571428571428571, 0.38095238095238093, 0.40476190476190477, 0.42857142857142855, 0.45238095238095233, 0.47619047619047616, 0.5, 0.5238095238095238, 0.5476190476190477, 0.5714285714285714, 0.5952380952380952, 0.6190476190476191, 0.6428571428571429, 0.6666666666666667, 0.6904761904761905, 0.7142857142857143, 0.7380952380952381, 0.7619047619047619, 0.7857142857142857, 0.8095238095238095, 0.8333333333333334, 0.8571428571428572, 0.8809523809523809, 0.9047619047619048, 0.9285714285714286, 0.9523809523809523, 0.9761904761904762, 1), .UNSPECIFIED.);
#1194 = CARTESIAN_POINT('', (-0.29000000000000004, 0.20662206732759633, 0.015000000000000001));
#1195 = CARTESIAN_POINT('', (-0.29000107844465606, 0.20662154048210055, 0.015000024833844975));
#1196 = CARTESIAN_POINT('', (-0.2900187587759237, 0.20661290322580647, 0.015000431967028249));
#1197 = CARTESIAN_POINT('', (-0.29023015259354046, 0.20650963239031683, 0.015005299830451622));
#1198 = CARTESIAN_POINT('', (-0.290346052263621, 0.2064530126845131, 0.015013366497340901));
#1199 = CARTESIAN_POINT('', (-0.29046398124935796, 0.20639540161043915, 0.015021574405472733));
#1200 = CARTESIAN_POINT('', (-0.2906790764130051, 0.20629032258064514, 0.015046806889359806));
#1201 = CARTESIAN_POINT('', (-0.2907007830044689, 0.20627971840186, 0.015049353256326246));
#1202 = CARTESIAN_POINT('', (-0.29071309638361276, 0.2062737030274927, 0.015051401710521217));
#1203 = CARTESIAN_POINT('', (-0.29077055921799333, 0.20624563108582958, 0.015060961229704883));
#1204 = CARTESIAN_POINT('', (-0.2907811511815524, 0.206240110377316, 0.015062723309141568));
#1205 = CARTESIAN_POINT('', (-0.29088888049325, 0.20618396005873388, 0.015080645161290318));
#1206 = CARTESIAN_POINT('', (-0.29093978207694193, 0.20615742930219605, 0.015089113150574656));
#1207 = CARTESIAN_POINT('', (-0.2911016689723288, 0.20607305114543442, 0.015124241090544863));
#1208 = CARTESIAN_POINT('', (-0.29118013387057007, 0.20603215392847152, 0.01514126723851441));
#1209 = CARTESIAN_POINT('', (-0.2913037139293276, 0.20596774193548387, 0.015174568156504463));
#1210 = CARTESIAN_POINT('', (-0.2914209307675843, 0.20590664655941965, 0.015206154387787135));
#1211 = CARTESIAN_POINT('', (-0.2914928581276574, 0.20586915681666315, 0.01522946611297131));
#1212 = CARTESIAN_POINT('', (-0.2914953186004744, 0.20586787437708978, 0.01523026355453004));
#1213 = CARTESIAN_POINT('', (-0.29158081254687407, 0.20582331350269503, 0.015257972223127837));
#1214 = CARTESIAN_POINT('', (-0.2916612097481831, 0.2057786972989847, 0.015284029031838571));
#1215 = CARTESIAN_POINT('', (-0.2918986540217429, 0.20564692825843964, 0.015374553292426195));
#1216 = CARTESIAN_POINT('', (-0.2918999618103161, 0.20564620250480092, 0.015375051879281199));
#1217 = CARTESIAN_POINT('', (-0.2919018380508534, 0.20564516129032256, 0.015375879889334625));
#1218 = CARTESIAN_POINT('', (-0.29213614309017505, 0.2055151343591045, 0.015479281838214473));
#1219 = CARTESIAN_POINT('', (-0.29214654785205385, 0.20550936026538, 0.015484534128003493));
#1220 = CARTESIAN_POINT('', (-0.2922923820043853, 0.20542843000733113, 0.015558150731448984));
#1221 = CARTESIAN_POINT('', (-0.29236868750669676, 0.20538608448062232, 0.015596669499615213));
#1222 = CARTESIAN_POINT('', (-0.2923828204843322, 0.205378241423912, 0.015604757435037087));
#1223 = CARTESIAN_POINT('', (-0.2924771925460546, 0.2053225806451613, 0.01565876411080851));
#1224 = CARTESIAN_POINT('', (-0.29259652067638275, 0.20525220074098513, 0.015727052495394172));
#1225 = CARTESIAN_POINT('', (-0.2926780817444182, 0.20520409590487435, 0.01577961369608374));
#1226 = CARTESIAN_POINT('', (-0.2927460895697945, 0.20516398479092282, 0.01582344064739966));
#1227 = CARTESIAN_POINT('', (-0.2928185747728276, 0.20512123291314155, 0.01587015299920444));
#1228 = CARTESIAN_POINT('', (-0.29302412345932777, 0.20499999999999996, 0.0160185869535212));
#1229 = B_SPLINE_CURVE_WITH_KNOTS('', 2, (#1194, #1195, #1196, #1197, #1198, #1199, #1200, #1201, #1202, #1203, #1204, #1205, #1206, #1207, #1208, #1209, #1210, #1211, #1212, #1213, #1214, #1215, #1216, #1217, #1218, #1219, #1220, #1221, #1222, #1223, #1224, #1225, #1226, #1227, #1228), .UNSPECIFIED., .F., .F., (3, 1, 1, 1, 1, 1, 1, 1, 1, 1, 1, 1, 1, 1, 1, 1, 1, 1, 1, 1, 1, 1, 1, 1, 1, 1, 1, 1, 1, 1, 1, 1, 1, 3), (0, 0.030303030303030304, 0.06060606060606061, 0.09090909090909091, 0.12121212121212122, 0.15151515151515152, 0.18181818181818182, 0.21212121212121213, 0.24242424242424243, 0.2727272727272727, 0.30303030303030304, 0.33333333333333337, 0.36363636363636365, 0.3939393939393939, 0.42424242424242425, 0.4545454545454546, 0.48484848484848486, 0.5151515151515151, 0.5454545454545454, 0.5757575757575757, 0.6060606060606061, 0.6363636363636364, 0.6666666666666666, 0.696969696969697, 0.7272727272727273, 0.7575757575757576, 0.7878787878787878, 0.8181818181818181, 0.8484848484848485, 0.8787878787878788, 0.9090909090909091, 0.9393939393939394, 0.9696969696969697, 1), .UNSPECIFIED.);
#1230 = DIRECTION('', (-0.0000000000000010479609973634862, -0, 1));
#1231 = VECTOR('', #1230, 1);
#1232 = CARTESIAN_POINT('', (-0.29301948270354344, 0.205, 0.01601468643838081));
#1233 = LINE('', #1232, #1231);
#1234 = DIRECTION('', (1, -0, -0.0000000000000000533761069531325));
#1235 = VECTOR('', #1234, 1);
#1236 = CARTESIAN_POINT('', (-0.275, 0.20933301450984307, 0.015000000000000003));
#1237 = LINE('', #1236, #1235);
#1238 = CARTESIAN_POINT('', (-0.21, 0.20933301450984312, 0.015000000000000001));
#1239 = CARTESIAN_POINT('', (-0.20990053747229154, 0.20933295453440104, 0.015002290369728341));
#1240 = CARTESIAN_POINT('', (-0.20976984740645957, 0.20933287572889858, 0.01500529983045162));
#1241 = CARTESIAN_POINT('', (-0.2096689866070802, 0.20933269190490703, 0.015012319785471465));
#1242 = CARTESIAN_POINT('', (-0.20953601875064204, 0.2093324495641535, 0.015021574405472733));
#1243 = CARTESIAN_POINT('', (-0.20943428283191196, 0.20933213704867432, 0.015033508890128578));
#1244 = CARTESIAN_POINT('', (-0.2092992169955311, 0.20933172214934376, 0.01504935325632625));
#1245 = CARTESIAN_POINT('', (-0.20919717380324698, 0.209331277619519, 0.015066329165445915));
#1246 = CARTESIAN_POINT('', (-0.2090602179230581, 0.2093306809998714, 0.015089113150574656));
#1247 = CARTESIAN_POINT('', (-0.2089584724653704, 0.20933010287203602, 0.015111190961884536));
#1248 = CARTESIAN_POINT('', (-0.2088198661294299, 0.2093293152970151, 0.015141267238514413));
#1249 = CARTESIAN_POINT('', (-0.20871905117533895, 0.20932860391869135, 0.015168433680674335));
#1250 = CARTESIAN_POINT('', (-0.20857906923241581, 0.2093276161672134, 0.015206154387787135));
#1251 = CARTESIAN_POINT('', (-0.2084798341791669, 0.20932677397104027, 0.015238316562064385));
#1252 = CARTESIAN_POINT('', (-0.2083387902518169, 0.20932557694789203, 0.01528402903183857));
#1253 = CARTESIAN_POINT('', (-0.20824178850575759, 0.20932460855699028, 0.015321010388373654));
#1254 = CARTESIAN_POINT('', (-0.20810003818968384, 0.2093231934307479, 0.015375051879281242));
#1255 = CARTESIAN_POINT('', (-0.2080059134099857, 0.2093221057061985, 0.015416590403961926));
#1256 = CARTESIAN_POINT('', (-0.2078638569098249, 0.20932046407321808, 0.015479281838214523));
#1257 = CARTESIAN_POINT('', (-0.20777322856072322, 0.20931926609625714, 0.015525030732626986));
#1258 = CARTESIAN_POINT('', (-0.20763131249330322, 0.20931739016912346, 0.015596669499615263));
#1259 = CARTESIAN_POINT('', (-0.20754476122952534, 0.2093160931532846, 0.015646200536186317));
#1260 = CARTESIAN_POINT('', (-0.2074034793236172, 0.20931397597022203, 0.015727052495394234));
#1261 = CARTESIAN_POINT('', (-0.2073215327872344, 0.20931259310186817, 0.015779862107239417));
#1262 = CARTESIAN_POINT('', (-0.20718142522717237, 0.20931022875165275, 0.01587015299920451));
#1263 = CARTESIAN_POINT('', (-0.20710454485533794, 0.20930877496094266, 0.015925671026563497));
#1264 = CARTESIAN_POINT('', (-0.20696619605634098, 0.20930615881596396, 0.016025577572597625));
#1265 = CARTESIAN_POINT('', (-0.20689476548369237, 0.20930465048405084, 0.016083178444468462));
#1266 = CARTESIAN_POINT('', (-0.20675880014896433, 0.20930177943254102, 0.016192819478190377));
#1267 = CARTESIAN_POINT('', (-0.20669311573430454, 0.2093002340444173, 0.01625183546965213));
#1268 = CARTESIAN_POINT('', (-0.2065601931253948, 0.20929710671166643, 0.016371263489116526));
#1269 = CARTESIAN_POINT('', (-0.20650045704154482, 0.20929554246725987, 0.016430999572966534));
#1270 = CARTESIAN_POINT('', (-0.20637126348911655, 0.20929215941502874, 0.016560193125394796));
#1271 = CARTESIAN_POINT('', (-0.2063175796929545, 0.20929059481365256, 0.01661994284136633));
#1272 = CARTESIAN_POINT('', (-0.20619281947819035, 0.20928695870708647, 0.016758800148964362));
#1273 = CARTESIAN_POINT('', (-0.20614519273337692, 0.20928541212193286, 0.016817861853152493));
#1274 = CARTESIAN_POINT('', (-0.20602557757259762, 0.20928152785412216, 0.01696619605634098));
#1275 = CARTESIAN_POINT('', (-0.20598391554111087, 0.2092800171140319, 0.017023888892784347));
#1276 = CARTESIAN_POINT('', (-0.20587015299920455, 0.20927589187993534, 0.017181425227172347));
#1277 = CARTESIAN_POINT('', (-0.2058342712615315, 0.20927443387512704, 0.01723710418444854));
#1278 = CARTESIAN_POINT('', (-0.20572705249539425, 0.20927007718878174, 0.017403479323617212));
#1279 = CARTESIAN_POINT('', (-0.2056966822148856, 0.209268687515644, 0.017456548799672726));
#1280 = CARTESIAN_POINT('', (-0.20559666949961525, 0.20926411116726948, 0.017631312493303197));
#1281 = CARTESIAN_POINT('', (-0.20557146732459472, 0.20926280382485377, 0.017681237885932094));
#1282 = CARTESIAN_POINT('', (-0.20547928183821454, 0.20925802177741706, 0.01786385690982488));
#1283 = CARTESIAN_POINT('', (-0.20545884154404084, 0.2092568089251352, 0.01791017386982416));
#1284 = CARTESIAN_POINT('', (-0.2053750518792812, 0.2092518371529466, 0.018100038189683795));
#1285 = CARTESIAN_POINT('', (-0.20535891719666083, 0.20925072893544686, 0.018142359308564487));
#1286 = CARTESIAN_POINT('', (-0.20528402903183857, 0.20924558521017309, 0.0183387902518169));
#1287 = CARTESIAN_POINT('', (-0.20527170708886333, 0.20924458965172163, 0.018376809095217776));
#1288 = CARTESIAN_POINT('', (-0.2052061543877871, 0.20923929328363242, 0.018579069232415788));
#1289 = CARTESIAN_POINT('', (-0.20519712920969435, 0.20923841625083392, 0.018612561763742822));
#1290 = CARTESIAN_POINT('', (-0.2051412672385144, 0.20923298779497307, 0.018819866129429954));
#1291 = CARTESIAN_POINT('', (-0.2051350127965254, 0.20923223302355826, 0.018848689686884013));
#1292 = CARTESIAN_POINT('', (-0.20508911315057465, 0.20922669396175614, 0.019060217923058096));
#1293 = CARTESIAN_POINT('', (-0.20508510552277406, 0.20922606314061706, 0.019084308010450537));
#1294 = CARTESIAN_POINT('', (-0.20504935325632626, 0.20922043555078923, 0.019299216995531093));
#1295 = CARTESIAN_POINT('', (-0.20504708155165102, 0.2092199284545666, 0.019318582218989185));
#1296 = CARTESIAN_POINT('', (-0.20502157440547275, 0.20921423467860245, 0.019536018750642006));
#1297 = CARTESIAN_POINT('', (-0.20502055019844412, 0.20921384933895912, 0.019550734277927917));
#1298 = CARTESIAN_POINT('', (-0.20500529983045163, 0.20920811165976058, 0.01976984740645955));
#1299 = CARTESIAN_POINT('', (-0.2050050649517628, 0.20920784456499703, 0.01978004734396606));
#1300 = CARTESIAN_POINT('', (-0.205, 0.20920208490199718, 0.02));
#1301 = B_SPLINE_CURVE_WITH_KNOTS('', 2, (#1238, #1239, #1240, #1241, #1242, #1243, #1244, #1245, #1246, #1247, #1248, #1249, #1250, #1251, #1252, #1253, #1254, #1255, #1256, #1257, #1258, #1259, #1260, #1261, #1262, #1263, #1264, #1265, #1266, #1267, #1268, #1269, #1270, #1271, #1272, #1273, #1274, #1275, #1276, #1277, #1278, #1279, #1280, #1281, #1282, #1283, #1284, #1285, #1286, #1287, #1288, #1289, #1290, #1291, #1292, #1293, #1294, #1295, #1296, #1297, #1298, #1299, #1300), .UNSPECIFIED., .F., .F., (3, 1, 1, 1, 1, 1, 1, 1, 1, 1, 1, 1, 1, 1, 1, 1, 1, 1, 1, 1, 1, 1, 1, 1, 1, 1, 1, 1, 1, 1, 1, 1, 1, 1, 1, 1, 1, 1, 1, 1, 1, 1, 1, 1, 1, 1, 1, 1, 1, 1, 1, 1, 1, 1, 1, 1, 1, 1, 1, 1, 1, 3), (0, 0.01639344262295082, 0.03278688524590164, 0.04918032786885246, 0.06557377049180328, 0.0819672131147541, 0.09836065573770492, 0.11475409836065574, 0.13114754098360656, 0.14754098360655737, 0.1639344262295082, 0.18032786885245902, 0.19672131147540983, 0.21311475409836067, 0.22950819672131148, 0.24590163934426232, 0.26229508196721313, 0.27868852459016397, 0.29508196721311475, 0.3114754098360656, 0.3278688524590164, 0.3442622950819672, 0.36065573770491804, 0.3770491803278689, 0.39344262295081966, 0.4098360655737705, 0.42622950819672134, 0.4426229508196722, 0.45901639344262296, 0.4754098360655738, 0.49180327868852464, 0.5081967213114753, 0.5245901639344261, 0.540983606557377, 0.5573770491803278, 0.5737704918032787, 0.5901639344262295, 0.6065573770491803, 0.6229508196721312, 0.639344262295082, 0.6557377049180328, 0.6721311475409836, 0.6885245901639344, 0.7049180327868853, 0.721311475409836, 0.7377049180327868, 0.7540983606557377, 0.7704918032786885, 0.7868852459016393, 0.8032786885245902, 0.819672131147541, 0.8360655737704918, 0.8524590163934427, 0.8688524590163934, 0.8852459016393442, 0.9016393442622951, 0.9180327868852459, 0.9344262295081968, 0.9508196721311475, 0.9672131147540983, 0.9836065573770492, 1), .UNSPECIFIED.);
#1302 = DIRECTION('', (0, -0.026176948307873604, 0.9996573249755573));
#1303 = VECTOR('', #1302, 1);
#1304 = CARTESIAN_POINT('', (-0.205, 0.20920208490199715, 0.01999999999999943));
#1305 = LINE('', #1304, #1303);
#1306 = CARTESIAN_POINT('', (-0.20500000000000002, 0.20802371843138373, 0.065));
#1307 = CARTESIAN_POINT('', (-0.20500194332348307, 0.2080215085607105, 0.06508439155625771));
#1308 = CARTESIAN_POINT('', (-0.20500529983045157, 0.20801769167362033, 0.06523015259354045));
#1309 = CARTESIAN_POINT('', (-0.20501096719454454, 0.2080155594288717, 0.06531157973533466));
#1310 = CARTESIAN_POINT('', (-0.20502157440547275, 0.20801156865477846, 0.06546398124935801));
#1311 = CARTESIAN_POINT('', (-0.20503072832582991, 0.20800952529126995, 0.06554201415353234));
#1312 = CARTESIAN_POINT('', (-0.20504935325632626, 0.20800536778259168, 0.06570078300446892));
#1313 = CARTESIAN_POINT('', (-0.20506170323147052, 0.2080034238332592, 0.06577501943442791));
#1314 = CARTESIAN_POINT('', (-0.20508911315057463, 0.2079991093716248, 0.06593978207694191));
#1315 = CARTESIAN_POINT('', (-0.20510431870837492, 0.20799727440051236, 0.06600985679658114));
#1316 = CARTESIAN_POINT('', (-0.2051412672385144, 0.20799281553840784, 0.06618013387057003));
#1317 = CARTESIAN_POINT('', (-0.20515894272468713, 0.20799109790126616, 0.066245727786643));
#1318 = CARTESIAN_POINT('', (-0.20520615438778714, 0.20798651004974855, 0.06642093076758421));
#1319 = CARTESIAN_POINT('', (-0.2052258754936497, 0.2079849166716869, 0.06648177942083544));
#1320 = CARTESIAN_POINT('', (-0.2052840290318385, 0.20798021812320786, 0.06666120974818308));
#1321 = CARTESIAN_POINT('', (-0.2053053409703735, 0.20797875430369597, 0.0667171107600305));
#1322 = CARTESIAN_POINT('', (-0.20537505187928126, 0.20797396618043437, 0.06689996181031621));
#1323 = CARTESIAN_POINT('', (-0.20539747902398364, 0.20797263543571037, 0.0669507809010421));
#1324 = CARTESIAN_POINT('', (-0.2054792818382145, 0.20796778155596385, 0.06713614309017511));
#1325 = CARTESIAN_POINT('', (-0.2055023385445093, 0.20796658550800048, 0.06718181831914091));
#1326 = CARTESIAN_POINT('', (-0.2055966694996153, 0.2079616921661115, 0.0673686875066968));
#1327 = CARTESIAN_POINT('', (-0.20561987174117785, 0.20796063048570237, 0.06740923144578516));
#1328 = CARTESIAN_POINT('', (-0.20572705249539422, 0.2079557261445992, 0.06759652067638278));
#1329 = CARTESIAN_POINT('', (-0.2057499298752116, 0.20795479655389548, 0.06763202031313534));
#1330 = CARTESIAN_POINT('', (-0.2058701529992045, 0.2079499114534456, 0.06781857477282766));
#1331 = CARTESIAN_POINT('', (-0.20589226064500876, 0.20794910979050155, 0.06784918904553633));
#1332 = CARTESIAN_POINT('', (-0.20602557757259762, 0.2079442754792588, 0.06803380394365903));
#1333 = CARTESIAN_POINT('', (-0.2060465074044586, 0.20794359582400732, 0.06805975893056651));
#1334 = CARTESIAN_POINT('', (-0.20619281947819035, 0.20793884462629447, 0.06824119985103563));
#1335 = CARTESIAN_POINT('', (-0.20621221034657575, 0.20793827948408153, 0.0682627817614313));
#1336 = CARTESIAN_POINT('', (-0.20637126348911655, 0.20793364391835217, 0.0684398068746052));
#1337 = CARTESIAN_POINT('', (-0.2063888097258928, 0.20793318445397213, 0.06845735311138144));
#1338 = CARTESIAN_POINT('', (-0.20656019312539478, 0.20792869662171448, 0.06862873651088348));
#1339 = CARTESIAN_POINT('', (-0.20657565112623533, 0.20792833293405677, 0.06864262518219687));
#1340 = CARTESIAN_POINT('', (-0.2067588001489644, 0.2079240239008399, 0.06880718052180963));
#1341 = CARTESIAN_POINT('', (-0.20677199270854432, 0.20792374532602392, 0.0688178188648305));
#1342 = CARTESIAN_POINT('', (-0.20696619605634098, 0.20791964451741696, 0.06897442242740237));
#1343 = CARTESIAN_POINT('', (-0.20697701429991489, 0.2079194399468402, 0.06898223466254616));
#1344 = CARTESIAN_POINT('', (-0.20718142522717234, 0.20791557458172819, 0.0691298470007955));
#1345 = CARTESIAN_POINT('', (-0.20718982811408762, 0.20791543278090402, 0.06913526215579732));
#1346 = CARTESIAN_POINT('', (-0.20740347932361722, 0.20791182736315889, 0.06927294750460576));
#1347 = CARTESIAN_POINT('', (-0.20740949082951843, 0.20791173727760692, 0.06927638773303968));
#1348 = CARTESIAN_POINT('', (-0.2076313124933032, 0.20790841316425746, 0.06940333050038475));
#1349 = CARTESIAN_POINT('', (-0.20763501669794884, 0.20790836419997785, 0.06940520037078286));
#1350 = CARTESIAN_POINT('', (-0.20786385690982484, 0.20790533926016283, 0.06952071816178547));
#1351 = CARTESIAN_POINT('', (-0.20786539131761533, 0.20790532152824326, 0.06952139531647396));
#1352 = CARTESIAN_POINT('', (-0.2080467417818129, 0.2079032258064516, 0.06960142770281352));
#1353 = CARTESIAN_POINT('', (-0.2080995910317393, 0.2079026150700786, 0.06962475078393482));
#1354 = CARTESIAN_POINT('', (-0.2081000381896838, 0.20790260990263304, 0.06962494812071876));
#1355 = CARTESIAN_POINT('', (-0.20816480060063014, 0.2079019633644821, 0.06964963841658016));
#1356 = CARTESIAN_POINT('', (-0.20833658656900167, 0.20790024838536494, 0.06971513082679087));
#1357 = CARTESIAN_POINT('', (-0.20833879025181695, 0.2079002263854889, 0.06971597096816144));
#1358 = CARTESIAN_POINT('', (-0.20857533970294606, 0.20789821881824355, 0.069792636868197));
#1359 = CARTESIAN_POINT('', (-0.20857906923241584, 0.20789818716616754, 0.06979384561221287));
#1360 = CARTESIAN_POINT('', (-0.2088148629369563, 0.20789652334028189, 0.06985738455932476));
#1361 = CARTESIAN_POINT('', (-0.20881986612942996, 0.20789648803636585, 0.0698587327614856));
#1362 = CARTESIAN_POINT('', (-0.20905420555629375, 0.207895156496377, 0.06990958222215288));
#1363 = CARTESIAN_POINT('', (-0.20906021792305807, 0.20789512233350954, 0.06991088684942534));
#1364 = CARTESIAN_POINT('', (-0.20929246356819278, 0.20789411060393087, 0.0699495232432601));
#1365 = CARTESIAN_POINT('', (-0.20929921699553114, 0.20789408118403713, 0.06995064674367375));
#1366 = CARTESIAN_POINT('', (-0.20952878813677664, 0.20789337598044627, 0.06997757738229993));
#1367 = CARTESIAN_POINT('', (-0.209536018750642, 0.2078933537692274, 0.06997842559452729));
#1368 = CARTESIAN_POINT('', (-0.2097623924096918, 0.20789294119159718, 0.06999418129856676));
#1369 = CARTESIAN_POINT('', (-0.20976984740645957, 0.20789292760448233, 0.0699947001695484));
#1370 = CARTESIAN_POINT('', (-0.2099925566963373, 0.20789279331181532, 0.06999982859959644));
#1371 = CARTESIAN_POINT('', (-0.21, 0.20789278882353782, 0.07));
#1372 = B_SPLINE_CURVE_WITH_KNOTS('', 2, (#1306, #1307, #1308, #1309, #1310, #1311, #1312, #1313, #1314, #1315, #1316, #1317, #1318, #1319, #1320, #1321, #1322, #1323, #1324, #1325, #1326, #1327, #1328, #1329, #1330, #1331, #1332, #1333, #1334, #1335, #1336, #1337, #1338, #1339, #1340, #1341, #1342, #1343, #1344, #1345, #1346, #1347, #1348, #1349, #1350, #1351, #1352, #1353, #1354, #1355, #1356, #1357, #1358, #1359, #1360, #1361, #1362, #1363, #1364, #1365, #1366, #1367, #1368, #1369, #1370, #1371), .UNSPECIFIED., .F., .F., (3, 1, 1, 1, 1, 1, 1, 1, 1, 1, 1, 1, 1, 1, 1, 1, 1, 1, 1, 1, 1, 1, 1, 1, 1, 1, 1, 1, 1, 1, 1, 1, 1, 1, 1, 1, 1, 1, 1, 1, 1, 1, 1, 1, 1, 1, 1, 1, 1, 1, 1, 1, 1, 1, 1, 1, 1, 1, 1, 1, 1, 1, 1, 1, 3), (0, 0.015625, 0.03125, 0.046875, 0.0625, 0.078125, 0.09375, 0.109375, 0.125, 0.140625, 0.15625, 0.171875, 0.1875, 0.203125, 0.21875, 0.234375, 0.25, 0.265625, 0.28125, 0.296875, 0.3125, 0.328125, 0.34375, 0.359375, 0.375, 0.390625, 0.40625, 0.421875, 0.4375, 0.453125, 0.46875, 0.484375, 0.5, 0.515625, 0.53125, 0.546875, 0.5625, 0.578125, 0.59375, 0.609375, 0.625, 0.640625, 0.65625, 0.671875, 0.6875, 0.703125, 0.71875, 0.734375, 0.75, 0.765625, 0.78125, 0.796875, 0.8125, 0.828125, 0.84375, 0.859375, 0.875, 0.890625, 0.90625, 0.921875, 0.9375, 0.953125, 0.96875, 0.984375, 1), .UNSPECIFIED.);
#1373 = DIRECTION('', (-1, -0, -0.00000000000000021350442781248278));
#1374 = VECTOR('', #1373, 1);
#1375 = CARTESIAN_POINT('', (-0.20999999999998561, 0.20789278882353782, 0.07000000000000002));
#1376 = LINE('', #1375, #1374);
#1377 = CARTESIAN_POINT('', (-0.275, 0.20933301450984307, 0.015000000000000001));
#1378 = CARTESIAN_POINT('', (-0.27504632474092394, 0.20933248367084978, 0.015));
#1379 = CARTESIAN_POINT('', (-0.2757867463319151, 0.2093239991193088, 0.015));
#1380 = CARTESIAN_POINT('', (-0.2758334758121104, 0.20932238715562, 0.015));
#1381 = CARTESIAN_POINT('', (-0.2765803664667005, 0.20929662267868404, 0.015));
#1382 = CARTESIAN_POINT('', (-0.2766274679948348, 0.2092939011354966, 0.015));
#1383 = CARTESIAN_POINT('', (-0.27738030519810314, 0.20925040193190408, 0.015));
#1384 = CARTESIAN_POINT('', (-0.27742774417940974, 0.20924654341496998, 0.015));
#1385 = CARTESIAN_POINT('', (-0.27793869093042767, 0.2092049848351494, 0.015));
#1386 = CARTESIAN_POINT('', (-0.2781859749933008, 0.20918487163461574, 0.015));
#1387 = CARTESIAN_POINT('', (-0.2782337149533821, 0.20917984994567737, 0.015));
#1388 = CARTESIAN_POINT('', (-0.278996756397162, 0.20909958685431307, 0.015));
#1389 = CARTESIAN_POINT('', (-0.27904475901613446, 0.20909337712808468, 0.015));
#1390 = CARTESIAN_POINT('', (-0.2793333333333334, 0.20905604650853285, 0.015));
#1391 = CARTESIAN_POINT('', (-0.2798119986121366, 0.20899412529673161, 0.015));
#1392 = CARTESIAN_POINT('', (-0.27986022376952907, 0.20898670413859177, 0.015));
#1393 = CARTESIAN_POINT('', (-0.280631020260781, 0.20886808964432108, 0.015));
#1394 = CARTESIAN_POINT('', (-0.2806794260915303, 0.20885943526781608, 0.015000000000000001));
#1395 = CARTESIAN_POINT('', (-0.2814531103367476, 0.2087211098915036, 0.015000000000000001));
#1396 = CARTESIAN_POINT('', (-0.2815016532985557, 0.2087112022547014, 0.015000000000000001));
#1397 = CARTESIAN_POINT('', (-0.28227752934872996, 0.20855284566041263, 0.015000000000000001));
#1398 = CARTESIAN_POINT('', (-0.2823261643009597, 0.20854166660009457, 0.015000000000000001));
#1399 = CARTESIAN_POINT('', (-0.283103510660368, 0.2083629884799069, 0.015000000000000001));
#1400 = CARTESIAN_POINT('', (-0.283152190954557, 0.2083505218425389, 0.015000000000000001));
#1401 = CARTESIAN_POINT('', (-0.28321930942925866, 0.20833333333333334, 0.015000000000000001));
#1402 = CARTESIAN_POINT('', (-0.2839302620274757, 0.20815126400989442, 0.015000000000000003));
#1403 = CARTESIAN_POINT('', (-0.2839789396094456, 0.20813749577828555, 0.015000000000000003));
#1404 = CARTESIAN_POINT('', (-0.28466666666666673, 0.20794297532298936, 0.015000000000000003));
#1405 = CARTESIAN_POINT('', (-0.2847569673321906, 0.2079174341924103, 0.015000000000000003));
#1406 = CARTESIAN_POINT('', (-0.28480559285561646, 0.20790235260694137, 0.015000000000000003));
#1407 = CARTESIAN_POINT('', (-0.2855827885117537, 0.2076612993104774, 0.015000000000000003));
#1408 = CARTESIAN_POINT('', (-0.2856313114629421, 0.20764489498377095, 0.015000000000000003));
#1409 = CARTESIAN_POINT('', (-0.28592942045216163, 0.207544112217399, 0.015000000000000003));
#1410 = CARTESIAN_POINT('', (-0.28640686767765294, 0.2073826999355769, 0.015000000000000001));
#1411 = CARTESIAN_POINT('', (-0.28645523651115623, 0.2073649659594801, 0.015000000000000001));
#1412 = CARTESIAN_POINT('', (-0.2872283294188035, 0.20708151874457192, 0.015000000000000001));
#1413 = CARTESIAN_POINT('', (-0.2872764917033755, 0.20706245078833974, 0.015000000000000001));
#1414 = CARTESIAN_POINT('', (-0.2880462832803464, 0.20675768218718188, 0.015000000000000001));
#1415 = CARTESIAN_POINT('', (-0.28809418585461755, 0.2067372785857776, 0.015000000000000001));
#1416 = CARTESIAN_POINT('', (-0.288859826407527, 0.20641116198561132, 0.015000000000000001));
#1417 = CARTESIAN_POINT('', (-0.28890741554465543, 0.20638942381708536, 0.015000000000000001));
#1418 = CARTESIAN_POINT('', (-0.28966804634201637, 0.2060419764486985, 0.015));
#1419 = CARTESIAN_POINT('', (-0.28971526792245117, 0.20601890759966773, 0.015));
#1420 = CARTESIAN_POINT('', (-0.29, 0.20587980930497463, 0.015));
#1421 = B_SPLINE_CURVE_WITH_KNOTS('', 2, (#1377, #1378, #1379, #1380, #1381, #1382, #1383, #1384, #1385, #1386, #1387, #1388, #1389, #1390, #1391, #1392, #1393, #1394, #1395, #1396, #1397, #1398, #1399, #1400, #1401, #1402, #1403, #1404, #1405, #1406, #1407, #1408, #1409, #1410, #1411, #1412, #1413, #1414, #1415, #1416, #1417, #1418, #1419, #1420), .UNSPECIFIED., .F., .F., (3, 1, 1, 1, 1, 1, 1, 1, 1, 1, 1, 1, 1, 1, 1, 1, 1, 1, 1, 1, 1, 1, 1, 1, 1, 1, 1, 1, 1, 1, 1, 1, 1, 1, 1, 1, 1, 1, 1, 1, 1, 1, 3), (0, 0.023809523809523808, 0.047619047619047616, 0.07142857142857142, 0.09523809523809523, 0.11904761904761904, 0.14285714285714285, 0.16666666666666666, 0.19047619047619047, 0.21428571428571427, 0.23809523809523808, 0.26190476190476186, 0.2857142857142857, 0.30952380952380953, 0.3333333333333333, 0.3571428571428571, 0.38095238095238093, 0.40476190476190477, 0.42857142857142855, 0.45238095238095233, 0.47619047619047616, 0.5, 0.5238095238095238, 0.5476190476190477, 0.5714285714285714, 0.5952380952380952, 0.6190476190476191, 0.6428571428571429, 0.6666666666666667, 0.6904761904761905, 0.7142857142857143, 0.7380952380952381, 0.7619047619047619, 0.7857142857142857, 0.8095238095238095, 0.8333333333333334, 0.8571428571428572, 0.8809523809523809, 0.9047619047619048, 0.9285714285714286, 0.9523809523809523, 0.9761904761904762, 1), .UNSPECIFIED.);
#1422 = CARTESIAN_POINT('', (-0.275, 0.2078927888235378, 0.07000000000000002));
#1423 = CARTESIAN_POINT('', (-0.27570945103932865, 0.2078846591660802, 0.07000000000000002));
#1424 = CARTESIAN_POINT('', (-0.27575374333779973, 0.20788415161701113, 0.07000000000000002));
#1425 = CARTESIAN_POINT('', (-0.27646939285101085, 0.20785946482348377, 0.07000000000000002));
#1426 = CARTESIAN_POINT('', (-0.2765140721313032, 0.20785792358276864, 0.07000000000000002));
#1427 = CARTESIAN_POINT('', (-0.2772354194593693, 0.20781624387545844, 0.07000000000000002));
#1428 = CARTESIAN_POINT('', (-0.27728045446444344, 0.20781364173671452, 0.07000000000000002));
#1429 = CARTESIAN_POINT('', (-0.27800696979774964, 0.2077545495800272, 0.07000000000000002));
#1430 = CARTESIAN_POINT('', (-0.27805232745064284, 0.2077508603508962, 0.07000000000000002));
#1431 = CARTESIAN_POINT('', (-0.2783510937703967, 0.20771943360649792, 0.07000000000000002));
#1432 = CARTESIAN_POINT('', (-0.27878345219352857, 0.20767395452551107, 0.07000000000000002));
#1433 = CARTESIAN_POINT('', (-0.27882909762011376, 0.2076691531571526, 0.07000000000000002));
#1434 = CARTESIAN_POINT('', (-0.2793333333333334, 0.2076039240967243, 0.07000000000000002));
#1435 = CARTESIAN_POINT('', (-0.2795642449137916, 0.20757405285785638, 0.07000000000000002));
#1436 = CARTESIAN_POINT('', (-0.2796101414754241, 0.2075681155759192, 0.07000000000000002));
#1437 = CARTESIAN_POINT('', (-0.2803486968855893, 0.2074544625203307, 0.07000000000000002));
#1438 = CARTESIAN_POINT('', (-0.2803948062220354, 0.20744736695660435, 0.07000000000000002));
#1439 = CARTESIAN_POINT('', (-0.28113612859642323, 0.20731482749100197, 0.07));
#1440 = CARTESIAN_POINT('', (-0.2811824106793993, 0.2073065528148873, 0.07));
#1441 = CARTESIAN_POINT('', (-0.2819258331793422, 0.2071548200024334, 0.07));
#1442 = CARTESIAN_POINT('', (-0.2819722463769165, 0.20714534705131413, 0.07));
#1443 = CARTESIAN_POINT('', (-0.2825524915924045, 0.20701197391191944, 0.07));
#1444 = CARTESIAN_POINT('', (-0.2827170776856068, 0.20697414272716314, 0.07));
#1445 = CARTESIAN_POINT('', (-0.2827635788376332, 0.20696345413470998, 0.07));
#1446 = CARTESIAN_POINT('', (-0.28350910454632405, 0.2067725309118002, 0.07));
#1447 = CARTESIAN_POINT('', (-0.2835556490509856, 0.20676061123319608, 0.07));
#1448 = CARTESIAN_POINT('', (-0.28430113322276535, 0.20654975444199078, 0.07));
#1449 = CARTESIAN_POINT('', (-0.2843476751342033, 0.20653659027503213, 0.07));
#1450 = CARTESIAN_POINT('', (-0.2846666666666667, 0.2064376525624533, 0.07));
#1451 = CARTESIAN_POINT('', (-0.2850923620432793, 0.2063056198201038, 0.07));
#1452 = CARTESIAN_POINT('', (-0.2851388541801793, 0.2062911999211107, 0.07));
#1453 = CARTESIAN_POINT('', (-0.28588197022282175, 0.20603997203727883, 0.07));
#1454 = CARTESIAN_POINT('', (-0.28592836428771806, 0.20602428743073367, 0.07));
#1455 = CARTESIAN_POINT('', (-0.28616607785814147, 0.20593713199467178, 0.07));
#1456 = CARTESIAN_POINT('', (-0.2866691200591615, 0.2057526963214818, 0.07));
#1457 = CARTESIAN_POINT('', (-0.2867153667681014, 0.20573574040231865, 0.07));
#1458 = CARTESIAN_POINT('', (-0.2874529592978078, 0.205443719743444, 0.07));
#1459 = CARTESIAN_POINT('', (-0.2874990085199032, 0.20542548837092417, 0.07));
#1460 = CARTESIAN_POINT('', (-0.2882326236556891, 0.20511301266283388, 0.07));
#1461 = CARTESIAN_POINT('', (-0.28827842456196145, 0.2050935042449721, 0.07));
#1462 = CARTESIAN_POINT('', (-0.28848312379091223, 0.205, 0.07));
#1463 = B_SPLINE_CURVE_WITH_KNOTS('', 2, (#1422, #1423, #1424, #1425, #1426, #1427, #1428, #1429, #1430, #1431, #1432, #1433, #1434, #1435, #1436, #1437, #1438, #1439, #1440, #1441, #1442, #1443, #1444, #1445, #1446, #1447, #1448, #1449, #1450, #1451, #1452, #1453, #1454, #1455, #1456, #1457, #1458, #1459, #1460, #1461, #1462), .UNSPECIFIED., .F., .F., (3, 1, 1, 1, 1, 1, 1, 1, 1, 1, 1, 1, 1, 1, 1, 1, 1, 1, 1, 1, 1, 1, 1, 1, 1, 1, 1, 1, 1, 1, 1, 1, 1, 1, 1, 1, 1, 1, 1, 3), (0, 0.02564102564102564, 0.05128205128205128, 0.07692307692307693, 0.10256410256410256, 0.1282051282051282, 0.15384615384615385, 0.1794871794871795, 0.20512820512820512, 0.23076923076923075, 0.2564102564102564, 0.28205128205128205, 0.3076923076923077, 0.3333333333333333, 0.358974358974359, 0.3846153846153846, 0.41025641025641024, 0.4358974358974359, 0.4615384615384615, 0.48717948717948717, 0.5128205128205128, 0.5384615384615385, 0.5641025641025641, 0.5897435897435898, 0.6153846153846154, 0.641025641025641, 0.6666666666666667, 0.6923076923076923, 0.717948717948718, 0.7435897435897436, 0.7692307692307693, 0.7948717948717949, 0.8205128205128205, 0.8461538461538461, 0.8717948717948718, 0.8974358974358975, 0.9230769230769231, 0.9487179487179487, 0.9743589743589743, 1), .UNSPECIFIED.);
#1464 = CARTESIAN_POINT('', (-0.29, 0.20587980930497463, 0.015));
#1465 = CARTESIAN_POINT('', (-0.29009637507057345, 0.20583266315160048, 0.0150022192734218));
#1466 = CARTESIAN_POINT('', (-0.29023015259354046, 0.205767219924651, 0.01500529983045162));
#1467 = CARTESIAN_POINT('', (-0.29045570956583044, 0.20565657257351003, 0.015020998692741334));
#1468 = CARTESIAN_POINT('', (-0.29046398124935796, 0.2056525148852794, 0.015021574405472731));
#1469 = CARTESIAN_POINT('', (-0.29046976139811514, 0.20564967138766538, 0.015022252465861946));
#1470 = CARTESIAN_POINT('', (-0.2904783572913658, 0.20564516129032256, 0.01502326083692089));
#1471 = CARTESIAN_POINT('', (-0.29050144675471506, 0.2056330466997544, 0.015025969426468156));
#1472 = CARTESIAN_POINT('', (-0.290700783004469, 0.20552845886180293, 0.01504935325632625));
#1473 = CARTESIAN_POINT('', (-0.29084248331862717, 0.20545390624364918, 0.015072926525659893));
#1474 = CARTESIAN_POINT('', (-0.29088888049325007, 0.20542949535321736, 0.015080645161290323));
#1475 = CARTESIAN_POINT('', (-0.29093978207694193, 0.20540271456338674, 0.015089113150574656));
#1476 = CARTESIAN_POINT('', (-0.29109165908044987, 0.2053225806451613, 0.01512206903776572));
#1477 = CARTESIAN_POINT('', (-0.29118013387057007, 0.20527589924223158, 0.015141267238514413));
#1478 = CARTESIAN_POINT('', (-0.2912214000410016, 0.20525406228743123, 0.015152387166528067));
#1479 = CARTESIAN_POINT('', (-0.2912377321948617, 0.20524541974798777, 0.015156788165538457));
#1480 = CARTESIAN_POINT('', (-0.29126280768752727, 0.205232150467262, 0.0151635452178753));
#1481 = CARTESIAN_POINT('', (-0.29142093076758424, 0.20514312455790207, 0.015206154387787135));
#1482 = CARTESIAN_POINT('', (-0.2916516318033484, 0.20501285863464377, 0.015280924810891374));
#1483 = CARTESIAN_POINT('', (-0.2916612097481831, 0.20500745042387147, 0.015284029031838571));
#1484 = CARTESIAN_POINT('', (-0.2916743645881478, 0.20500000000000002, 0.01528904423874628));
#1485 = B_SPLINE_CURVE_WITH_KNOTS('', 2, (#1464, #1465, #1466, #1467, #1468, #1469, #1470, #1471, #1472, #1473, #1474, #1475, #1476, #1477, #1478, #1479, #1480, #1481, #1482, #1483, #1484), .UNSPECIFIED., .F., .F., (3, 1, 1, 1, 1, 1, 1, 1, 1, 1, 1, 1, 1, 1, 1, 1, 1, 1, 1, 3), (0, 0.05263157894736842, 0.10526315789473684, 0.15789473684210525, 0.21052631578947367, 0.2631578947368421, 0.3157894736842105, 0.3684210526315789, 0.42105263157894735, 0.47368421052631576, 0.5263157894736843, 0.5789473684210527, 0.631578947368421, 0.6842105263157895, 0.736842105263158, 0.7894736842105263, 0.8421052631578947, 0.8947368421052632, 0.9473684210526316, 1), .UNSPECIFIED.);
#1486 = CARTESIAN_POINT('', (-0.29167438368785226, 0.20500000000000002, 0.015288690282602633));
#1487 = CARTESIAN_POINT('', (-0.29167048945666, 0.205, 0.01536085826115212));
#1488 = CARTESIAN_POINT('', (-0.2916486157478188, 0.205, 0.015766222316988227));
#1489 = CARTESIAN_POINT('', (-0.291611631624757, 0.205, 0.016451612903225808));
#1490 = CARTESIAN_POINT('', (-0.29156889685962256, 0.205, 0.017243574515490603));
#1491 = CARTESIAN_POINT('', (-0.2915376533112236, 0.205, 0.017822580645161287));
#1492 = CARTESIAN_POINT('', (-0.2914891649989108, 0.205, 0.018721167120937618));
#1493 = CARTESIAN_POINT('', (-0.2914636749976903, 0.205, 0.019193548387096773));
#1494 = CARTESIAN_POINT('', (-0.29140942012166093, 0.205, 0.020199000949156335));
#1495 = CARTESIAN_POINT('', (-0.291389696684157, 0.205, 0.020564516129032255));
#1496 = CARTESIAN_POINT('', (-0.2913296621836509, 0.205, 0.021677076819669502));
#1497 = CARTESIAN_POINT('', (-0.29131571837062353, 0.205, 0.02193548387096774));
#1498 = CARTESIAN_POINT('', (-0.2912498911404586, 0.205, 0.0231553955557156));
#1499 = CARTESIAN_POINT('', (-0.2912417400570903, 0.205, 0.023306451612903227));
#1500 = CARTESIAN_POINT('', (-0.29117010694745915, 0.205, 0.02463395798427205));
#1501 = CARTESIAN_POINT('', (-0.2911677617435568, 0.205, 0.02467741935483871));
#1502 = CARTESIAN_POINT('', (-0.2911379267794443, 0.205, 0.025230321569372983));
#1503 = CARTESIAN_POINT('', (-0.2910915834434274, 0.205, 0.02604838709677419));
#1504 = CARTESIAN_POINT('', (-0.29108771474853923, 0.205, 0.02611667838083063));
#1505 = CARTESIAN_POINT('', (-0.29101391824839745, 0.205, 0.02741935483870967));
#1506 = CARTESIAN_POINT('', (-0.291003554287521, 0.205, 0.02760230237440745));
#1507 = CARTESIAN_POINT('', (-0.29093625305336734, 0.205, 0.02879032258064516));
#1508 = CARTESIAN_POINT('', (-0.2909193789343129, 0.205, 0.029088189249083605));
#1509 = CARTESIAN_POINT('', (-0.2908636336518175, 0.205, 0.03007222056499961));
#1510 = CARTESIAN_POINT('', (-0.29085858785833735, 0.205, 0.030161290322580643));
#1511 = CARTESIAN_POINT('', (-0.29083518863763963, 0.205, 0.030574339909987692));
#1512 = CARTESIAN_POINT('', (-0.2907809226633074, 0.205, 0.03153225806451613));
#1513 = CARTESIAN_POINT('', (-0.29075098334599, 0.205, 0.03206075526640866));
#1514 = CARTESIAN_POINT('', (-0.29070325746827747, 0.205, 0.032903225806451615));
#1515 = CARTESIAN_POINT('', (-0.290689277733172, 0.205, 0.03315));
#1516 = CARTESIAN_POINT('', (-0.2906667630076157, 0.205, 0.033547436231819515));
#1517 = CARTESIAN_POINT('', (-0.29062559227324736, 0.205, 0.034274193548387094));
#1518 = CARTESIAN_POINT('', (-0.29058252757053027, 0.205, 0.03503438372390102));
#1519 = CARTESIAN_POINT('', (-0.29054792707821747, 0.205, 0.03564516129032259));
#1520 = CARTESIAN_POINT('', (-0.29049827698250746, 0.205, 0.036521598664566585));
#1521 = CARTESIAN_POINT('', (-0.29047026188318736, 0.205, 0.037016129032258066));
#1522 = CARTESIAN_POINT('', (-0.2904140111910801, 0.205, 0.038009081979985856));
#1523 = CARTESIAN_POINT('', (-0.2903925966881576, 0.205, 0.03838709677419355));
#1524 = CARTESIAN_POINT('', (-0.2903297301435375, 0.205, 0.039496834600611104));
#1525 = CARTESIAN_POINT('', (-0.2903149314931274, 0.205, 0.039758064516129024));
#1526 = CARTESIAN_POINT('', (-0.29024543378692635, 0.205, 0.04098485746119893));
#1527 = CARTESIAN_POINT('', (-0.2902372662980975, 0.205, 0.04112903225806451));
#1528 = CARTESIAN_POINT('', (-0.29016112206804695, 0.205, 0.04247315150083854));
#1529 = CARTESIAN_POINT('', (-0.2901596011030674, 0.205, 0.04249999999999999));
#1530 = CARTESIAN_POINT('', (-0.2901418537599795, 0.205, 0.04281328106327701));
#1531 = CARTESIAN_POINT('', (-0.2900787612212947, 0.205, 0.04387096774193549));
#1532 = CARTESIAN_POINT('', (-0.2900729954171944, 0.205, 0.04396762598894606));
#1533 = CARTESIAN_POINT('', (-0.28999698101451055, 0.205, 0.04524193548387097));
#1534 = CARTESIAN_POINT('', (-0.2899837261227558, 0.205, 0.045464141195169686));
#1535 = CARTESIAN_POINT('', (-0.2899152008077262, 0.205, 0.04661290322580645));
#1536 = CARTESIAN_POINT('', (-0.28989443929068004, 0.205, 0.04696095040327259));
#1537 = CARTESIAN_POINT('', (-0.28983342060094197, 0.205, 0.047983870967741926));
#1538 = CARTESIAN_POINT('', (-0.28982428256047865, 0.205, 0.04813706156473697));
#1539 = CARTESIAN_POINT('', (-0.28980513485929205, 0.205, 0.04845805464718746));
#1540 = CARTESIAN_POINT('', (-0.28975164039415763, 0.205, 0.049354838709677426));
#1541 = CARTESIAN_POINT('', (-0.2897158127666263, 0.205, 0.04995545496570088));
#1542 = CARTESIAN_POINT('', (-0.28966986018737334, 0.205, 0.0507258064516129));
#1543 = CARTESIAN_POINT('', (-0.2896264729504265, 0.205, 0.05145315240248198));
#1544 = CARTESIAN_POINT('', (-0.2896028004178102, 0.205, 0.05184999999999999));
#1545 = CARTESIAN_POINT('', (-0.28958807998058905, 0.205, 0.052096774193548384));
#1546 = CARTESIAN_POINT('', (-0.2895371153481435, 0.205, 0.052951148006110664));
#1547 = CARTESIAN_POINT('', (-0.2895062997738048, 0.205, 0.05346774193548387));
#1548 = CARTESIAN_POINT('', (-0.2894477398969333, 0.205, 0.054449442830106935));
#1549 = CARTESIAN_POINT('', (-0.28942451956702053, 0.205, 0.054838709677419356));
#1550 = CARTESIAN_POINT('', (-0.2893583465336552, 0.205, 0.05594803793295985));
#1551 = CARTESIAN_POINT('', (-0.2893427393602362, 0.205, 0.05620967741935482));
#1552 = CARTESIAN_POINT('', (-0.289268935194871, 0.205, 0.057446934378156955));
#1553 = CARTESIAN_POINT('', (-0.2892609591534519, 0.205, 0.05758064516129031));
#1554 = CARTESIAN_POINT('', (-0.2891795058168421, 0.205, 0.05894613323421361));
#1555 = CARTESIAN_POINT('', (-0.28917917894666767, 0.205, 0.058951612903225814));
#1556 = CARTESIAN_POINT('', (-0.2891756885547454, 0.205, 0.05901012601929997));
#1557 = CARTESIAN_POINT('', (-0.28909297970570885, 0.205, 0.060322580645161286));
#1558 = CARTESIAN_POINT('', (-0.2890846830236858, 0.205, 0.060454235465985134));
#1559 = CARTESIAN_POINT('', (-0.2890065834511126, 0.205, 0.06169354838709677));
#1560 = CARTESIAN_POINT('', (-0.28898959993472106, 0.205, 0.06196304911055115));
#1561 = CARTESIAN_POINT('', (-0.2889201871965164, 0.205, 0.06306451612903226));
#1562 = CARTESIAN_POINT('', (-0.2888944960690453, 0.205, 0.06347219244765824));
#1563 = CARTESIAN_POINT('', (-0.28883379094192024, 0.205, 0.06443548387096774));
#1564 = CARTESIAN_POINT('', (-0.2887993713520302, 0.205, 0.06498166666153436));
#1565 = CARTESIAN_POINT('', (-0.28874739468732413, 0.205, 0.06580645161290322));
#1566 = CARTESIAN_POINT('', (-0.28872479010392227, 0.205, 0.0661651495079525));
#1567 = CARTESIAN_POINT('', (-0.2887042257086898, 0.205, 0.06649147294208585));
#1568 = CARTESIAN_POINT('', (-0.2886609984327279, 0.205, 0.0671774193548387));
#1569 = CARTESIAN_POINT('', (-0.28860905906367806, 0.205, 0.06800161248493135));
#1570 = CARTESIAN_POINT('', (-0.28857460217813174, 0.205, 0.06854838709677419));
#1571 = CARTESIAN_POINT('', (-0.28851387134128664, 0.205, 0.06951208649143634));
#1572 = CARTESIAN_POINT('', (-0.28849503050621955, 0.205, 0.0698110598350013));
#1573 = CARTESIAN_POINT('', (-0.28848312379101776, 0.205, 0.06999999999832739));
#1574 = B_SPLINE_CURVE_WITH_KNOTS('', 2, (#1486, #1487, #1488, #1489, #1490, #1491, #1492, #1493, #1494, #1495, #1496, #1497, #1498, #1499, #1500, #1501, #1502, #1503, #1504, #1505, #1506, #1507, #1508, #1509, #1510, #1511, #1512, #1513, #1514, #1515, #1516, #1517, #1518, #1519, #1520, #1521, #1522, #1523, #1524, #1525, #1526, #1527, #1528, #1529, #1530, #1531, #1532, #1533, #1534, #1535, #1536, #1537, #1538, #1539, #1540, #1541, #1542, #1543, #1544, #1545, #1546, #1547, #1548, #1549, #1550, #1551, #1552, #1553, #1554, #1555, #1556, #1557, #1558, #1559, #1560, #1561, #1562, #1563, #1564, #1565, #1566, #1567, #1568, #1569, #1570, #1571, #1572, #1573), .UNSPECIFIED., .F., .F., (3, 1, 1, 1, 1, 1, 1, 1, 1, 1, 1, 1, 1, 1, 1, 1, 1, 1, 1, 1, 1, 1, 1, 1, 1, 1, 1, 1, 1, 1, 1, 1, 1, 1, 1, 1, 1, 1, 1, 1, 1, 1, 1, 1, 1, 1, 1, 1, 1, 1, 1, 1, 1, 1, 1, 1, 1, 1, 1, 1, 1, 1, 1, 1, 1, 1, 1, 1, 1, 1, 1, 1, 1, 1, 1, 1, 1, 1, 1, 1, 1, 1, 1, 1, 1, 1, 3), (0.00950525212743194, 0.011627906976744186, 0.023255813953488372, 0.03488372093023256, 0.046511627906976744, 0.05813953488372093, 0.06976744186046512, 0.08139534883720931, 0.09302325581395349, 0.10465116279069767, 0.11627906976744186, 0.12790697674418605, 0.13953488372093023, 0.1511627906976744, 0.16279069767441862, 0.1744186046511628, 0.18604651162790697, 0.19767441860465115, 0.20930232558139533, 0.22093023255813954, 0.23255813953488372, 0.2441860465116279, 0.2558139534883721, 0.26744186046511625, 0.27906976744186046, 0.29069767441860467, 0.3023255813953488, 0.313953488372093, 0.32558139534883723, 0.3372093023255814, 0.3488372093023256, 0.36046511627906974, 0.37209302325581395, 0.38372093023255816, 0.3953488372093023, 0.4069767441860465, 0.41860465116279066, 0.43023255813953487, 0.4418604651162791, 0.45348837209302323, 0.46511627906976744, 0.47674418604651164, 0.4883720930232558, 0.5, 0.5116279069767442, 0.5232558139534884, 0.5348837209302326, 0.5465116279069768, 0.5581395348837209, 0.5697674418604651, 0.5813953488372093, 0.5930232558139534, 0.6046511627906976, 0.6162790697674418, 0.627906976744186, 0.6395348837209303, 0.6511627906976745, 0.6627906976744187, 0.6744186046511628, 0.686046511627907, 0.6976744186046512, 0.7093023255813953, 0.7209302325581395, 0.7325581395348837, 0.7441860465116279, 0.7558139534883721, 0.7674418604651163, 0.7790697674418605, 0.7906976744186047, 0.8023255813953488, 0.813953488372093, 0.8255813953488372, 0.8372093023255813, 0.8488372093023255, 0.8604651162790697, 0.872093023255814, 0.8837209302325582, 0.8953488372093024, 0.9069767441860466, 0.9186046511627907, 0.9302325581395349, 0.9418604651162791, 0.9534883720930233, 0.9651162790697675, 0.9767441860465116, 0.9883720930232558, 0.9938161448705864), .UNSPECIFIED.);
#1575 = DIRECTION('', (-1, -0, 0));
#1576 = VECTOR('', #1575, 1);
#1577 = CARTESIAN_POINT('', (-0.28848312379091223, 0.205, 0.07));
#1578 = LINE('', #1577, #1576);
#1579 = DIRECTION('', (0, -1, 0));
#1580 = VECTOR('', #1579, 1);
#1581 = CARTESIAN_POINT('', (-0.21, 0.21, 0.015));
#1582 = LINE('', #1581, #1580);
#1583 = DIRECTION('', (0, -1, 0));
#1584 = VECTOR('', #1583, 1);
#1585 = CARTESIAN_POINT('', (-0.205, 0.21, 0.02));
#1586 = LINE('', #1585, #1584);
#1587 = DIRECTION('', (0, -1, 0));
#1588 = VECTOR('', #1587, 1);
#1589 = CARTESIAN_POINT('', (-0.205, 0.21000000000000002, 0.065));
#1590 = LINE('', #1589, #1588);
#1591 = DIRECTION('', (0, -1, 0));
#1592 = VECTOR('', #1591, 1);
#1593 = CARTESIAN_POINT('', (-0.21, 0.20999999999999996, 0.07));
#1594 = LINE('', #1593, #1592);
#1595 = DIRECTION('', (0, -0, 1));
#1596 = VECTOR('', #1595, 1);
#1597 = CARTESIAN_POINT('', (-0.275, 0.21, 0.06999999999999998));
#1598 = LINE('', #1597, #1596);
#1599 = DIRECTION('', (0, -1, 0));
#1600 = VECTOR('', #1599, 1);
#1601 = CARTESIAN_POINT('', (-0.29, 0.20662206732759636, 0.015));
#1602 = LINE('', #1601, #1600);
#1603 = DIRECTION('', (0, -1, 0));
#1604 = VECTOR('', #1603, 1);
#1605 = CARTESIAN_POINT('', (-0.29, 0.20662206732759633, 0.07));
#1606 = LINE('', #1605, #1604);
#1607 = DIRECTION('', (-0.604861316795731, -0.0000000000004718003765446775, -0.7963308278875899));
#1608 = DIRECTION('', (0.00000000000022671388947281962, -1, 0.00000000000042026492395131536));
#1609 = CARTESIAN_POINT('', (-0.28999999999999976, 0.20500000000000235, 0.020000000000000247));
#1610 = AXIS2_PLACEMENT_3D('', #1609, #1608, #1607);
#1611 = CIRCLE('', #1610, 0.005000000000000308);
#1612 = DIRECTION('', (0, 0.026176948307876483, -0.9996573249755573));
#1613 = VECTOR('', #1612, 1);
#1614 = CARTESIAN_POINT('', (-0.275, 0.20933301450984304, 0.015000000000000005));
#1615 = LINE('', #1614, #1613);
#1616 = DIRECTION('', (1, -0, 0));
#1617 = VECTOR('', #1616, 1);
#1618 = CARTESIAN_POINT('', (0.26, -0.21, 0.0375));
#1619 = LINE('', #1618, #1617);
#1620 = DIRECTION('', (-1, -0, 0));
#1621 = VECTOR('', #1620, 1);
#1622 = CARTESIAN_POINT('', (0.275, -0.21, 0.0475));
#1623 = LINE('', #1622, #1621);
#1624 = DIRECTION('', (0, -0, -1));
#1625 = VECTOR('', #1624, 1);
#1626 = CARTESIAN_POINT('', (0.26, -0.21, 0.0475));
#1627 = LINE('', #1626, #1625);
#1628 = CARTESIAN_POINT('', (0.275, -0.21, 0.0375));
#1629 = CARTESIAN_POINT('', (0.27551896085189237, -0.20999405318517292, 0.0375));
#1630 = CARTESIAN_POINT('', (0.27580203040747, -0.20999080946799453, 0.0375));
#1631 = CARTESIAN_POINT('', (0.2763255254204364, -0.20997275116842315, 0.0375));
#1632 = CARTESIAN_POINT('', (0.2766110681547817, -0.20996290118683872, 0.0375));
#1633 = CARTESIAN_POINT('', (0.2771387310985668, -0.20993241263271273, 0.0375));
#1634 = CARTESIAN_POINT('', (0.27714285714285714, -0.20993217422839394, 0.0375));
#1635 = CARTESIAN_POINT('', (0.27742654724972227, -0.20991578251228044, 0.0375));
#1636 = CARTESIAN_POINT('', (0.27795799057052534, -0.20987255681483996, 0.0375));
#1637 = CARTESIAN_POINT('', (0.2782478687455089, -0.2098489791616906, 0.0375));
#1638 = CARTESIAN_POINT('', (0.27878268383263116, -0.20979272283046418, 0.0375));
#1639 = CARTESIAN_POINT('', (0.2790744011528797, -0.20976203755888617, 0.0375));
#1640 = CARTESIAN_POINT('', (0.27961215872125883, -0.20969247203624666, 0.0375));
#1641 = CARTESIAN_POINT('', (0.27990548103128376, -0.20965452720571606, 0.0375));
#1642 = CARTESIAN_POINT('', (0.2804457316244631, -0.2095713904094064, 0.0375));
#1643 = CARTESIAN_POINT('', (0.2807404137661973, -0.20952604306596476, 0.0375));
#1644 = CARTESIAN_POINT('', (0.2808443548803382, -0.20950745965313614, 0.0375));
#1645 = CARTESIAN_POINT('', (0.28128268838362996, -0.20942909092950235, 0.0375));
#1646 = CARTESIAN_POINT('', (0.2815784745385933, -0.2093762079459774, 0.0375));
#1647 = CARTESIAN_POINT('', (0.2821222853902222, -0.20926521594618322, 0.0375));
#1648 = CARTESIAN_POINT('', (0.2824189094911107, -0.20920467485538646, 0.0375));
#1649 = CARTESIAN_POINT('', (0.28285714285714286, -0.2091039440638951, 0.0375));
#1650 = CARTESIAN_POINT('', (0.2829637508812083, -0.20907943951568903, 0.0375));
#1651 = CARTESIAN_POINT('', (0.2832609370939888, -0.20901112933039948, 0.0375));
#1652 = CARTESIAN_POINT('', (0.2838062864351622, -0.20887146968806286, 0.0375));
#1653 = CARTESIAN_POINT('', (0.28410374971216573, -0.2087952917013338, 0.0375));
#1654 = CARTESIAN_POINT('', (0.28464906866923595, -0.2086410507263755, 0.0375));
#1655 = CARTESIAN_POINT('', (0.28494651537309246, -0.2085569192854892, 0.0375));
#1656 = CARTESIAN_POINT('', (0.28549125113539797, -0.20838796523875883, 0.0375));
#1657 = CARTESIAN_POINT('', (0.2856673934251156, -0.20833333333333337, 0.0375));
#1658 = CARTESIAN_POINT('', (0.28578837973301924, -0.20829580848599683, 0.037500000000000006));
#1659 = CARTESIAN_POINT('', (0.28633196641224884, -0.2081120362037886, 0.037500000000000006));
#1660 = CARTESIAN_POINT('', (0.28662846823728316, -0.20801179677712955, 0.037500000000000006));
#1661 = CARTESIAN_POINT('', (0.2871703283867252, -0.20781312886967648, 0.037500000000000006));
#1662 = CARTESIAN_POINT('', (0.28746588846823895, -0.20770476455652026, 0.037500000000000006));
#1663 = CARTESIAN_POINT('', (0.288005434717869, -0.20749115250790995, 0.037500000000000006));
#1664 = CARTESIAN_POINT('', (0.28829973267221265, -0.2073746368450316, 0.037500000000000006));
#1665 = CARTESIAN_POINT('', (0.2885714285714286, -0.2072589108132864, 0.037500000000000006));
#1666 = CARTESIAN_POINT('', (0.28883636947267305, -0.20714606200240449, 0.037500000000000006));
#1667 = CARTESIAN_POINT('', (0.2891290804547423, -0.20702138481551696, 0.037500000000000006));
#1668 = CARTESIAN_POINT('', (0.2896622059218773, -0.20677785925591735, 0.037500000000000006));
#1669 = CARTESIAN_POINT('', (0.28995300163122373, -0.20664502713249935, 0.037500000000000006));
#1670 = CARTESIAN_POINT('', (0.29048200948148645, -0.20638659439641893, 0.037500000000000006));
#1671 = CARTESIAN_POINT('', (0.2907705592179934, -0.20624563108582958, 0.037500000000000006));
#1672 = CARTESIAN_POINT('', (0.29129484078374335, -0.2059723667673288, 0.037500000000000006));
#1673 = CARTESIAN_POINT('', (0.29158081254687973, -0.20582331350269198, 0.0375));
#1674 = CARTESIAN_POINT('', (0.2920997588593526, -0.20553532568700875, 0.0375));
#1675 = CARTESIAN_POINT('', (0.2923828204843377, -0.2053782414239088, 0.0375));
#1676 = CARTESIAN_POINT('', (0.29289582441102996, -0.20507567096459367, 0.0375));
#1677 = CARTESIAN_POINT('', (0.2930241234593277, -0.205, 0.0375));
#1678 = B_SPLINE_CURVE_WITH_KNOTS('', 2, (#1628, #1629, #1630, #1631, #1632, #1633, #1634, #1635, #1636, #1637, #1638, #1639, #1640, #1641, #1642, #1643, #1644, #1645, #1646, #1647, #1648, #1649, #1650, #1651, #1652, #1653, #1654, #1655, #1656, #1657, #1658, #1659, #1660, #1661, #1662, #1663, #1664, #1665, #1666, #1667, #1668, #1669, #1670, #1671, #1672, #1673, #1674, #1675, #1676, #1677), .UNSPECIFIED., .F., .F., (3, 1, 1, 1, 1, 1, 1, 1, 1, 1, 1, 1, 1, 1, 1, 1, 1, 1, 1, 1, 1, 1, 1, 1, 1, 1, 1, 1, 1, 1, 1, 1, 1, 1, 1, 1, 1, 1, 1, 1, 1, 1, 1, 1, 1, 1, 1, 1, 3), (0, 0.020833333333333332, 0.041666666666666664, 0.0625, 0.08333333333333333, 0.10416666666666666, 0.125, 0.14583333333333331, 0.16666666666666666, 0.1875, 0.20833333333333331, 0.22916666666666666, 0.25, 0.2708333333333333, 0.29166666666666663, 0.3125, 0.3333333333333333, 0.35416666666666663, 0.375, 0.3958333333333333, 0.41666666666666663, 0.4375, 0.4583333333333333, 0.47916666666666663, 0.5, 0.5208333333333334, 0.5416666666666667, 0.5625, 0.5833333333333334, 0.6041666666666667, 0.625, 0.6458333333333334, 0.6666666666666667, 0.6875, 0.7083333333333334, 0.7291666666666667, 0.75, 0.7708333333333334, 0.7916666666666667, 0.8125, 0.8333333333333334, 0.8541666666666667, 0.875, 0.8958333333333334, 0.9166666666666666, 0.9375, 0.9583333333333334, 0.9791666666666666, 1), .UNSPECIFIED.);
#1679 = CARTESIAN_POINT('', (0.275, -0.21, 0.0475));
#1680 = CARTESIAN_POINT('', (0.27528306955557763, -0.2099967562828216, 0.0475));
#1681 = CARTESIAN_POINT('', (0.27580203040747, -0.20999080946799453, 0.0475));
#1682 = CARTESIAN_POINT('', (0.2760875731418153, -0.2099809594864101, 0.0475));
#1683 = CARTESIAN_POINT('', (0.2766110681547817, -0.20996290118683872, 0.0475));
#1684 = CARTESIAN_POINT('', (0.2768988843059372, -0.2099462710664064, 0.0475));
#1685 = CARTESIAN_POINT('', (0.27714285714285714, -0.20993217422839397, 0.0475));
#1686 = CARTESIAN_POINT('', (0.27742654724972227, -0.20991578251228044, 0.0475));
#1687 = CARTESIAN_POINT('', (0.27771642542470576, -0.20989220485913104, 0.0475));
#1688 = CARTESIAN_POINT('', (0.2782478687455089, -0.2098489791616906, 0.0475));
#1689 = CARTESIAN_POINT('', (0.27853958606575735, -0.20981829389011256, 0.0475));
#1690 = CARTESIAN_POINT('', (0.2790744011528797, -0.20976203755888617, 0.0475));
#1691 = CARTESIAN_POINT('', (0.2793677234629046, -0.20972409272835554, 0.0475));
#1692 = CARTESIAN_POINT('', (0.27949810270481795, -0.20970722657781046, 0.0475));
#1693 = CARTESIAN_POINT('', (0.27990548103128376, -0.20965452720571606, 0.0475));
#1694 = CARTESIAN_POINT('', (0.280200163173018, -0.2096091798622744, 0.0475));
#1695 = CARTESIAN_POINT('', (0.2807404137661973, -0.20952604306596476, 0.0475));
#1696 = CARTESIAN_POINT('', (0.2810361999211606, -0.2094731600824398, 0.0475));
#1697 = CARTESIAN_POINT('', (0.2815784745385933, -0.2093762079459774, 0.0475));
#1698 = CARTESIAN_POINT('', (0.2818750986394818, -0.2093156668551806, 0.0475));
#1699 = CARTESIAN_POINT('', (0.2824189094911107, -0.20920467485538646, 0.0475));
#1700 = CARTESIAN_POINT('', (0.2827160957038912, -0.2091363646700969, 0.0475));
#1701 = CARTESIAN_POINT('', (0.28285714285714286, -0.2091039440638951, 0.0475));
#1702 = CARTESIAN_POINT('', (0.28326093709398886, -0.20901112933039953, 0.0475));
#1703 = CARTESIAN_POINT('', (0.28355840037099245, -0.20893495134367046, 0.0475));
#1704 = CARTESIAN_POINT('', (0.28378778481207145, -0.2088762078070417, 0.0475));
#1705 = CARTESIAN_POINT('', (0.28410374971216573, -0.2087952917013338, 0.0475));
#1706 = CARTESIAN_POINT('', (0.28440119641602224, -0.20871116026044745, 0.0475));
#1707 = CARTESIAN_POINT('', (0.28494651537309246, -0.2085569192854892, 0.0475));
#1708 = CARTESIAN_POINT('', (0.28524364397071367, -0.20846476253272717, 0.0475));
#1709 = CARTESIAN_POINT('', (0.2856673934251156, -0.20833333333333334, 0.0475));
#1710 = CARTESIAN_POINT('', (0.28578837973301924, -0.2082958084859968, 0.04750000000000001));
#1711 = CARTESIAN_POINT('', (0.28608488155805356, -0.20819556905933778, 0.04750000000000001));
#1712 = CARTESIAN_POINT('', (0.28662846823728316, -0.20801179677712955, 0.04750000000000001));
#1713 = CARTESIAN_POINT('', (0.28692402831879693, -0.20790343246397333, 0.04750000000000001));
#1714 = CARTESIAN_POINT('', (0.2874658884682389, -0.20770476455652026, 0.04750000000000001));
#1715 = CARTESIAN_POINT('', (0.2874825642086858, -0.20769816245506673, 0.04750000000000001));
#1716 = CARTESIAN_POINT('', (0.2877601864225826, -0.2075882488936419, 0.04750000000000001));
#1717 = CARTESIAN_POINT('', (0.28829973267221265, -0.2073746368450316, 0.04750000000000001));
#1718 = CARTESIAN_POINT('', (0.2885714285714286, -0.2072589108132864, 0.04750000000000001));
#1719 = CARTESIAN_POINT('', (0.2885924436542819, -0.2072499596581441, 0.04750000000000001));
#1720 = CARTESIAN_POINT('', (0.2891290804547423, -0.20702138481551696, 0.0475));
#1721 = CARTESIAN_POINT('', (0.28941987616408865, -0.206888552692099, 0.0475));
#1722 = CARTESIAN_POINT('', (0.2899530016312237, -0.20664502713249933, 0.0475));
#1723 = CARTESIAN_POINT('', (0.2902415513677306, -0.20650406382191003, 0.0475));
#1724 = CARTESIAN_POINT('', (0.29073585763704735, -0.20626258362161096, 0.0475));
#1725 = CARTESIAN_POINT('', (0.2907705592179934, -0.20624563108582958, 0.0475));
#1726 = CARTESIAN_POINT('', (0.29105653098112977, -0.20609657782119278, 0.0475));
#1727 = CARTESIAN_POINT('', (0.29158081254687973, -0.205823313502692, 0.0475));
#1728 = CARTESIAN_POINT('', (0.2918638741718649, -0.20566622923959205, 0.0475));
#1729 = CARTESIAN_POINT('', (0.2923828204843377, -0.2053782414239088, 0.0475));
#1730 = CARTESIAN_POINT('', (0.292662640807988, -0.20521320299155507, 0.0475));
#1731 = CARTESIAN_POINT('', (0.29302412345932766, -0.205, 0.0475));
#1732 = B_SPLINE_CURVE_WITH_KNOTS('', 2, (#1679, #1680, #1681, #1682, #1683, #1684, #1685, #1686, #1687, #1688, #1689, #1690, #1691, #1692, #1693, #1694, #1695, #1696, #1697, #1698, #1699, #1700, #1701, #1702, #1703, #1704, #1705, #1706, #1707, #1708, #1709, #1710, #1711, #1712, #1713, #1714, #1715, #1716, #1717, #1718, #1719, #1720, #1721, #1722, #1723, #1724, #1725, #1726, #1727, #1728, #1729, #1730, #1731), .UNSPECIFIED., .F., .F., (3, 1, 1, 1, 1, 1, 1, 1, 1, 1, 1, 1, 1, 1, 1, 1, 1, 1, 1, 1, 1, 1, 1, 1, 1, 1, 1, 1, 1, 1, 1, 1, 1, 1, 1, 1, 1, 1, 1, 1, 1, 1, 1, 1, 1, 1, 1, 1, 1, 1, 1, 3), (0, 0.0196078431372549, 0.0392156862745098, 0.058823529411764705, 0.0784313725490196, 0.09803921568627451, 0.11764705882352941, 0.13725490196078433, 0.1568627450980392, 0.1764705882352941, 0.19607843137254902, 0.21568627450980393, 0.23529411764705882, 0.2549019607843137, 0.27450980392156865, 0.29411764705882354, 0.3137254901960784, 0.3333333333333333, 0.3529411764705882, 0.37254901960784315, 0.39215686274509803, 0.4117647058823529, 0.43137254901960786, 0.45098039215686275, 0.47058823529411764, 0.49019607843137253, 0.5098039215686274, 0.5294117647058824, 0.5490196078431373, 0.5686274509803921, 0.5882352941176471, 0.607843137254902, 0.6274509803921569, 0.6470588235294118, 0.6666666666666667, 0.6862745098039216, 0.7058823529411764, 0.7254901960784313, 0.7450980392156863, 0.7647058823529411, 0.7843137254901961, 0.803921568627451, 0.8235294117647058, 0.8431372549019608, 0.8627450980392157, 0.8823529411764706, 0.9019607843137255, 0.9215686274509804, 0.9411764705882353, 0.9607843137254902, 0.9803921568627451, 1), .UNSPECIFIED.);
#1733 = DIRECTION('', (0, -0, 1));
#1734 = VECTOR('', #1733, 1);
#1735 = CARTESIAN_POINT('', (0.2930194827035431, -0.205, 0.0375));
#1736 = LINE('', #1735, #1734);
#1737 = DIRECTION('', (-1, -0, 0));
#1738 = VECTOR('', #1737, 1);
#1739 = CARTESIAN_POINT('', (0.275, -0.20874383127453638, 0.0375));
#1740 = LINE('', #1739, #1738);
#1741 = DIRECTION('', (1, -0.0000000000000018503717077085928, 0));
#1742 = VECTOR('', #1741, 1);
#1743 = CARTESIAN_POINT('', (0.26, -0.2084819720588445, 0.0475));
#1744 = LINE('', #1743, #1742);
#1745 = DIRECTION('', (0, 0.026176948307874637, 0.9996573249755573));
#1746 = VECTOR('', #1745, 1);
#1747 = CARTESIAN_POINT('', (0.26, -0.20874383127453638, 0.0375));
#1748 = LINE('', #1747, #1746);
#1749 = CARTESIAN_POINT('', (0.275, -0.20874383127453638, 0.0375));
#1750 = CARTESIAN_POINT('', (0.27550052294209926, -0.20873809574122493, 0.0375));
#1751 = CARTESIAN_POINT('', (0.2757732451070497, -0.2087349705956416, 0.0375));
#1752 = CARTESIAN_POINT('', (0.2762781411182012, -0.2087175538806855, 0.0375));
#1753 = CARTESIAN_POINT('', (0.27649714418022964, -0.20870999922819938, 0.0375));
#1754 = CARTESIAN_POINT('', (0.2765532460567652, -0.20870806395762775, 0.0375));
#1755 = CARTESIAN_POINT('', (0.27706216191833166, -0.20867865861663554, 0.0375));
#1756 = CARTESIAN_POINT('', (0.27714285714285714, -0.208673996017623, 0.0375));
#1757 = CARTESIAN_POINT('', (0.2773394571706969, -0.20866263639750834, 0.0375));
#1758 = CARTESIAN_POINT('', (0.27785201909808616, -0.20862094644502324, 0.0375));
#1759 = CARTESIAN_POINT('', (0.2781313009985771, -0.2085982306549123, 0.0375));
#1760 = CARTESIAN_POINT('', (0.27864711489842986, -0.20854397302774358, 0.0375));
#1761 = CARTESIAN_POINT('', (0.27892816871564224, -0.2085144094327474, 0.0375));
#1762 = CARTESIAN_POINT('', (0.27944682055475456, -0.20844731547000783, 0.0375));
#1763 = CARTESIAN_POINT('', (0.2797294206925724, -0.20841075768367198, 0.0375));
#1764 = CARTESIAN_POINT('', (0.2802325499091611, -0.20833333333333337, 0.0375));
#1765 = CARTESIAN_POINT('', (0.28025047698300926, -0.20833057461449853, 0.0375));
#1766 = CARTESIAN_POINT('', (0.2805343872449305, -0.208286884908437, 0.0375));
#1767 = CARTESIAN_POINT('', (0.2810573956490393, -0.2081933773376674, 0.0375));
#1768 = CARTESIAN_POINT('', (0.28134236956783243, -0.20814242745106967, 0.0375));
#1769 = CARTESIAN_POINT('', (0.28186685962601354, -0.20803537883250067, 0.0375));
#1770 = CARTESIAN_POINT('', (0.28215264086026076, -0.20797705077487233, 0.0375));
#1771 = CARTESIAN_POINT('', (0.28267812484340654, -0.2078562648611534, 0.0375));
#1772 = CARTESIAN_POINT('', (0.28285714285714286, -0.20781511640552996, 0.0375));
#1773 = CARTESIAN_POINT('', (0.2829644476419764, -0.20779045170232638, 0.0375));
#1774 = CARTESIAN_POINT('', (0.28349042152944537, -0.2076557539600603, 0.0375));
#1775 = CARTESIAN_POINT('', (0.28377701126436616, -0.2075823606012451, 0.0375));
#1776 = CARTESIAN_POINT('', (0.28430295584723786, -0.20743359957949015, 0.0375));
#1777 = CARTESIAN_POINT('', (0.28449046037687, -0.20738056478015923, 0.0375));
#1778 = CARTESIAN_POINT('', (0.2845895296148321, -0.20735254349893742, 0.0375));
#1779 = CARTESIAN_POINT('', (0.2851149117229847, -0.2071895921390407, 0.0375));
#1780 = CARTESIAN_POINT('', (0.2854011790124733, -0.20710080410573647, 0.0375));
#1781 = CARTESIAN_POINT('', (0.28592545286276827, -0.2069235609803027, 0.037500000000000006));
#1782 = CARTESIAN_POINT('', (0.28621111629086143, -0.20682698572905017, 0.037500000000000006));
#1783 = CARTESIAN_POINT('', (0.2867337249524128, -0.20663537619785624, 0.037500000000000006));
#1784 = CARTESIAN_POINT('', (0.287018481061698, -0.20653097305910464, 0.037500000000000006));
#1785 = CARTESIAN_POINT('', (0.2875388580328679, -0.2063249503299365, 0.037500000000000006));
#1786 = CARTESIAN_POINT('', (0.2878223981510742, -0.20621269380780372, 0.037500000000000006));
#1787 = CARTESIAN_POINT('', (0.28833996904149045, -0.2059922398905103, 0.037500000000000006));
#1788 = CARTESIAN_POINT('', (0.2885714285714286, -0.2058936521201882, 0.037500000000000006));
#1789 = CARTESIAN_POINT('', (0.28862198019797747, -0.20587212018262252, 0.037500000000000006));
#1790 = CARTESIAN_POINT('', (0.28913616450753654, -0.20563724672516864, 0.037500000000000006));
#1791 = CARTESIAN_POINT('', (0.28941633040262693, -0.20550927017820442, 0.037500000000000006));
#1792 = CARTESIAN_POINT('', (0.28992654338813745, -0.20526001917415257, 0.037500000000000006));
#1793 = CARTESIAN_POINT('', (0.2902045454102041, -0.2051242086693314, 0.037500000000000006));
#1794 = CARTESIAN_POINT('', (0.2904428506378828, -0.205, 0.037500000000000006));
#1795 = B_SPLINE_CURVE_WITH_KNOTS('', 2, (#1749, #1750, #1751, #1752, #1753, #1754, #1755, #1756, #1757, #1758, #1759, #1760, #1761, #1762, #1763, #1764, #1765, #1766, #1767, #1768, #1769, #1770, #1771, #1772, #1773, #1774, #1775, #1776, #1777, #1778, #1779, #1780, #1781, #1782, #1783, #1784, #1785, #1786, #1787, #1788, #1789, #1790, #1791, #1792, #1793, #1794), .UNSPECIFIED., .F., .F., (3, 1, 1, 1, 1, 1, 1, 1, 1, 1, 1, 1, 1, 1, 1, 1, 1, 1, 1, 1, 1, 1, 1, 1, 1, 1, 1, 1, 1, 1, 1, 1, 1, 1, 1, 1, 1, 1, 1, 1, 1, 1, 1, 1, 3), (0, 0.022727272727272728, 0.045454545454545456, 0.06818181818181818, 0.09090909090909091, 0.11363636363636365, 0.13636363636363635, 0.1590909090909091, 0.18181818181818182, 0.20454545454545456, 0.2272727272727273, 0.25, 0.2727272727272727, 0.29545454545454547, 0.3181818181818182, 0.34090909090909094, 0.36363636363636365, 0.38636363636363635, 0.4090909090909091, 0.4318181818181818, 0.4545454545454546, 0.4772727272727273, 0.5, 0.5227272727272727, 0.5454545454545454, 0.5681818181818181, 0.5909090909090908, 0.6136363636363636, 0.6363636363636364, 0.6590909090909091, 0.6818181818181819, 0.7045454545454546, 0.7272727272727273, 0.75, 0.7727272727272727, 0.7954545454545454, 0.8181818181818181, 0.8409090909090909, 0.8636363636363636, 0.8863636363636364, 0.9090909090909091, 0.9318181818181819, 0.9545454545454546, 0.9772727272727273, 1), .UNSPECIFIED.);
#1796 = CARTESIAN_POINT('', (0.2898622842033363, -0.20500000000000002, 0.0475));
#1797 = CARTESIAN_POINT('', (0.2895806828536729, -0.2051375688607292, 0.0475));
#1798 = CARTESIAN_POINT('', (0.2893044566517871, -0.2052725118357626, 0.0475));
#1799 = CARTESIAN_POINT('', (0.28915535115356666, -0.20534062150624724, 0.0475));
#1800 = CARTESIAN_POINT('', (0.2887946470240414, -0.20550538698906046, 0.0475));
#1801 = CARTESIAN_POINT('', (0.28857142857142853, -0.2056073506016367, 0.0475));
#1802 = CARTESIAN_POINT('', (0.288516270771511, -0.20563254604796083, 0.0475));
#1803 = CARTESIAN_POINT('', (0.28800310337594914, -0.20585112434259384, 0.0475));
#1804 = CARTESIAN_POINT('', (0.2877228936491754, -0.2059704767503023, 0.0475));
#1805 = CARTESIAN_POINT('', (0.2872069440470044, -0.2061747466374065, 0.0475));
#1806 = CARTESIAN_POINT('', (0.2869252151252067, -0.20628628608778588, 0.0475));
#1807 = CARTESIAN_POINT('', (0.2864070528198833, -0.20647626540445202, 0.0475));
#1808 = CARTESIAN_POINT('', (0.28612411567450957, -0.20658000163726048, 0.0475));
#1809 = CARTESIAN_POINT('', (0.285770599210062, -0.2066995162058695, 0.04750000000000001));
#1810 = CARTESIAN_POINT('', (0.2856043023478741, -0.20675573677759443, 0.0475));
#1811 = CARTESIAN_POINT('', (0.28532046367945973, -0.20685169512585158, 0.0475));
#1812 = CARTESIAN_POINT('', (0.2847995515240281, -0.20701326009503712, 0.0475));
#1813 = CARTESIAN_POINT('', (0.2845151128515616, -0.207101480968505, 0.0475));
#1814 = CARTESIAN_POINT('', (0.2839936430069476, -0.20724897633099293, 0.0475));
#1815 = CARTESIAN_POINT('', (0.28370889981409514, -0.2073295146418454, 0.0475));
#1816 = CARTESIAN_POINT('', (0.28318740091420763, -0.20746306637527293, 0.0475));
#1817 = CARTESIAN_POINT('', (0.2829026418560247, -0.20753599091229055, 0.0475));
#1818 = CARTESIAN_POINT('', (0.28285714285714286, -0.20754644915332074, 0.0475));
#1819 = CARTESIAN_POINT('', (0.28238162869235267, -0.20765574917905447, 0.0475));
#1820 = CARTESIAN_POINT('', (0.2820971348653857, -0.20772114193685448, 0.0475));
#1821 = CARTESIAN_POINT('', (0.28188269979728137, -0.20776490821508078, 0.0475));
#1822 = CARTESIAN_POINT('', (0.2815771071703613, -0.20782727978542112, 0.0475));
#1823 = CARTESIAN_POINT('', (0.2812931514483145, -0.20788523525532127, 0.0475));
#1824 = CARTESIAN_POINT('', (0.28077459280144473, -0.20797794726336816, 0.0475));
#1825 = CARTESIAN_POINT('', (0.28049143923788583, -0.20802857169248848, 0.0475));
#1826 = CARTESIAN_POINT('', (0.2799748160960984, -0.20810807256384317, 0.0475));
#1827 = CARTESIAN_POINT('', (0.27969271939498835, -0.2081514831889788, 0.0475));
#1828 = CARTESIAN_POINT('', (0.2791784802474456, -0.20821800631606058, 0.0475));
#1829 = CARTESIAN_POINT('', (0.27889768530163356, -0.20825433057871826, 0.0475));
#1830 = CARTESIAN_POINT('', (0.27838625994815375, -0.20830812658181483, 0.0475));
#1831 = CARTESIAN_POINT('', (0.278146625568955, -0.20833333333333331, 0.0475));
#1832 = CARTESIAN_POINT('', (0.2781070014453666, -0.2083375013305997, 0.0475));
#1833 = CARTESIAN_POINT('', (0.2775988003965578, -0.20837883658483058, 0.0475));
#1834 = CARTESIAN_POINT('', (0.2773213024918498, -0.20840140727111026, 0.0475));
#1835 = CARTESIAN_POINT('', (0.27726512028435607, -0.20840465349920767, 0.0475));
#1836 = CARTESIAN_POINT('', (0.27714285714285714, -0.20841171790737034, 0.0475));
#1837 = CARTESIAN_POINT('', (0.27681671648812367, -0.20843056243136365, 0.0475));
#1838 = CARTESIAN_POINT('', (0.2765411925412385, -0.20844648230382495, 0.0475));
#1839 = CARTESIAN_POINT('', (0.2760405921870265, -0.20846375083731233, 0.0475));
#1840 = CARTESIAN_POINT('', (0.2757672445626651, -0.20847318014067834, 0.0475));
#1841 = CARTESIAN_POINT('', (0.2752709800714194, -0.20847886687605338, 0.0475));
#1842 = CARTESIAN_POINT('', (0.275, -0.20848197205884453, 0.0475));
#1843 = B_SPLINE_CURVE_WITH_KNOTS('', 2, (#1796, #1797, #1798, #1799, #1800, #1801, #1802, #1803, #1804, #1805, #1806, #1807, #1808, #1809, #1810, #1811, #1812, #1813, #1814, #1815, #1816, #1817, #1818, #1819, #1820, #1821, #1822, #1823, #1824, #1825, #1826, #1827, #1828, #1829, #1830, #1831, #1832, #1833, #1834, #1835, #1836, #1837, #1838, #1839, #1840, #1841, #1842), .UNSPECIFIED., .F., .F., (3, 1, 1, 1, 1, 1, 1, 1, 1, 1, 1, 1, 1, 1, 1, 1, 1, 1, 1, 1, 1, 1, 1, 1, 1, 1, 1, 1, 1, 1, 1, 1, 1, 1, 1, 1, 1, 1, 1, 1, 1, 1, 1, 1, 1, 3), (0, 0.022222222222222223, 0.044444444444444446, 0.06666666666666667, 0.08888888888888889, 0.11111111111111112, 0.13333333333333333, 0.15555555555555556, 0.17777777777777778, 0.2, 0.22222222222222224, 0.24444444444444446, 0.26666666666666666, 0.2888888888888889, 0.3111111111111111, 0.33333333333333337, 0.35555555555555557, 0.37777777777777777, 0.4, 0.4222222222222222, 0.4444444444444445, 0.4666666666666667, 0.48888888888888893, 0.5111111111111111, 0.5333333333333333, 0.5555555555555556, 0.5777777777777777, 0.6, 0.6222222222222222, 0.6444444444444444, 0.6666666666666666, 0.6888888888888889, 0.711111111111111, 0.7333333333333334, 0.7555555555555555, 0.7777777777777778, 0.8, 0.8222222222222222, 0.8444444444444444, 0.8666666666666667, 0.8888888888888888, 0.9111111111111111, 0.9333333333333333, 0.9555555555555556, 0.9777777777777777, 1), .UNSPECIFIED.);
#1844 = CARTESIAN_POINT('', (0.2904428506378828, -0.205, 0.0375));
#1845 = CARTESIAN_POINT('', (0.2904140111910801, -0.205, 0.038009081979985856));
#1846 = CARTESIAN_POINT('', (0.2903925966881576, -0.205, 0.03838709677419355));
#1847 = CARTESIAN_POINT('', (0.2903297301435375, -0.205, 0.039496834600611104));
#1848 = CARTESIAN_POINT('', (0.2903149314931274, -0.205, 0.039758064516129024));
#1849 = CARTESIAN_POINT('', (0.2903115203015328, -0.205, 0.039818279824105865));
#1850 = CARTESIAN_POINT('', (0.29025401761467257, -0.205, 0.04083333333333333));
#1851 = CARTESIAN_POINT('', (0.29024543378692635, -0.205, 0.04098485746119893));
#1852 = CARTESIAN_POINT('', (0.2902372662980975, -0.205, 0.04112903225806451));
#1853 = CARTESIAN_POINT('', (0.29016112206804695, -0.205, 0.04247315150083854));
#1854 = CARTESIAN_POINT('', (0.2901596011030674, -0.205, 0.04249999999999999));
#1855 = CARTESIAN_POINT('', (0.2901418537599795, -0.205, 0.04281328106327701));
#1856 = CARTESIAN_POINT('', (0.2901148275061754, -0.205, 0.04326635062139768));
#1857 = CARTESIAN_POINT('', (0.2900787612212947, -0.205, 0.04387096774193549));
#1858 = CARTESIAN_POINT('', (0.2900729954171944, -0.205, 0.04396762598894606));
#1859 = CARTESIAN_POINT('', (0.29006112235316484, -0.205, 0.04416666666666667));
#1860 = CARTESIAN_POINT('', (0.28999698101451055, -0.205, 0.04524193548387097));
#1861 = CARTESIAN_POINT('', (0.2899837261227558, -0.205, 0.045464141195169686));
#1862 = CARTESIAN_POINT('', (0.2899152008077262, -0.205, 0.04661290322580645));
#1863 = CARTESIAN_POINT('', (0.2899088210151807, -0.205, 0.04671985440781127));
#1864 = CARTESIAN_POINT('', (0.28989443929068004, -0.205, 0.04696095040327259));
#1865 = CARTESIAN_POINT('', (0.2898622842033363, -0.205, 0.0475));
#1866 = B_SPLINE_CURVE_WITH_KNOTS('', 2, (#1844, #1845, #1846, #1847, #1848, #1849, #1850, #1851, #1852, #1853, #1854, #1855, #1856, #1857, #1858, #1859, #1860, #1861, #1862, #1863, #1864, #1865), .UNSPECIFIED., .F., .F., (3, 1, 1, 1, 1, 1, 1, 1, 1, 1, 1, 1, 1, 1, 1, 1, 1, 1, 1, 1, 3), (0, 0.05, 0.1, 0.15000000000000002, 0.2, 0.25, 0.30000000000000004, 0.35000000000000003, 0.4, 0.45, 0.5, 0.55, 0.6, 0.6499999999999999, 0.7, 0.75, 0.8, 0.85, 0.9, 0.95, 1), .UNSPECIFIED.);
#1867 = DIRECTION('', (1, -0, 0));
#1868 = VECTOR('', #1867, 1);
#1869 = CARTESIAN_POINT('', (0.2904428506378828, -0.205, 0.0375));
#1870 = LINE('', #1869, #1868);
#1871 = DIRECTION('', (0, -1, 0));
#1872 = VECTOR('', #1871, 1);
#1873 = CARTESIAN_POINT('', (0.26, -0.20848197205884447, 0.0475));
#1874 = LINE('', #1873, #1872);
#1875 = DIRECTION('', (0, -1, 0));
#1876 = VECTOR('', #1875, 1);
#1877 = CARTESIAN_POINT('', (0.26, -0.20874383127453638, 0.0375));
#1878 = LINE('', #1877, #1876);
#1879 = DIRECTION('', (0, -0.026176948307873166, -0.9996573249755574));
#1880 = VECTOR('', #1879, 1);
#1881 = CARTESIAN_POINT('', (0.275, -0.20874383127453638, 0.0375));
#1882 = LINE('', #1881, #1880);
#1883 = DIRECTION('', (-1, -0, 0));
#1884 = VECTOR('', #1883, 1);
#1885 = CARTESIAN_POINT('', (0.29302412345932766, -0.205, 0.0475));
#1886 = LINE('', #1885, #1884);
#1887 = DIRECTION('', (0, -0, 1));
#1888 = VECTOR('', #1887, 1);
#1889 = CARTESIAN_POINT('', (0.275, -0.21, 0.0475));
#1890 = LINE('', #1889, #1888);
#1891 = DIRECTION('', (0, 1, 0));
#1892 = VECTOR('', #1891, 1);
#1893 = CARTESIAN_POINT('', (0.31, -0.04, 0.041));
#1894 = LINE('', #1893, #1892);
#1895 = DIRECTION('', (0, -0, 1));
#1896 = VECTOR('', #1895, 1);
#1897 = CARTESIAN_POINT('', (0.31, -0.02, 0.041));
#1898 = LINE('', #1897, #1896);
#1899 = DIRECTION('', (0, -1, 0));
#1900 = VECTOR('', #1899, 1);
#1901 = CARTESIAN_POINT('', (0.31, -0.020000000000000157, 0.043999999999999984));
#1902 = LINE('', #1901, #1900);
#1903 = DIRECTION('', (0, -0, -1));
#1904 = VECTOR('', #1903, 1);
#1905 = CARTESIAN_POINT('', (0.31, -0.04, 0.044));
#1906 = LINE('', #1905, #1904);
#1907 = DIRECTION('', (0, -1, 0));
#1908 = VECTOR('', #1907, 1);
#1909 = CARTESIAN_POINT('', (0.3086521805490442, -0.02, 0.041));
#1910 = LINE('', #1909, #1908);
#1911 = DIRECTION('', (0.02617694830787098, -0, -0.9996573249755574));
#1912 = VECTOR('', #1911, 1);
#1913 = CARTESIAN_POINT('', (0.3085736227843367, -0.02, 0.044));
#1914 = LINE('', #1913, #1912);
#1915 = DIRECTION('', (0, 1, 0));
#1916 = VECTOR('', #1915, 1);
#1917 = CARTESIAN_POINT('', (0.3085736227843367, -0.0400000000000003, 0.043999999999999984));
#1918 = LINE('', #1917, #1916);
#1919 = DIRECTION('', (-0.02617694830787098, -0, 0.9996573249755574));
#1920 = VECTOR('', #1919, 1);
#1921 = CARTESIAN_POINT('', (0.3086521805490443, -0.04, 0.041));
#1922 = LINE('', #1921, #1920);
#1923 = DIRECTION('', (1, -0, 0));
#1924 = VECTOR('', #1923, 1);
#1925 = CARTESIAN_POINT('', (0.30857362278433664, -0.04, 0.044));
#1926 = LINE('', #1925, #1924);
#1927 = DIRECTION('', (1, -0, 0));
#1928 = VECTOR('', #1927, 1);
#1929 = CARTESIAN_POINT('', (0.30857362278433664, -0.02, 0.044));
#1930 = LINE('', #1929, #1928);
#1931 = DIRECTION('', (1, -0, 0));
#1932 = VECTOR('', #1931, 1);
#1933 = CARTESIAN_POINT('', (0.30865218054904414, -0.04, 0.041));
#1934 = LINE('', #1933, #1932);
#1935 = DIRECTION('', (1, -0, 0));
#1936 = VECTOR('', #1935, 1);
#1937 = CARTESIAN_POINT('', (0.30865218054904414, -0.02, 0.041));
#1938 = LINE('', #1937, #1936);
#1939 = DIRECTION('', (0, 1, 0));
#1940 = VECTOR('', #1939, 1);
#1941 = CARTESIAN_POINT('', (0.31, -0.04, 0.053));
#1942 = LINE('', #1941, #1940);
#1943 = DIRECTION('', (0, -0, 1));
#1944 = VECTOR('', #1943, 1);
#1945 = CARTESIAN_POINT('', (0.31, -0.02, 0.053));
#1946 = LINE('', #1945, #1944);
#1947 = DIRECTION('', (0, -1, 0));
#1948 = VECTOR('', #1947, 1);
#1949 = CARTESIAN_POINT('', (0.31, -0.020000000000000157, 0.05599999999999999));
#1950 = LINE('', #1949, #1948);
#1951 = DIRECTION('', (0, -0, -1));
#1952 = VECTOR('', #1951, 1);
#1953 = CARTESIAN_POINT('', (0.31, -0.04, 0.056));
#1954 = LINE('', #1953, #1952);
#1955 = DIRECTION('', (0, -1, 0));
#1956 = VECTOR('', #1955, 1);
#1957 = CARTESIAN_POINT('', (0.308337949490214, -0.02, 0.053));
#1958 = LINE('', #1957, #1956);
#1959 = DIRECTION('', (0.02617694830787092, -0, -0.9996573249755574));
#1960 = VECTOR('', #1959, 1);
#1961 = CARTESIAN_POINT('', (0.3082593917255065, -0.02, 0.056));
#1962 = LINE('', #1961, #1960);
#1963 = DIRECTION('', (0, 1, 0));
#1964 = VECTOR('', #1963, 1);
#1965 = CARTESIAN_POINT('', (0.3082593917255064, -0.0400000000000003, 0.05599999999999999));
#1966 = LINE('', #1965, #1964);
#1967 = DIRECTION('', (-0.02617694830787092, -0, 0.9996573249755574));
#1968 = VECTOR('', #1967, 1);
#1969 = CARTESIAN_POINT('', (0.30833794949021404, -0.04, 0.053));
#1970 = LINE('', #1969, #1968);
#1971 = DIRECTION('', (1, -0, 0));
#1972 = VECTOR('', #1971, 1);
#1973 = CARTESIAN_POINT('', (0.30825939172550637, -0.04, 0.056));
#1974 = LINE('', #1973, #1972);
#1975 = DIRECTION('', (1, -0, 0));
#1976 = VECTOR('', #1975, 1);
#1977 = CARTESIAN_POINT('', (0.3082593917255065, -0.02, 0.056));
#1978 = LINE('', #1977, #1976);
#1979 = DIRECTION('', (1, -0, 0));
#1980 = VECTOR('', #1979, 1);
#1981 = CARTESIAN_POINT('', (0.3083379494902139, -0.04, 0.053));
#1982 = LINE('', #1981, #1980);
#1983 = DIRECTION('', (1, -0, 0));
#1984 = VECTOR('', #1983, 1);
#1985 = CARTESIAN_POINT('', (0.3083379494902139, -0.02, 0.053));
#1986 = LINE('', #1985, #1984);
#1987 = DIRECTION('', (0, 1, 0));
#1988 = VECTOR('', #1987, 1);
#1989 = CARTESIAN_POINT('', (0.31, -0.04, 0.065));
#1990 = LINE('', #1989, #1988);
#1991 = DIRECTION('', (0, -0, 1));
#1992 = VECTOR('', #1991, 1);
#1993 = CARTESIAN_POINT('', (0.31, -0.02, 0.065));
#1994 = LINE('', #1993, #1992);
#1995 = DIRECTION('', (0, -1, 0));
#1996 = VECTOR('', #1995, 1);
#1997 = CARTESIAN_POINT('', (0.31, -0.020000000000000157, 0.06799999999999999));
#1998 = LINE('', #1997, #1996);
#1999 = DIRECTION('', (0, -0, -1));
#2000 = VECTOR('', #1999, 1);
#2001 = CARTESIAN_POINT('', (0.31, -0.04, 0.06800000000000478));
#2002 = LINE('', #2001, #2000);
#2003 = DIRECTION('', (0, -1, 0));
#2004 = VECTOR('', #2003, 1);
#2005 = CARTESIAN_POINT('', (0.30802371843138376, -0.02, 0.065));
#2006 = LINE('', #2005, #2004);
#2007 = DIRECTION('', (0.02617694830787092, -0, -0.9996573249755574));
#2008 = VECTOR('', #2007, 1);
#2009 = CARTESIAN_POINT('', (0.3079451606666762, -0.02, 0.068));
#2010 = LINE('', #2009, #2008);
#2011 = DIRECTION('', (0, 1, 0));
#2012 = VECTOR('', #2011, 1);
#2013 = CARTESIAN_POINT('', (0.3079451606666762, -0.0400000000000003, 0.06799999999999999));
#2014 = LINE('', #2013, #2012);
#2015 = DIRECTION('', (-0.026176948307855344, -0, 0.9996573249755578));
#2016 = VECTOR('', #2015, 1);
#2017 = CARTESIAN_POINT('', (0.30802371843138365, -0.04, 0.06500000000000511));
#2018 = LINE('', #2017, #2016);
#2019 = DIRECTION('', (1, -0, 0));
#2020 = VECTOR('', #2019, 1);
#2021 = CARTESIAN_POINT('', (0.3079451606666762, -0.04, 0.068));
#2022 = LINE('', #2021, #2020);
#2023 = DIRECTION('', (1, -0, 0));
#2024 = VECTOR('', #2023, 1);
#2025 = CARTESIAN_POINT('', (0.3079451606666762, -0.02, 0.068));
#2026 = LINE('', #2025, #2024);
#2027 = DIRECTION('', (1, -0, 0));
#2028 = VECTOR('', #2027, 1);
#2029 = CARTESIAN_POINT('', (0.3080237184313837, -0.04, 0.065));
#2030 = LINE('', #2029, #2028);
#2031 = DIRECTION('', (1, -0, 0));
#2032 = VECTOR('', #2031, 1);
#2033 = CARTESIAN_POINT('', (0.3080237184313837, -0.02, 0.065));
#2034 = LINE('', #2033, #2032);
#2035 = DIRECTION('', (0, 1, 0));
#2036 = VECTOR('', #2035, 1);
#2037 = CARTESIAN_POINT('', (0.31, -0.04, 0.077));
#2038 = LINE('', #2037, #2036);
#2039 = DIRECTION('', (0, -0, 1));
#2040 = VECTOR('', #2039, 1);
#2041 = CARTESIAN_POINT('', (0.31, -0.02, 0.077));
#2042 = LINE('', #2041, #2040);
#2043 = DIRECTION('', (0, -1, 0));
#2044 = VECTOR('', #2043, 1);
#2045 = CARTESIAN_POINT('', (0.31, -0.020000000000000157, 0.07999999999999999));
#2046 = LINE('', #2045, #2044);
#2047 = DIRECTION('', (0, -0, -1));
#2048 = VECTOR('', #2047, 1);
#2049 = CARTESIAN_POINT('', (0.31, -0.04, 0.08));
#2050 = LINE('', #2049, #2048);
#2051 = DIRECTION('', (0, -1, 0));
#2052 = VECTOR('', #2051, 1);
#2053 = CARTESIAN_POINT('', (0.3077094873725535, -0.02, 0.077));
#2054 = LINE('', #2053, #2052);
#2055 = DIRECTION('', (0.02617694830787092, -0, -0.9996573249755574));
#2056 = VECTOR('', #2055, 1);
#2057 = CARTESIAN_POINT('', (0.307630929607846, -0.02, 0.08));
#2058 = LINE('', #2057, #2056);
#2059 = DIRECTION('', (0, 1, 0));
#2060 = VECTOR('', #2059, 1);
#2061 = CARTESIAN_POINT('', (0.307630929607846, -0.0400000000000003, 0.07999999999999999));
#2062 = LINE('', #2061, #2060);
#2063 = DIRECTION('', (-0.02617694830787092, -0, 0.9996573249755574));
#2064 = VECTOR('', #2063, 1);
#2065 = CARTESIAN_POINT('', (0.30770948737255355, -0.04, 0.077));
#2066 = LINE('', #2065, #2064);
#2067 = DIRECTION('', (1, -0, 0));
#2068 = VECTOR('', #2067, 1);
#2069 = CARTESIAN_POINT('', (0.30763092960784594, -0.04, 0.08));
#2070 = LINE('', #2069, #2068);
#2071 = DIRECTION('', (1, -0, 0));
#2072 = VECTOR('', #2071, 1);
#2073 = CARTESIAN_POINT('', (0.30763092960784594, -0.02, 0.08));
#2074 = LINE('', #2073, #2072);
#2075 = DIRECTION('', (1, -0, 0));
#2076 = VECTOR('', #2075, 1);
#2077 = CARTESIAN_POINT('', (0.30770948737255344, -0.04, 0.077));
#2078 = LINE('', #2077, #2076);
#2079 = DIRECTION('', (1, -0, 0));
#2080 = VECTOR('', #2079, 1);
#2081 = CARTESIAN_POINT('', (0.30770948737255344, -0.02, 0.077));
#2082 = LINE('', #2081, #2080);
#2083 = DIRECTION('', (-1, 0, 0));
#2084 = DIRECTION('', (0, 0, -1));
#2085 = CARTESIAN_POINT('', (0.298, -0.198, -0));
#2086 = AXIS2_PLACEMENT_3D('', #2085, #2084, #2083);
#2087 = CIRCLE('', #2086, 0.004);
#2088 = DIRECTION('', (0, -0, -1));
#2089 = VECTOR('', #2088, 1);
#2090 = CARTESIAN_POINT('', (0.294, -0.198, 0));
#2091 = LINE('', #2090, #2089);
#2092 = DIRECTION('', (-1, 0, 0));
#2093 = DIRECTION('', (0, 0, -1));
#2094 = CARTESIAN_POINT('', (0.298, -0.198, -0.012));
#2095 = AXIS2_PLACEMENT_3D('', #2094, #2093, #2092);
#2096 = CIRCLE('', #2095, 0.004);
#2097 = DIRECTION('', (-1, 0, 0));
#2098 = DIRECTION('', (0, 0, -1));
#2099 = CARTESIAN_POINT('', (-0.298, -0.198, 0));
#2100 = AXIS2_PLACEMENT_3D('', #2099, #2098, #2097);
#2101 = CIRCLE('', #2100, 0.004);
#2102 = DIRECTION('', (0, -0, -1));
#2103 = VECTOR('', #2102, 1);
#2104 = CARTESIAN_POINT('', (-0.302, -0.198, 0));
#2105 = LINE('', #2104, #2103);
#2106 = DIRECTION('', (-1, 0, 0));
#2107 = DIRECTION('', (0, 0, -1));
#2108 = CARTESIAN_POINT('', (-0.298, -0.198, -0.012));
#2109 = AXIS2_PLACEMENT_3D('', #2108, #2107, #2106);
#2110 = CIRCLE('', #2109, 0.004);
#2111 = DIRECTION('', (-1, 0, 0));
#2112 = DIRECTION('', (0, 0, -1));
#2113 = CARTESIAN_POINT('', (-0.298, 0.198, -0));
#2114 = AXIS2_PLACEMENT_3D('', #2113, #2112, #2111);
#2115 = CIRCLE('', #2114, 0.004);
#2116 = DIRECTION('', (0, -0, -1));
#2117 = VECTOR('', #2116, 1);
#2118 = CARTESIAN_POINT('', (-0.302, 0.198, 0));
#2119 = LINE('', #2118, #2117);
#2120 = DIRECTION('', (-1, 0, 0));
#2121 = DIRECTION('', (0, 0, -1));
#2122 = CARTESIAN_POINT('', (-0.298, 0.198, -0.012));
#2123 = AXIS2_PLACEMENT_3D('', #2122, #2121, #2120);
#2124 = CIRCLE('', #2123, 0.004);
#2125 = DIRECTION('', (-1, 0, 0));
#2126 = DIRECTION('', (0, 0, -1));
#2127 = CARTESIAN_POINT('', (0.298, 0.198, -0));
#2128 = AXIS2_PLACEMENT_3D('', #2127, #2126, #2125);
#2129 = CIRCLE('', #2128, 0.004);
#2130 = DIRECTION('', (0, -0, -1));
#2131 = VECTOR('', #2130, 1);
#2132 = CARTESIAN_POINT('', (0.294, 0.198, 0));
#2133 = LINE('', #2132, #2131);
#2134 = DIRECTION('', (-1, 0, 0));
#2135 = DIRECTION('', (0, 0, -1));
#2136 = CARTESIAN_POINT('', (0.298, 0.198, -0.012));
#2137 = AXIS2_PLACEMENT_3D('', #2136, #2135, #2134);
#2138 = CIRCLE('', #2137, 0.004);
#2139 = DIRECTION('', (1, 0, 0));
#2140 = DIRECTION('', (0, -0, -1));
#2141 = CARTESIAN_POINT('', (0.298, -0.198, -0));
#2142 = AXIS2_PLACEMENT_3D('', #2141, #2140, #2139);
#2143 = CIRCLE('', #2142, 0.004);
#2144 = DIRECTION('', (1, 0, 0));
#2145 = DIRECTION('', (0, -0, -1));
#2146 = CARTESIAN_POINT('', (0.298, -0.198, -0.012));
#2147 = AXIS2_PLACEMENT_3D('', #2146, #2145, #2144);
#2148 = CIRCLE('', #2147, 0.004);
#2149 = DIRECTION('', (0, -0, -1));
#2150 = VECTOR('', #2149, 1);
#2151 = CARTESIAN_POINT('', (0.302, -0.198, 0));
#2152 = LINE('', #2151, #2150);
#2153 = DIRECTION('', (1, 0, 0));
#2154 = DIRECTION('', (0, -0, -1));
#2155 = CARTESIAN_POINT('', (-0.298, -0.198, -0));
#2156 = AXIS2_PLACEMENT_3D('', #2155, #2154, #2153);
#2157 = CIRCLE('', #2156, 0.004);
#2158 = DIRECTION('', (1, 0, 0));
#2159 = DIRECTION('', (0, -0, -1));
#2160 = CARTESIAN_POINT('', (-0.298, -0.198, -0.012));
#2161 = AXIS2_PLACEMENT_3D('', #2160, #2159, #2158);
#2162 = CIRCLE('', #2161, 0.004);
#2163 = DIRECTION('', (0, -0, -1));
#2164 = VECTOR('', #2163, 1);
#2165 = CARTESIAN_POINT('', (-0.294, -0.198, 0));
#2166 = LINE('', #2165, #2164);
#2167 = DIRECTION('', (1, 0, 0));
#2168 = DIRECTION('', (0, -0, -1));
#2169 = CARTESIAN_POINT('', (-0.298, 0.198, 0));
#2170 = AXIS2_PLACEMENT_3D('', #2169, #2168, #2167);
#2171 = CIRCLE('', #2170, 0.004);
#2172 = DIRECTION('', (1, 0, 0));
#2173 = DIRECTION('', (0, -0, -1));
#2174 = CARTESIAN_POINT('', (-0.298, 0.198, -0.012));
#2175 = AXIS2_PLACEMENT_3D('', #2174, #2173, #2172);
#2176 = CIRCLE('', #2175, 0.004);
#2177 = DIRECTION('', (0, -0, -1));
#2178 = VECTOR('', #2177, 1);
#2179 = CARTESIAN_POINT('', (-0.294, 0.198, 0));
#2180 = LINE('', #2179, #2178);
#2181 = DIRECTION('', (1, 0, 0));
#2182 = DIRECTION('', (0, -0, -1));
#2183 = CARTESIAN_POINT('', (0.298, 0.198, -0));
#2184 = AXIS2_PLACEMENT_3D('', #2183, #2182, #2181);
#2185 = CIRCLE('', #2184, 0.004);
#2186 = DIRECTION('', (1, 0, 0));
#2187 = DIRECTION('', (0, -0, -1));
#2188 = CARTESIAN_POINT('', (0.298, 0.198, -0.012));
#2189 = AXIS2_PLACEMENT_3D('', #2188, #2187, #2186);
#2190 = CIRCLE('', #2189, 0.004);
#2191 = DIRECTION('', (0, -0, -1));
#2192 = VECTOR('', #2191, 1);
#2193 = CARTESIAN_POINT('', (0.302, 0.198, 0));
#2194 = LINE('', #2193, #2192);
#2195 = DIRECTION('', (1, 0.000000000000013534147347811286, 0));
#2196 = DIRECTION('', (0, -0, 1));
#2197 = CARTESIAN_POINT('', (-0.298, -0.19800000000000004, -0.005));
#2198 = AXIS2_PLACEMENT_3D('', #2197, #2196, #2195);
#2199 = CIRCLE('', #2198, 0.002100000000000023);
#2200 = DIRECTION('', (0, -0, 1));
#2201 = VECTOR('', #2200, 1);
#2202 = CARTESIAN_POINT('', (-0.2959, -0.198, -0.005));
#2203 = LINE('', #2202, #2201);
#2204 = DIRECTION('', (-1, -0.000000000000027068294695622572, 0));
#2205 = DIRECTION('', (0, 0, 1));
#2206 = CARTESIAN_POINT('', (-0.298, -0.19799999999999995, -0.005));
#2207 = AXIS2_PLACEMENT_3D('', #2206, #2205, #2204);
#2208 = CIRCLE('', #2207, 0.002100000000000023);
#2209 = DIRECTION('', (0, -0, 1));
#2210 = VECTOR('', #2209, 1);
#2211 = CARTESIAN_POINT('', (-0.30010000000000003, -0.198, -0.005));
#2212 = LINE('', #2211, #2210);
#2213 = CARTESIAN_POINT('', (-0.2999974771121742, -0.19864813971858525, 0.012));
#2214 = CARTESIAN_POINT('', (-0.29996280405264586, -0.19868544037481722, 0.012));
#2215 = CARTESIAN_POINT('', (-0.2999349975759743, -0.198714, 0.012));
#2216 = CARTESIAN_POINT('', (-0.29981550546537133, -0.19883672859778037, 0.012));
#2217 = CARTESIAN_POINT('', (-0.2994333857907432, -0.19922919812246076, 0.012));
#2218 = CARTESIAN_POINT('', (-0.2993470221608332, -0.1993164222612182, 0.012));
#2219 = B_SPLINE_CURVE_WITH_KNOTS('', 2, (#2213, #2214, #2215, #2216, #2217, #2218), .UNSPECIFIED., .F., .F., (3, 1, 1, 1, 3), (0.07224635185651254, 0.125, 0.25, 0.375, 0.4478462162716852), .UNSPECIFIED.);
#2220 = CARTESIAN_POINT('', (-0.29865197276637223, -0.19999428000537658, 0.012));
#2221 = CARTESIAN_POINT('', (-0.298658091356173, -0.199992464281718, 0.011892476579794364));
#2222 = CARTESIAN_POINT('', (-0.2986831785789362, -0.19998501951660322, 0.011451612903225808));
#2223 = CARTESIAN_POINT('', (-0.2986839586797487, -0.19998478801758998, 0.01143790400784516));
#2224 = CARTESIAN_POINT('', (-0.2986850703814265, -0.19998445811427834, 0.011417313004461766));
#2225 = CARTESIAN_POINT('', (-0.2986977080942369, -0.19998070780662774, 0.01118323654993529));
#2226 = CARTESIAN_POINT('', (-0.2987093329718045, -0.19997592863075572, 0.011004298649274394));
#2227 = CARTESIAN_POINT('', (-0.29871170791484636, -0.19997495225311934, 0.01096774193548387));
#2228 = CARTESIAN_POINT('', (-0.29871314260300114, -0.19997436242952996, 0.010945658254600006));
#2229 = CARTESIAN_POINT('', (-0.2987158992689327, -0.19997322911941717, 0.010903225806451611));
#2230 = CARTESIAN_POINT('', (-0.2987433703197882, -0.1999619353244793, 0.010480372994418142));
#2231 = CARTESIAN_POINT('', (-0.29875152577866676, -0.19995858248294862, 0.01035483870967742));
#2232 = CARTESIAN_POINT('', (-0.2987735980365752, -0.19994950821942864, 0.0100150877342362));
#2233 = CARTESIAN_POINT('', (-0.29878715228840064, -0.1999439358464802, 0.009806451612903225));
#2234 = CARTESIAN_POINT('', (-0.2987904797375301, -0.1999425678781294, 0.009755233287522749));
#2235 = CARTESIAN_POINT('', (-0.29880077418918133, -0.19993833566194807, 0.009596774193548388));
#2236 = CARTESIAN_POINT('', (-0.29880382575336223, -0.19993708111437797, 0.009549802474054186));
#2237 = CARTESIAN_POINT('', (-0.2988227787981347, -0.1999292892100116, 0.009258064516129032));
#2238 = CARTESIAN_POINT('', (-0.2988340534701492, -0.19992465400932732, 0.00908451721387209));
#2239 = CARTESIAN_POINT('', (-0.2988584053078684, -0.19991464257354322, 0.00870967741935484));
#2240 = CARTESIAN_POINT('', (-0.2988642811869361, -0.19991222690427674, 0.00861923195368983));
#2241 = CARTESIAN_POINT('', (-0.2988716415316087, -0.19990920094710302, 0.008505936599290546));
#2242 = CARTESIAN_POINT('', (-0.29888984046351597, -0.19990171907077695, 0.008225806451612902));
#2243 = CARTESIAN_POINT('', (-0.2988940318176023, -0.19989999593707478, 0.008161290322580648));
#2244 = CARTESIAN_POINT('', (-0.29889450890372304, -0.19989979979922612, 0.00815394669350771));
#2245 = CARTESIAN_POINT('', (-0.2988971800978736, -0.19989870162794995, 0.00811282988425305));
#2246 = CARTESIAN_POINT('', (-0.2989310699415194, -0.19988046244975488, 0.007709018703953179));
#2247 = CARTESIAN_POINT('', (-0.2989391364307234, -0.1998761211451582, 0.007612903225806453));
#2248 = CARTESIAN_POINT('', (-0.2989665678309355, -0.1998613578372528, 0.007286047008565772));
#2249 = CARTESIAN_POINT('', (-0.298968244900392, -0.19986045525508156, 0.007266064048368753));
#2250 = CARTESIAN_POINT('', (-0.29898515980470036, -0.19985135182111305, 0.007064516129032258));
#2251 = CARTESIAN_POINT('', (-0.29900275697710327, -0.19984188119721344, 0.0068548387096774195));
#2252 = CARTESIAN_POINT('', (-0.2990054198592645, -0.19984044806040827, 0.006823109392784123));
#2253 = CARTESIAN_POINT('', (-0.2990311831786773, -0.19982658249706792, 0.006516129032258064));
#2254 = CARTESIAN_POINT('', (-0.299042594818137, -0.19982044086573497, 0.006380154737199577));
#2255 = CARTESIAN_POINT('', (-0.29906782954308664, -0.19980685978669935, 0.006079472793281558));
#2256 = CARTESIAN_POINT('', (-0.29907720655265424, -0.19980181317302276, 0.005967741935483872));
#2257 = CARTESIAN_POINT('', (-0.2990797697770095, -0.1998004336710617, 0.005937200081615008));
#2258 = CARTESIAN_POINT('', (-0.29909053868408075, -0.19979463795193445, 0.005808884202661989));
#2259 = CARTESIAN_POINT('', (-0.2991261204970683, -0.19977034691620532, 0.00552559852984293));
#2260 = CARTESIAN_POINT('', (-0.299131361645681, -0.19976676888244246, 0.005483870967741934));
#2261 = CARTESIAN_POINT('', (-0.2991394651294014, -0.19976123678623783, 0.005419354838709677));
#2262 = CARTESIAN_POINT('', (-0.2991762132729357, -0.1997361495185407, 0.005126783390212019));
#2263 = CARTESIAN_POINT('', (-0.299199839700285, -0.1997200202001416, 0.004938680879238143));
#2264 = CARTESIAN_POINT('', (-0.2992083447410247, -0.19971421396849853, 0.004870967741935485));
#2265 = CARTESIAN_POINT('', (-0.29922630604880307, -0.19970195212087602, 0.004727968250581272));
#2266 = CARTESIAN_POINT('', (-0.2992741976563367, -0.19966925741950894, 0.00434667777875282));
#2267 = CARTESIAN_POINT('', (-0.29927787121188015, -0.1996661296184068, 0.004334394601977631));
#2268 = CARTESIAN_POINT('', (-0.29928052113058673, -0.1996638733795795, 0.004325534134365375));
#2269 = CARTESIAN_POINT('', (-0.2992888013671211, -0.19965682327984569, 0.004297847712343978));
#2270 = B_SPLINE_CURVE_WITH_KNOTS('', 2, (#2220, #2221, #2222, #2223, #2224, #2225, #2226, #2227, #2228, #2229, #2230, #2231, #2232, #2233, #2234, #2235, #2236, #2237, #2238, #2239, #2240, #2241, #2242, #2243, #2244, #2245, #2246, #2247, #2248, #2249, #2250, #2251, #2252, #2253, #2254, #2255, #2256, #2257, #2258, #2259, #2260, #2261, #2262, #2263, #2264, #2265, #2266, #2267, #2268, #2269), .UNSPECIFIED., .F., .F., (3, 1, 1, 1, 1, 1, 1, 1, 1, 1, 1, 1, 1, 1, 1, 1, 1, 1, 1, 1, 1, 1, 1, 1, 1, 1, 1, 1, 1, 1, 1, 1, 1, 1, 1, 1, 1, 1, 1, 1, 1, 1, 1, 1, 1, 1, 1, 1, 3), (0, 0.010526315789473684, 0.021052631578947368, 0.031578947368421054, 0.042105263157894736, 0.05263157894736842, 0.06315789473684211, 0.07368421052631578, 0.08421052631578947, 0.09473684210526316, 0.10526315789473684, 0.11578947368421053, 0.12631578947368421, 0.1368421052631579, 0.14736842105263157, 0.15789473684210525, 0.16842105263157894, 0.17894736842105263, 0.18947368421052632, 0.19999999999999998, 0.21052631578947367, 0.22105263157894736, 0.23157894736842105, 0.24210526315789474, 0.25263157894736843, 0.2631578947368421, 0.2736842105263158, 0.28421052631578947, 0.29473684210526313, 0.30526315789473685, 0.3157894736842105, 0.3263157894736842, 0.3368421052631579, 0.34736842105263155, 0.35789473684210527, 0.3684210526315789, 0.37894736842105264, 0.3894736842105263, 0.39999999999999997, 0.4105263157894737, 0.42105263157894735, 0.43157894736842106, 0.4421052631578947, 0.4526315789473684, 0.4631578947368421, 0.47368421052631576, 0.4842105263157895, 0.49473684210526314, 0.5), .UNSPECIFIED.);
#2271 = CARTESIAN_POINT('', (-0.2992888013671211, -0.19965682327984569, 0.004297847712343978));
#2272 = CARTESIAN_POINT('', (-0.2992970816036554, -0.19964977318011193, 0.00427016129032258));
#2273 = CARTESIAN_POINT('', (-0.29934411310415493, -0.1996097288205367, 0.00411290322580645));
#2274 = CARTESIAN_POINT('', (-0.29936147163064397, -0.1995949491288611, 0.0040548619502883375));
#2275 = CARTESIAN_POINT('', (-0.2993967620305839, -0.19956490157669415, 0.003936862313203135));
#2276 = CARTESIAN_POINT('', (-0.29944471888733415, -0.19952406933457104, 0.0037765101578889353));
#2277 = CARTESIAN_POINT('', (-0.2994464598850762, -0.1995222327835422, 0.0037803812326523676));
#2278 = CARTESIAN_POINT('', (-0.2994833344194529, -0.19948333441945285, 0.00386237104573142));
#2279 = CARTESIAN_POINT('', (-0.29959901581916, -0.19936130393743495, 0.003948048277800504));
#2280 = CARTESIAN_POINT('', (-0.29962090326800966, -0.1993326359927171, 0.00411290322580645));
#2281 = CARTESIAN_POINT('', (-0.2996487417032315, -0.1992961735101569, 0.00432258064516129));
#2282 = CARTESIAN_POINT('', (-0.299680105643916, -0.19925509335852049, 0.0045588119595739145));
#2283 = CARTESIAN_POINT('', (-0.2997064733948135, -0.19922055716244508, 0.004757412273076044));
#2284 = CARTESIAN_POINT('', (-0.2997215499184258, -0.19920081009423155, 0.004870967741935483));
#2285 = CARTESIAN_POINT('', (-0.2997345357403341, -0.19918380140458758, 0.004968776171334236));
#2286 = CARTESIAN_POINT('', (-0.29976190413284637, -0.1991387797074678, 0.005419354838709677));
#2287 = CARTESIAN_POINT('', (-0.2997658228774976, -0.1991323332735131, 0.005483870967741934));
#2288 = CARTESIAN_POINT('', (-0.29977308231795213, -0.19912039131056247, 0.005603386536819986));
#2289 = CARTESIAN_POINT('', (-0.29979521346238197, -0.1990839850188527, 0.005967741935483871));
#2290 = CARTESIAN_POINT('', (-0.29981443829367005, -0.1990523596856863, 0.006284249339360473));
#2291 = CARTESIAN_POINT('', (-0.2998199963139334, -0.19904321660193477, 0.006375753630758474));
#2292 = CARTESIAN_POINT('', (-0.29982852279191713, -0.199029190330238, 0.006516129032258065));
#2293 = CARTESIAN_POINT('', (-0.29984909620133604, -0.19899534655197582, 0.0068548387096774195));
#2294 = CARTESIAN_POINT('', (-0.29984939881016165, -0.19899484875281265, 0.006859820700537469));
#2295 = CARTESIAN_POINT('', (-0.29985646085137563, -0.19897991239449916, 0.007064516129032258));
#2296 = CARTESIAN_POINT('', (-0.2998582625010951, -0.19897610186933365, 0.0071167374982020765));
#2297 = CARTESIAN_POINT('', (-0.2998753803373022, -0.19893989730362902, 0.007612903225806453));
#2298 = CARTESIAN_POINT('', (-0.29988200867741893, -0.19892587823180444, 0.007805027695104674));
#2299 = CARTESIAN_POINT('', (-0.29988414938494196, -0.19892135059260785, 0.007867076758602726));
#2300 = CARTESIAN_POINT('', (-0.2998942998232286, -0.19889988221275906, 0.008161290322580646));
#2301 = CARTESIAN_POINT('', (-0.29989652564510233, -0.19889517455500966, 0.008225806451612902));
#2302 = CARTESIAN_POINT('', (-0.2999057548537425, -0.19887565459427547, 0.008493317892006587));
#2303 = CARTESIAN_POINT('', (-0.29991321930915527, -0.19885986712188886, 0.008709677419354838));
#2304 = CARTESIAN_POINT('', (-0.2999295010300662, -0.19882543095674637, 0.009181608088909016));
#2305 = CARTESIAN_POINT('', (-0.2999321387950816, -0.19881985203101887, 0.009258064516129032));
#2306 = CARTESIAN_POINT('', (-0.2999375210751486, -0.19880846840110397, 0.009414071553075094));
#2307 = CARTESIAN_POINT('', (-0.2999424782107019, -0.1987979839603328, 0.009557755646020622));
#2308 = CARTESIAN_POINT('', (-0.29994328772450957, -0.1987956879982083, 0.009596774193548386));
#2309 = CARTESIAN_POINT('', (-0.29994763788044515, -0.19878334998350228, 0.009806451612903225));
#2310 = CARTESIAN_POINT('', (-0.29994862350249013, -0.19878055453904792, 0.00985395857355343));
#2311 = CARTESIAN_POINT('', (-0.29995901521135354, -0.19875108132965597, 0.010354838709677417));
#2312 = CARTESIAN_POINT('', (-0.2999621741795067, -0.19874212178978945, 0.010507100904414837));
#2313 = CARTESIAN_POINT('', (-0.29997039254226177, -0.1987188126758097, 0.010903225806451615));
#2314 = CARTESIAN_POINT('', (-0.29997066745410605, -0.19871803296436322, 0.010916476551230278));
#2315 = CARTESIAN_POINT('', (-0.29997173105178043, -0.19871501636359246, 0.01096774193548387));
#2316 = CARTESIAN_POINT('', (-0.29997572485652335, -0.19870368904053082, 0.01116024323527673));
#2317 = CARTESIAN_POINT('', (-0.2999817698731702, -0.1986865440219633, 0.011451612903225807));
#2318 = CARTESIAN_POINT('', (-0.2999832091223733, -0.19868246198948075, 0.01152098468280816));
#2319 = CARTESIAN_POINT('', (-0.2999897268397387, -0.19866397628600374, 0.011816874446172361));
#2320 = CARTESIAN_POINT('', (-0.2999937606413432, -0.19865253552290116, 0.012));
#2321 = B_SPLINE_CURVE_WITH_KNOTS('', 2, (#2271, #2272, #2273, #2274, #2275, #2276, #2277, #2278, #2279, #2280, #2281, #2282, #2283, #2284, #2285, #2286, #2287, #2288, #2289, #2290, #2291, #2292, #2293, #2294, #2295, #2296, #2297, #2298, #2299, #2300, #2301, #2302, #2303, #2304, #2305, #2306, #2307, #2308, #2309, #2310, #2311, #2312, #2313, #2314, #2315, #2316, #2317, #2318, #2319, #2320), .UNSPECIFIED., .F., .F., (3, 1, 1, 1, 1, 1, 1, 1, 1, 1, 1, 1, 1, 1, 1, 1, 1, 1, 1, 1, 1, 1, 1, 1, 1, 1, 1, 1, 1, 1, 1, 1, 1, 1, 1, 1, 1, 1, 1, 1, 1, 1, 1, 1, 1, 1, 1, 1, 3), (0.5, 0.5052631578947369, 0.5157894736842106, 0.5263157894736843, 0.5368421052631579, 0.5473684210526316, 0.5578947368421052, 0.5684210526315789, 0.5789473684210527, 0.5894736842105264, 0.6000000000000001, 0.6105263157894737, 0.6210526315789473, 0.631578947368421, 0.6421052631578947, 0.6526315789473685, 0.6631578947368422, 0.6736842105263158, 0.6842105263157895, 0.6947368421052631, 0.7052631578947368, 0.7157894736842105, 0.7263157894736842, 0.736842105263158, 0.7473684210526316, 0.7578947368421053, 0.7684210526315789, 0.7789473684210526, 0.7894736842105263, 0.8, 0.8105263157894737, 0.8210526315789474, 0.8315789473684211, 0.8421052631578947, 0.8526315789473684, 0.8631578947368421, 0.8736842105263158, 0.8842105263157894, 0.8947368421052632, 0.9052631578947369, 0.9157894736842105, 0.9263157894736842, 0.9368421052631579, 0.9473684210526316, 0.9578947368421052, 0.968421052631579, 0.9789473684210527, 0.9894736842105263, 1), .UNSPECIFIED.);
#2322 = CARTESIAN_POINT('', (-0.2993470221608332, -0.1993164222612182, 0.012));
#2323 = CARTESIAN_POINT('', (-0.2992851906710614, -0.19937886982680872, 0.012));
#2324 = CARTESIAN_POINT('', (-0.29916976008404, -0.1994912563831679, 0.012));
#2325 = CARTESIAN_POINT('', (-0.298714, -0.19993499757597427, 0.012));
#2326 = CARTESIAN_POINT('', (-0.2986821157279043, -0.19996604102498822, 0.012));
#2327 = CARTESIAN_POINT('', (-0.298648418918753, -0.19999738650049695, 0.012));
#2328 = B_SPLINE_CURVE_WITH_KNOTS('', 2, (#2322, #2323, #2324, #2325, #2326, #2327), .UNSPECIFIED., .F., .F., (3, 1, 1, 1, 3), (0.4478462162716852, 0.5, 0.625, 0.75, 0.8234460806868579), .UNSPECIFIED.);
#2329 = CARTESIAN_POINT('', (-0.2959, -0.198, 0));
#2330 = CARTESIAN_POINT('', (-0.29590799522085165, -0.19782805400759088, -0.00000000000000000005551115123125783));
#2331 = CARTESIAN_POINT('', (-0.2959090612502986, -0.19780512787526966, 0.000000000000000000013877787807814457));
#2332 = CARTESIAN_POINT('', (-0.2959340903146598, -0.19762880168622385, -0.00000000000000000005551115123125783));
#2333 = CARTESIAN_POINT('', (-0.2959374275232413, -0.1976052915276844, 0));
#2334 = CARTESIAN_POINT('', (-0.29598080162879653, -0.19742698348350518, 0.00000000000000000005551115123125783));
#2335 = CARTESIAN_POINT('', (-0.29598658484287055, -0.1974032090776146, 0));
#2336 = CARTESIAN_POINT('', (-0.296049176266189, -0.19722568580883748, 0.00000000000000000005551115123125783));
#2337 = CARTESIAN_POINT('', (-0.2960575217892981, -0.1972020160396672, 0));
#2338 = CARTESIAN_POINT('', (-0.2961396506721277, -0.19702831181100852, 0));
#2339 = CARTESIAN_POINT('', (-0.2961506011898384, -0.19700515124718737, 0));
#2340 = CARTESIAN_POINT('', (-0.2962519509573332, -0.19683842831915055, -0.00000000000000000005551115123125783));
#2341 = CARTESIAN_POINT('', (-0.2962654642596658, -0.19681619859541233, 0.000000000000000000013877787807814457));
#2342 = CARTESIAN_POINT('', (-0.2963850406607018, -0.19665957871348827, 0));
#2343 = CARTESIAN_POINT('', (-0.29639998864857586, -0.19663999999999998, 0));
#2344 = CARTESIAN_POINT('', (-0.29640098418083993, -0.19663869606256504, 0));
#2345 = CARTESIAN_POINT('', (-0.2965166655805471, -0.1965166655805471, 0));
#2346 = CARTESIAN_POINT('', (-0.296537128532451, -0.1964950795356802, 0));
#2347 = CARTESIAN_POINT('', (-0.29655528111266577, -0.1964759306654289, 0));
#2348 = CARTESIAN_POINT('', (-0.29663999999999996, -0.19640379787036183, 0));
#2349 = CARTESIAN_POINT('', (-0.29670574102236935, -0.1963478235316602, -0.00000000000000000005551115123125783));
#2350 = CARTESIAN_POINT('', (-0.2967258023436632, -0.19633074258049105, 0));
#2351 = CARTESIAN_POINT('', (-0.29688785437800674, -0.19622011269893913, 0.00000000000000000011102230246251566));
#2352 = CARTESIAN_POINT('', (-0.2969094613159192, -0.19620536204806555, 0));
#2353 = CARTESIAN_POINT('', (-0.2970800718331609, -0.19611354115746366, 0));
#2354 = CARTESIAN_POINT('', (-0.29710281990212645, -0.1961012983720501, 0.000000000000000000013877787807814457));
#2355 = CARTESIAN_POINT('', (-0.2972788246112176, -0.19602893997909898, 0.00000000000000000005551115123125783));
#2356 = CARTESIAN_POINT('', (-0.29730229190576307, -0.1960192921933722, 0));
#2357 = CARTESIAN_POINT('', (-0.2974805729662903, -0.1959663863523168, 0));
#2358 = CARTESIAN_POINT('', (-0.29750434377436064, -0.19595933224017612, 0));
#2359 = CARTESIAN_POINT('', (-0.2976819855659157, -0.19592526999971807, 0));
#2360 = CARTESIAN_POINT('', (-0.297705671138123, -0.195920728367657, 0));
#2361 = CARTESIAN_POINT('', (-0.2978800812315848, -0.1959044026863035, 0));
#2362 = CARTESIAN_POINT('', (-0.29790333591071305, -0.19590222592878967, 0));
#2363 = CARTESIAN_POINT('', (-0.29807391959769003, -0.19590222592878967, 0.00000000000000000005551115123125783));
#2364 = CARTESIAN_POINT('', (-0.2980852918434885, -0.19590222592878967, 0.0000000000000000000346944695195361));
#2365 = B_SPLINE_CURVE_WITH_KNOTS('', 2, (#2329, #2330, #2331, #2332, #2333, #2334, #2335, #2336, #2337, #2338, #2339, #2340, #2341, #2342, #2343, #2344, #2345, #2346, #2347, #2348, #2349, #2350, #2351, #2352, #2353, #2354, #2355, #2356, #2357, #2358, #2359, #2360, #2361, #2362, #2363, #2364), .UNSPECIFIED., .F., .F., (3, 1, 1, 1, 1, 1, 1, 1, 1, 1, 1, 1, 1, 1, 1, 1, 1, 1, 1, 1, 1, 1, 1, 1, 1, 1, 1, 1, 1, 1, 1, 1, 1, 1, 3), (0, 0.014705882352941176, 0.029411764705882353, 0.044117647058823525, 0.058823529411764705, 0.07352941176470588, 0.08823529411764705, 0.10294117647058823, 0.11764705882352941, 0.1323529411764706, 0.14705882352941177, 0.16176470588235295, 0.1764705882352941, 0.19117647058823528, 0.20588235294117646, 0.22058823529411764, 0.23529411764705882, 0.25, 0.2647058823529412, 0.27941176470588236, 0.29411764705882354, 0.3088235294117647, 0.3235294117647059, 0.3382352941176471, 0.3529411764705882, 0.3676470588235294, 0.38235294117647056, 0.39705882352941174, 0.4117647058823529, 0.4264705882352941, 0.4411764705882353, 0.45588235294117646, 0.47058823529411764, 0.4852941176470588, 0.5), .UNSPECIFIED.);
#2366 = CARTESIAN_POINT('', (-0.2959, -0.198, 0));
#2367 = CARTESIAN_POINT('', (-0.2959010660294468, -0.1980229261323212, 0));
#2368 = CARTESIAN_POINT('', (-0.29590906125029853, -0.19819487212473033, 0.00000000000000000005551115123125783));
#2369 = CARTESIAN_POINT('', (-0.29591239845888, -0.19821838228326977, 0));
#2370 = CARTESIAN_POINT('', (-0.2959374275232413, -0.1983947084723156, 0));
#2371 = CARTESIAN_POINT('', (-0.29594321073731533, -0.19841848287820615, 0));
#2372 = CARTESIAN_POINT('', (-0.2959865848428706, -0.19859679092238539, 0));
#2373 = CARTESIAN_POINT('', (-0.2959949303659798, -0.19862046069155567, 0));
#2374 = CARTESIAN_POINT('', (-0.2960463781727997, -0.19876637817279977, 0));
#2375 = CARTESIAN_POINT('', (-0.2960575217892981, -0.1987979839603328, 0));
#2376 = CARTESIAN_POINT('', (-0.2960684723070087, -0.19882114452415398, 0));
#2377 = CARTESIAN_POINT('', (-0.2961506011898385, -0.19899484875281268, 0));
#2378 = CARTESIAN_POINT('', (-0.2961641144921711, -0.19901707847655092, 0));
#2379 = CARTESIAN_POINT('', (-0.2962654642596659, -0.1991838014045876, 0));
#2380 = CARTESIAN_POINT('', (-0.296281407779804, -0.1992046840555108, 0));
#2381 = CARTESIAN_POINT('', (-0.2963999886485759, -0.19936, 0));
#2382 = CARTESIAN_POINT('', (-0.29640098418083993, -0.19936130393743495, 0));
#2383 = CARTESIAN_POINT('', (-0.29641913676105475, -0.19938045280768626, 0));
#2384 = CARTESIAN_POINT('', (-0.29655528111266577, -0.199524069334571, 0));
#2385 = CARTESIAN_POINT('', (-0.2965753424339596, -0.19954115028574018, 0));
#2386 = CARTESIAN_POINT('', (-0.29663999999999996, -0.19959620212963816, 0));
#2387 = CARTESIAN_POINT('', (-0.2967258023436632, -0.19966925741950906, 0.00000000000000000005551115123125783));
#2388 = CARTESIAN_POINT('', (-0.29674740928157567, -0.1996840080703826, 0));
#2389 = CARTESIAN_POINT('', (-0.2969094613159192, -0.19979463795193442, 0));
#2390 = CARTESIAN_POINT('', (-0.29693220938488474, -0.199806880737348, -0.000000000000000000013877787807814457));
#2391 = CARTESIAN_POINT('', (-0.2971028199021265, -0.19989870162794993, 0.00000000000000000011102230246251566));
#2392 = CARTESIAN_POINT('', (-0.29712628719667195, -0.19990834941367672, 0));
#2393 = CARTESIAN_POINT('', (-0.29723167678364676, -0.19995167678364684, 0));
#2394 = CARTESIAN_POINT('', (-0.2973022919057631, -0.19998070780662777, 0.00000000000000000005551115123125783));
#2395 = CARTESIAN_POINT('', (-0.29732606271383344, -0.19998776191876852, 0));
#2396 = CARTESIAN_POINT('', (-0.2975043437743606, -0.20004066775982396, 0.00000000000000000011102230246251566));
#2397 = CARTESIAN_POINT('', (-0.2975280293465679, -0.200045209391885, 0));
#2398 = CARTESIAN_POINT('', (-0.297705671138123, -0.20007927163234293, 0));
#2399 = CARTESIAN_POINT('', (-0.29772892581725124, -0.20008144838985675, 0));
#2400 = CARTESIAN_POINT('', (-0.297903335910713, -0.20009777407121032, -0.00000000000000000005551115123125783));
#2401 = CARTESIAN_POINT('', (-0.29791470815651144, -0.20009777407121032, -0.00000000000000000002775557561562886));
#2402 = B_SPLINE_CURVE_WITH_KNOTS('', 2, (#2366, #2367, #2368, #2369, #2370, #2371, #2372, #2373, #2374, #2375, #2376, #2377, #2378, #2379, #2380, #2381, #2382, #2383, #2384, #2385, #2386, #2387, #2388, #2389, #2390, #2391, #2392, #2393, #2394, #2395, #2396, #2397, #2398, #2399, #2400, #2401), .UNSPECIFIED., .F., .F., (3, 1, 1, 1, 1, 1, 1, 1, 1, 1, 1, 1, 1, 1, 1, 1, 1, 1, 1, 1, 1, 1, 1, 1, 1, 1, 1, 1, 1, 1, 1, 1, 1, 1, 3), (0, 0.014705882352941176, 0.029411764705882353, 0.044117647058823525, 0.058823529411764705, 0.07352941176470588, 0.08823529411764705, 0.10294117647058823, 0.11764705882352941, 0.1323529411764706, 0.14705882352941177, 0.16176470588235295, 0.1764705882352941, 0.19117647058823528, 0.20588235294117646, 0.22058823529411764, 0.23529411764705882, 0.25, 0.2647058823529412, 0.27941176470588236, 0.29411764705882354, 0.3088235294117647, 0.3235294117647059, 0.3382352941176471, 0.3529411764705882, 0.3676470588235294, 0.38235294117647056, 0.39705882352941174, 0.4117647058823529, 0.4264705882352941, 0.4411764705882353, 0.45588235294117646, 0.47058823529411764, 0.4852941176470588, 0.5), .UNSPECIFIED.);
#2403 = CARTESIAN_POINT('', (-0.29791470815651144, -0.20009777407121032, -0.00000000000000000002775557561562886));
#2404 = CARTESIAN_POINT('', (-0.29792608040230995, -0.20009777407121032, 0));
#2405 = CARTESIAN_POINT('', (-0.298096664089287, -0.20009777407121032, 0.00000000000000000005551115123125783));
#2406 = CARTESIAN_POINT('', (-0.29811991876841526, -0.20009559731369653, 0));
#2407 = CARTESIAN_POINT('', (-0.2982943288618769, -0.20007927163234296, -0.00000000000000000005551115123125783));
#2408 = CARTESIAN_POINT('', (-0.2983180144340843, -0.2000747300002819, 0));
#2409 = CARTESIAN_POINT('', (-0.29849565622563945, -0.20004066775982396, 0.00000000000000000005551115123125783));
#2410 = CARTESIAN_POINT('', (-0.29851942703370976, -0.2000336136476832, 0));
#2411 = CARTESIAN_POINT('', (-0.2986977080942369, -0.19998070780662774, 0.00000000000000000005551115123125783));
#2412 = CARTESIAN_POINT('', (-0.2987211753887824, -0.19997106002090095, 0));
#2413 = CARTESIAN_POINT('', (-0.2988971800978736, -0.19989870162794993, 0.00000000000000000005551115123125783));
#2414 = CARTESIAN_POINT('', (-0.2989199281668391, -0.1998864588425363, 0));
#2415 = CARTESIAN_POINT('', (-0.2990905386840807, -0.1997946379519344, -0.00000000000000000005551115123125783));
#2416 = CARTESIAN_POINT('', (-0.2991121456219931, -0.19977988730106083, -0.000000000000000000013877787807814457));
#2417 = CARTESIAN_POINT('', (-0.2992741976563368, -0.19966925741950903, -0.00000000000000000005551115123125783));
#2418 = CARTESIAN_POINT('', (-0.29929425897763057, -0.19965217646833983, 0));
#2419 = CARTESIAN_POINT('', (-0.29935999999999996, -0.1995962021296382, 0));
#2420 = CARTESIAN_POINT('', (-0.29944471888733415, -0.19952406933457106, 0));
#2421 = CARTESIAN_POINT('', (-0.29946287146754896, -0.19950492046431975, 0));
#2422 = CARTESIAN_POINT('', (-0.29948333441945285, -0.1994833344194529, 0));
#2423 = CARTESIAN_POINT('', (-0.29959901581916, -0.19936130393743495, 0));
#2424 = CARTESIAN_POINT('', (-0.29960001135142406, -0.19936, 0));
#2425 = CARTESIAN_POINT('', (-0.29961495933929816, -0.19934042128651172, 0));
#2426 = CARTESIAN_POINT('', (-0.2997345357403341, -0.1991838014045876, 0));
#2427 = CARTESIAN_POINT('', (-0.2997480490426667, -0.19916157168084936, 0));
#2428 = CARTESIAN_POINT('', (-0.29984939881016165, -0.19899484875281265, 0));
#2429 = CARTESIAN_POINT('', (-0.29986034932787226, -0.1989716881889915, 0));
#2430 = CARTESIAN_POINT('', (-0.2999424782107019, -0.1987979839603328, 0));
#2431 = CARTESIAN_POINT('', (-0.29995082373381105, -0.1987743141911625, 0));
#2432 = CARTESIAN_POINT('', (-0.30001341515712937, -0.19859679092238539, 0));
#2433 = CARTESIAN_POINT('', (-0.3000191983712034, -0.19857301651649484, 0));
#2434 = CARTESIAN_POINT('', (-0.30006257247675866, -0.1983947084723156, 0.00000000000000000005551115123125783));
#2435 = CARTESIAN_POINT('', (-0.30006590968534014, -0.19837119831377617, 0.000000000000000000013877787807814457));
#2436 = CARTESIAN_POINT('', (-0.3000909387497015, -0.19819487212473036, -0.00000000000000000005551115123125783));
#2437 = CARTESIAN_POINT('', (-0.3000920047791483, -0.19817194599240912, 0));
#2438 = CARTESIAN_POINT('', (-0.30010000000000003, -0.198, 0));
#2439 = B_SPLINE_CURVE_WITH_KNOTS('', 2, (#2403, #2404, #2405, #2406, #2407, #2408, #2409, #2410, #2411, #2412, #2413, #2414, #2415, #2416, #2417, #2418, #2419, #2420, #2421, #2422, #2423, #2424, #2425, #2426, #2427, #2428, #2429, #2430, #2431, #2432, #2433, #2434, #2435, #2436, #2437, #2438), .UNSPECIFIED., .F., .F., (3, 1, 1, 1, 1, 1, 1, 1, 1, 1, 1, 1, 1, 1, 1, 1, 1, 1, 1, 1, 1, 1, 1, 1, 1, 1, 1, 1, 1, 1, 1, 1, 1, 1, 3), (0.5, 0.5147058823529411, 0.5294117647058824, 0.5441176470588236, 0.5588235294117647, 0.5735294117647058, 0.5882352941176471, 0.6029411764705883, 0.6176470588235294, 0.6323529411764706, 0.6470588235294118, 0.6617647058823529, 0.6764705882352942, 0.6911764705882353, 0.7058823529411764, 0.7205882352941176, 0.7352941176470589, 0.75, 0.7647058823529411, 0.7794117647058824, 0.7941176470588236, 0.8088235294117647, 0.8235294117647058, 0.8382352941176471, 0.8529411764705882, 0.8676470588235294, 0.8823529411764706, 0.8970588235294118, 0.9117647058823529, 0.9264705882352942, 0.9411764705882353, 0.9558823529411765, 0.9705882352941176, 0.9852941176470589, 1), .UNSPECIFIED.);
#2440 = CARTESIAN_POINT('', (-0.2980852918434885, -0.19590222592878967, 0.000000000000000000034694469519536106));
#2441 = CARTESIAN_POINT('', (-0.2980966640892869, -0.19590222592878967, 0.000000000000000000013877787807814457));
#2442 = CARTESIAN_POINT('', (-0.2982710741827486, -0.1959185516101432, 0));
#2443 = CARTESIAN_POINT('', (-0.29829432886187685, -0.195920728367657, 0));
#2444 = CARTESIAN_POINT('', (-0.2984719706534321, -0.195954790608115, 0.00000000000000000005551115123125783));
#2445 = CARTESIAN_POINT('', (-0.29849565622563945, -0.19595933224017606, 0));
#2446 = CARTESIAN_POINT('', (-0.29867393728616665, -0.1960122380812315, 0));
#2447 = CARTESIAN_POINT('', (-0.2986977080942369, -0.19601929219337222, 0));
#2448 = CARTESIAN_POINT('', (-0.29876832321635305, -0.1960483232163531, 0));
#2449 = CARTESIAN_POINT('', (-0.29887371280332803, -0.19609165058632325, -0.00000000000000000005551115123125783));
#2450 = CARTESIAN_POINT('', (-0.2988971800978735, -0.1961012983720501, 0));
#2451 = CARTESIAN_POINT('', (-0.2990677906151151, -0.19619311926265198, -0.00000000000000000005551115123125783));
#2452 = CARTESIAN_POINT('', (-0.2990905386840807, -0.19620536204806555, -0.000000000000000000013877787807814457));
#2453 = CARTESIAN_POINT('', (-0.2992525907184243, -0.19631599192961743, 0.00000000000000000005551115123125783));
#2454 = CARTESIAN_POINT('', (-0.2992741976563367, -0.19633074258049105, 0));
#2455 = CARTESIAN_POINT('', (-0.29935999999999996, -0.19640379787036183, 0));
#2456 = CARTESIAN_POINT('', (-0.2994246575660403, -0.19645884971425975, 0));
#2457 = CARTESIAN_POINT('', (-0.29944471888733415, -0.1964759306654289, 0));
#2458 = CARTESIAN_POINT('', (-0.29958086323894517, -0.19661954719231373, 0));
#2459 = CARTESIAN_POINT('', (-0.29959901581916, -0.19663869606256504, 0));
#2460 = CARTESIAN_POINT('', (-0.2996000113514241, -0.19663999999999998, 0));
#2461 = CARTESIAN_POINT('', (-0.299718592220196, -0.19679531594448915, 0));
#2462 = CARTESIAN_POINT('', (-0.29973453574033415, -0.19681619859541238, 0));
#2463 = CARTESIAN_POINT('', (-0.29983588550782897, -0.1969829215234491, 0));
#2464 = CARTESIAN_POINT('', (-0.2998493988101616, -0.19700515124718734, 0));
#2465 = CARTESIAN_POINT('', (-0.2999315276929912, -0.19717885547584604, 0));
#2466 = CARTESIAN_POINT('', (-0.29994247821070186, -0.1972020160396672, 0));
#2467 = CARTESIAN_POINT('', (-0.29995362182720026, -0.1972336218272003, 0));
#2468 = CARTESIAN_POINT('', (-0.3000050696340203, -0.19737953930844432, -0.00000000000000000005551115123125783));
#2469 = CARTESIAN_POINT('', (-0.3000134151571294, -0.1974032090776146, 0.000000000000000000013877787807814457));
#2470 = CARTESIAN_POINT('', (-0.3000567892626846, -0.19758151712179378, 0.00000000000000000005551115123125783));
#2471 = CARTESIAN_POINT('', (-0.3000625724767586, -0.19760529152768433, 0));
#2472 = CARTESIAN_POINT('', (-0.30008760154111996, -0.19778161771673022, 0.00000000000000000005551115123125783));
#2473 = CARTESIAN_POINT('', (-0.3000909387497015, -0.19780512787526966, 0));
#2474 = CARTESIAN_POINT('', (-0.30009893397055315, -0.19797707386767877, 0.00000000000000000005551115123125783));
#2475 = CARTESIAN_POINT('', (-0.30010000000000003, -0.198, 0));
#2476 = B_SPLINE_CURVE_WITH_KNOTS('', 2, (#2440, #2441, #2442, #2443, #2444, #2445, #2446, #2447, #2448, #2449, #2450, #2451, #2452, #2453, #2454, #2455, #2456, #2457, #2458, #2459, #2460, #2461, #2462, #2463, #2464, #2465, #2466, #2467, #2468, #2469, #2470, #2471, #2472, #2473, #2474, #2475), .UNSPECIFIED., .F., .F., (3, 1, 1, 1, 1, 1, 1, 1, 1, 1, 1, 1, 1, 1, 1, 1, 1, 1, 1, 1, 1, 1, 1, 1, 1, 1, 1, 1, 1, 1, 1, 1, 1, 1, 3), (0.5, 0.5147058823529411, 0.5294117647058824, 0.5441176470588236, 0.5588235294117647, 0.5735294117647058, 0.5882352941176471, 0.6029411764705883, 0.6176470588235294, 0.6323529411764706, 0.6470588235294118, 0.6617647058823529, 0.6764705882352942, 0.6911764705882353, 0.7058823529411764, 0.7205882352941176, 0.7352941176470589, 0.75, 0.7647058823529411, 0.7794117647058824, 0.7941176470588236, 0.8088235294117647, 0.8235294117647058, 0.8382352941176471, 0.8529411764705882, 0.8676470588235294, 0.8823529411764706, 0.8970588235294118, 0.9117647058823529, 0.9264705882352942, 0.9411764705882353, 0.9558823529411765, 0.9705882352941176, 0.9852941176470589, 1), .UNSPECIFIED.);
#2477 = DIRECTION('', (-0.9511795870970007, -0.3086379644340265, -0.00000000000000676707367390679));
#2478 = DIRECTION('', (-0.0000000000000053500458884938075, -0.000000000000005437500982151456, 1.0000000000000002));
#2479 = CARTESIAN_POINT('', (-0.29800000000000026, -0.19800000000000023, 0.012000000000000016));
#2480 = AXIS2_PLACEMENT_3D('', #2479, #2478, #2477);
#2481 = CIRCLE('', #2480, 0.0020999999999996664);
#2482 = DIRECTION('', (1, 0.000000000000013534147347811286, 0));
#2483 = DIRECTION('', (0, -0, 1));
#2484 = CARTESIAN_POINT('', (0.298, -0.19800000000000004, -0.005));
#2485 = AXIS2_PLACEMENT_3D('', #2484, #2483, #2482);
#2486 = CIRCLE('', #2485, 0.002100000000000023);
#2487 = DIRECTION('', (0, -0, 1));
#2488 = VECTOR('', #2487, 1);
#2489 = CARTESIAN_POINT('', (0.30010000000000003, -0.198, -0.005));
#2490 = LINE('', #2489, #2488);
#2491 = DIRECTION('', (-1, -0.000000000000027068294695623304, 0));
#2492 = DIRECTION('', (0, 0, 1));
#2493 = CARTESIAN_POINT('', (0.29799999999999993, -0.19799999999999995, -0.005));
#2494 = AXIS2_PLACEMENT_3D('', #2493, #2492, #2491);
#2495 = CIRCLE('', #2494, 0.002099999999999966);
#2496 = DIRECTION('', (0, -0, 1));
#2497 = VECTOR('', #2496, 1);
#2498 = CARTESIAN_POINT('', (0.2959, -0.198, -0.005));
#2499 = LINE('', #2498, #2497);
#2500 = CARTESIAN_POINT('', (0.2986486822952823, -0.19999730098162133, 0.012));
#2501 = CARTESIAN_POINT('', (0.298676331579681, -0.199971672638905, 0.012));
#2502 = CARTESIAN_POINT('', (0.298714, -0.19993499757597424, 0.012));
#2503 = CARTESIAN_POINT('', (0.2988367285977804, -0.1998155054653713, 0.012));
#2504 = CARTESIAN_POINT('', (0.2992086742384115, -0.1994533684375523, 0.012));
#2505 = CARTESIAN_POINT('', (0.29929049021446225, -0.19937265026193063, 0.012));
#2506 = B_SPLINE_CURVE_WITH_KNOTS('', 2, (#2500, #2501, #2502, #2503, #2504, #2505), .UNSPECIFIED., .F., .F., (3, 1, 1, 1, 3), (0.11244294100758494, 0.2, 0.30000000000000004, 0.4, 0.45000000362839415), .UNSPECIFIED.);
#2507 = CARTESIAN_POINT('', (0.2999937606413432, -0.19865253552290116, 0.012));
#2508 = CARTESIAN_POINT('', (0.29998629861612636, -0.19867369949454386, 0.011661240776204531));
#2509 = CARTESIAN_POINT('', (0.29998320912237325, -0.19868246198948072, 0.011520984682809448));
#2510 = CARTESIAN_POINT('', (0.29998176987317016, -0.19868654402196337, 0.011451612903225808));
#2511 = CARTESIAN_POINT('', (0.2999763390504708, -0.1987019470491935, 0.011189847369884652));
#2512 = CARTESIAN_POINT('', (0.29997263008105224, -0.1987124665156006, 0.01101107512639178));
#2513 = CARTESIAN_POINT('', (0.2999717310517805, -0.19871501636359243, 0.01096774193548387));
#2514 = CARTESIAN_POINT('', (0.2999703925422618, -0.19871881267580968, 0.010903225806451613));
#2515 = CARTESIAN_POINT('', (0.29996653427371445, -0.1987297555879218, 0.010717257348269345));
#2516 = CARTESIAN_POINT('', (0.2999590152113535, -0.19875108132965608, 0.01035483870967742));
#2517 = CARTESIAN_POINT('', (0.2999567294969582, -0.19875756412665013, 0.01024466732665406));
#2518 = CARTESIAN_POINT('', (0.2999476378804451, -0.19878334998350244, 0.009806451612903225));
#2519 = CARTESIAN_POINT('', (0.29994692472020185, -0.19878537266537846, 0.00977207730503886));
#2520 = CARTESIAN_POINT('', (0.2999464115961588, -0.19878682799987282, 0.00974734473757583));
#2521 = CARTESIAN_POINT('', (0.2999432877245095, -0.19879568799820843, 0.009596774193548388));
#2522 = CARTESIAN_POINT('', (0.2999424782107019, -0.1987979839603328, 0.009557755646022844));
#2523 = CARTESIAN_POINT('', (0.2999338853876995, -0.19881615795272375, 0.009308690038339116));
#2524 = CARTESIAN_POINT('', (0.2999321387950816, -0.19881985203101896, 0.009258064516129032));
#2525 = CARTESIAN_POINT('', (0.2999181618884389, -0.19884941346791885, 0.00885293959436524));
#2526 = CARTESIAN_POINT('', (0.2999132193091553, -0.19885986712188877, 0.008709677419354838));
#2527 = CARTESIAN_POINT('', (0.29990638909766887, -0.198874313155695, 0.008511701646548485));
#2528 = CARTESIAN_POINT('', (0.29990243838917807, -0.19888266898311405, 0.008397189150391672));
#2529 = CARTESIAN_POINT('', (0.2998965256451025, -0.1988951745550094, 0.008225806451612902));
#2530 = CARTESIAN_POINT('', (0.2998942998232288, -0.19889988221275884, 0.008161290322580646));
#2531 = CARTESIAN_POINT('', (0.2998867148899173, -0.19891592449830933, 0.007941438706418343));
#2532 = CARTESIAN_POINT('', (0.2998753803373022, -0.198939897303629, 0.007612903225806451));
#2533 = CARTESIAN_POINT('', (0.2998709913906565, -0.1989491800135047, 0.007485688262445263));
#2534 = CARTESIAN_POINT('', (0.29986392249087346, -0.19896413087782866, 0.007280794036226661));
#2535 = CARTESIAN_POINT('', (0.2998564608513757, -0.19897991239449905, 0.007064516129032258));
#2536 = CARTESIAN_POINT('', (0.29985526789139566, -0.19898243552869996, 0.00702993781847189));
#2537 = CARTESIAN_POINT('', (0.29984939881016165, -0.19899484875281265, 0.00685982070053449));
#2538 = CARTESIAN_POINT('', (0.2998490962013363, -0.19899534655197554, 0.0068548387096774195));
#2539 = CARTESIAN_POINT('', (0.299833215745356, -0.19902147030326817, 0.00659339132325414));
#2540 = CARTESIAN_POINT('', (0.29982852279191746, -0.19902919033023758, 0.006516129032258065));
#2541 = CARTESIAN_POINT('', (0.29980739439225124, -0.19906394708147798, 0.0061682822903969155));
#2542 = CARTESIAN_POINT('', (0.29980253728081946, -0.19907193715249358, 0.00608831738945493));
#2543 = CARTESIAN_POINT('', (0.299795213462382, -0.19908398501885263, 0.005967741935483872));
#2544 = CARTESIAN_POINT('', (0.2997815730391462, -0.199106423859688, 0.005743173257540489));
#2545 = CARTESIAN_POINT('', (0.2997658228774977, -0.199132333273513, 0.005483870967741934));
#2546 = CARTESIAN_POINT('', (0.29976190413284654, -0.19913877970746768, 0.005419354838709678));
#2547 = CARTESIAN_POINT('', (0.2997557516860416, -0.1991489006378977, 0.0053180642246829215));
#2548 = CARTESIAN_POINT('', (0.29973453574033415, -0.1991838014045876, 0.004968776171331656));
#2549 = CARTESIAN_POINT('', (0.2997282944578275, -0.19919197616917972, 0.004921767206961485));
#2550 = CARTESIAN_POINT('', (0.29972608830931485, -0.19919486575873557, 0.004905150629083956));
#2551 = CARTESIAN_POINT('', (0.29972154991842614, -0.1992008100942312, 0.004870967741935484));
#2552 = CARTESIAN_POINT('', (0.299678725702631, -0.19925690079075015, 0.004548418324830427));
#2553 = CARTESIAN_POINT('', (0.29964874170323147, -0.199296173510157, 0.00432258064516129));
#2554 = CARTESIAN_POINT('', (0.29963570774776827, -0.1993132452446127, 0.0042244096767227665));
#2555 = CARTESIAN_POINT('', (0.2996322279433656, -0.19931780305493269, 0.004198199999303411));
#2556 = B_SPLINE_CURVE_WITH_KNOTS('', 2, (#2507, #2508, #2509, #2510, #2511, #2512, #2513, #2514, #2515, #2516, #2517, #2518, #2519, #2520, #2521, #2522, #2523, #2524, #2525, #2526, #2527, #2528, #2529, #2530, #2531, #2532, #2533, #2534, #2535, #2536, #2537, #2538, #2539, #2540, #2541, #2542, #2543, #2544, #2545, #2546, #2547, #2548, #2549, #2550, #2551, #2552, #2553, #2554, #2555), .UNSPECIFIED., .F., .F., (3, 1, 1, 1, 1, 1, 1, 1, 1, 1, 1, 1, 1, 1, 1, 1, 1, 1, 1, 1, 1, 1, 1, 1, 1, 1, 1, 1, 1, 1, 1, 1, 1, 1, 1, 1, 1, 1, 1, 1, 1, 1, 1, 1, 1, 1, 1, 3), (0, 0.010752688172043012, 0.021505376344086023, 0.03225806451612903, 0.043010752688172046, 0.05376344086021506, 0.06451612903225806, 0.07526881720430108, 0.08602150537634409, 0.09677419354838711, 0.10752688172043012, 0.11827956989247312, 0.12903225806451613, 0.13978494623655915, 0.15053763440860216, 0.16129032258064518, 0.17204301075268819, 0.1827956989247312, 0.19354838709677422, 0.20430107526881722, 0.21505376344086025, 0.22580645161290325, 0.23655913978494625, 0.24731182795698928, 0.25806451612903225, 0.2688172043010753, 0.2795698924731183, 0.2903225806451613, 0.3010752688172043, 0.3118279569892473, 0.32258064516129037, 0.33333333333333337, 0.34408602150537637, 0.3548387096774194, 0.3655913978494624, 0.37634408602150543, 0.38709677419354843, 0.39784946236559143, 0.40860215053763443, 0.41935483870967744, 0.4301075268817205, 0.4408602150537635, 0.4516129032258065, 0.4623655913978495, 0.4731182795698925, 0.4838709677419355, 0.49462365591397855, 0.5), .UNSPECIFIED.);
#2557 = CARTESIAN_POINT('', (0.2996322279433655, -0.19931780305493269, 0.004198199999303411));
#2558 = CARTESIAN_POINT('', (0.2996287481389628, -0.19932236086525268, 0.004171990321884056));
#2559 = CARTESIAN_POINT('', (0.2996209032680099, -0.19933263599271694, 0.00411290322580645));
#2560 = CARTESIAN_POINT('', (0.29959901581916, -0.199361303937435, 0.003948048277798224));
#2561 = CARTESIAN_POINT('', (0.29956996140137543, -0.19939195298400578, 0.003926529674968701));
#2562 = CARTESIAN_POINT('', (0.2995585349062653, -0.19940400661328067, 0.003918066858338416));
#2563 = CARTESIAN_POINT('', (0.29948333441945285, -0.19948333441945282, 0.003862371045731892));
#2564 = CARTESIAN_POINT('', (0.29944471888733415, -0.199524069334571, 0.0037765101578899085));
#2565 = CARTESIAN_POINT('', (0.29934411310415515, -0.19960972882053651, 0.00411290322580645));
#2566 = CARTESIAN_POINT('', (0.29928140443682194, -0.19966312129997066, 0.00432258064516129));
#2567 = CARTESIAN_POINT('', (0.2992741976563367, -0.19966925741950897, 0.004346677778751626));
#2568 = CARTESIAN_POINT('', (0.2992450327787305, -0.19968916773392204, 0.004578874827796846));
#2569 = CARTESIAN_POINT('', (0.29920834474102487, -0.19971421396849834, 0.004870967741935485));
#2570 = CARTESIAN_POINT('', (0.2991688261097485, -0.19974119259616518, 0.005185596511803564));
#2571 = CARTESIAN_POINT('', (0.29913946512940126, -0.19976123678623792, 0.005419354838709678));
#2572 = CARTESIAN_POINT('', (0.29913136164568094, -0.19976676888244257, 0.005483870967741934));
#2573 = CARTESIAN_POINT('', (0.2990905386840808, -0.19979463795193445, 0.005808884202661413));
#2574 = CARTESIAN_POINT('', (0.2990772065526543, -0.19980181317302276, 0.005967741935483871));
#2575 = CARTESIAN_POINT('', (0.2990730419699909, -0.1998040545101649, 0.0060173646206256644));
#2576 = CARTESIAN_POINT('', (0.29905029833600955, -0.19981629490871394, 0.006288364209126539));
#2577 = CARTESIAN_POINT('', (0.29903118317867733, -0.19982658249706792, 0.006516129032258064));
#2578 = CARTESIAN_POINT('', (0.2990126421891784, -0.19983656107398073, 0.006737052413662067));
#2579 = CARTESIAN_POINT('', (0.29900275697710327, -0.19984188119721344, 0.0068548387096774195));
#2580 = CARTESIAN_POINT('', (0.29898515980470036, -0.19985135182111302, 0.007064516129032258));
#2581 = CARTESIAN_POINT('', (0.29895224240836593, -0.19986906763779647, 0.007456740206698173));
#2582 = CARTESIAN_POINT('', (0.29893913643072334, -0.19987612114515818, 0.007612903225806452));
#2583 = CARTESIAN_POINT('', (0.2989170905117135, -0.19988798604041985, 0.007875589258507489));
#2584 = CARTESIAN_POINT('', (0.2988971800978735, -0.19989870162794987, 0.0081128298842561));
#2585 = CARTESIAN_POINT('', (0.2988940318176025, -0.1998999959370746, 0.008161290322580644));
#2586 = CARTESIAN_POINT('', (0.2988933472565868, -0.19990027737122046, 0.00817182754418223));
#2587 = CARTESIAN_POINT('', (0.29888984046351613, -0.19990171907077678, 0.008225806451612902));
#2588 = CARTESIAN_POINT('', (0.2988584053078684, -0.19991464257354322, 0.00870967741935484));
#2589 = CARTESIAN_POINT('', (0.298849974130418, -0.19991810876745444, 0.008839455749002169));
#2590 = CARTESIAN_POINT('', (0.29882277879813457, -0.19992928921001166, 0.009258064516129032));
#2591 = CARTESIAN_POINT('', (0.2988132672324128, -0.19993319956907893, 0.009404472905581135));
#2592 = CARTESIAN_POINT('', (0.29880660100424933, -0.19993594016368826, 0.009507083953821658));
#2593 = CARTESIAN_POINT('', (0.2988007741891812, -0.19993833566194816, 0.009596774193548386));
#2594 = CARTESIAN_POINT('', (0.29878715228840047, -0.19994393584648026, 0.009806451612903225));
#2595 = CARTESIAN_POINT('', (0.2987632278780807, -0.19995377155992214, 0.010174712158641203));
#2596 = CARTESIAN_POINT('', (0.2987515257786667, -0.19995858248294865, 0.01035483870967742));
#2597 = CARTESIAN_POINT('', (0.29871985475191204, -0.19997160295615593, 0.010842340363460472));
#2598 = CARTESIAN_POINT('', (0.2987158992689327, -0.19997322911941717, 0.010903225806451611));
#2599 = CARTESIAN_POINT('', (0.29871459066102135, -0.19997376710937184, 0.01092336877579307));
#2600 = CARTESIAN_POINT('', (0.29871170791484636, -0.19997495225311934, 0.01096774193548387));
#2601 = CARTESIAN_POINT('', (0.2986977080942369, -0.19998070780662774, 0.011183236549935189));
#2602 = CARTESIAN_POINT('', (0.2986839586797487, -0.19998478801758998, 0.011437904007844571));
#2603 = CARTESIAN_POINT('', (0.2986831785789362, -0.19998501951660322, 0.01145161290322581));
#2604 = CARTESIAN_POINT('', (0.29868052469659534, -0.19998580707012625, 0.011498250202899386));
#2605 = CARTESIAN_POINT('', (0.29865197276637223, -0.1999942800053766, 0.012000000000000002));
#2606 = B_SPLINE_CURVE_WITH_KNOTS('', 2, (#2557, #2558, #2559, #2560, #2561, #2562, #2563, #2564, #2565, #2566, #2567, #2568, #2569, #2570, #2571, #2572, #2573, #2574, #2575, #2576, #2577, #2578, #2579, #2580, #2581, #2582, #2583, #2584, #2585, #2586, #2587, #2588, #2589, #2590, #2591, #2592, #2593, #2594, #2595, #2596, #2597, #2598, #2599, #2600, #2601, #2602, #2603, #2604, #2605), .UNSPECIFIED., .F., .F., (3, 1, 1, 1, 1, 1, 1, 1, 1, 1, 1, 1, 1, 1, 1, 1, 1, 1, 1, 1, 1, 1, 1, 1, 1, 1, 1, 1, 1, 1, 1, 1, 1, 1, 1, 1, 1, 1, 1, 1, 1, 1, 1, 1, 1, 1, 1, 3), (0.5, 0.5053763440860215, 0.5161290322580645, 0.5268817204301075, 0.5376344086021505, 0.5483870967741935, 0.5591397849462365, 0.5698924731182795, 0.5806451612903225, 0.5913978494623655, 0.6021505376344085, 0.6129032258064515, 0.6236559139784945, 0.6344086021505376, 0.6451612903225806, 0.6559139784946236, 0.6666666666666666, 0.6774193548387096, 0.6881720430107527, 0.6989247311827957, 0.7096774193548387, 0.7204301075268817, 0.7311827956989247, 0.7419354838709677, 0.7526881720430108, 0.7634408602150538, 0.7741935483870968, 0.7849462365591398, 0.7956989247311828, 0.8064516129032258, 0.8172043010752688, 0.8279569892473118, 0.8387096774193548, 0.8494623655913979, 0.8602150537634409, 0.8709677419354839, 0.8817204301075269, 0.8924731182795699, 0.9032258064516129, 0.9139784946236559, 0.9247311827956989, 0.935483870967742, 0.946236559139785, 0.956989247311828, 0.967741935483871, 0.978494623655914, 0.989247311827957, 1), .UNSPECIFIED.);
#2607 = CARTESIAN_POINT('', (0.29929049021446225, -0.19937265026193063, 0.012));
#2608 = CARTESIAN_POINT('', (0.29937230617863864, -0.19929193209802404, 0.012));
#2609 = CARTESIAN_POINT('', (0.2994912563831679, -0.19916976008403994, 0.012));
#2610 = CARTESIAN_POINT('', (0.2999349975759743, -0.198714, 0.012));
#2611 = CARTESIAN_POINT('', (0.29997167264032404, -0.1986763315782236, 0.012));
#2612 = CARTESIAN_POINT('', (0.2999973009858695, -0.19864868229069907, 0.012));
#2613 = B_SPLINE_CURVE_WITH_KNOTS('', 2, (#2607, #2608, #2609, #2610, #2611, #2612), .UNSPECIFIED., .F., .F., (3, 1, 1, 1, 3), (0.45000000362839415, 0.5, 0.6, 0.7, 0.7875570662492034), .UNSPECIFIED.);
#2614 = CARTESIAN_POINT('', (0.30010000000000003, -0.198, 0));
#2615 = CARTESIAN_POINT('', (0.3000920047791483, -0.19782805400759088, -0.00000000000000000005551115123125783));
#2616 = CARTESIAN_POINT('', (0.3000909387497015, -0.19780512787526966, 0.000000000000000000013877787807814457));
#2617 = CARTESIAN_POINT('', (0.30006590968534014, -0.19762880168622385, -0.00000000000000000005551115123125783));
#2618 = CARTESIAN_POINT('', (0.30006257247675866, -0.1976052915276844, 0));
#2619 = CARTESIAN_POINT('', (0.3000191983712034, -0.19742698348350518, 0.00000000000000000005551115123125783));
#2620 = CARTESIAN_POINT('', (0.30001341515712937, -0.1974032090776146, 0));
#2621 = CARTESIAN_POINT('', (0.299950823733811, -0.19722568580883748, 0.00000000000000000005551115123125783));
#2622 = CARTESIAN_POINT('', (0.29994247821070186, -0.1972020160396672, 0));
#2623 = CARTESIAN_POINT('', (0.2998603493278722, -0.19702831181100852, 0));
#2624 = CARTESIAN_POINT('', (0.2998493988101616, -0.19700515124718737, 0));
#2625 = CARTESIAN_POINT('', (0.2997480490426668, -0.19683842831915055, -0.00000000000000000005551115123125783));
#2626 = CARTESIAN_POINT('', (0.2997345357403341, -0.19681619859541233, 0.000000000000000000013877787807814457));
#2627 = CARTESIAN_POINT('', (0.2996149593392982, -0.19665957871348827, 0));
#2628 = CARTESIAN_POINT('', (0.2996000113514241, -0.19663999999999998, 0));
#2629 = CARTESIAN_POINT('', (0.29959901581916004, -0.19663869606256504, 0));
#2630 = CARTESIAN_POINT('', (0.29948333441945285, -0.1965166655805471, 0));
#2631 = CARTESIAN_POINT('', (0.29946287146754896, -0.1964950795356802, 0));
#2632 = CARTESIAN_POINT('', (0.29944471888733415, -0.1964759306654289, 0));
#2633 = CARTESIAN_POINT('', (0.29935999999999996, -0.1964037978703618, 0));
#2634 = CARTESIAN_POINT('', (0.29929425897763057, -0.1963478235316602, -0.00000000000000000005551115123125783));
#2635 = CARTESIAN_POINT('', (0.2992741976563368, -0.19633074258049105, 0));
#2636 = CARTESIAN_POINT('', (0.2991121456219932, -0.19622011269893913, 0.00000000000000000011102230246251566));
#2637 = CARTESIAN_POINT('', (0.2990905386840807, -0.19620536204806555, 0));
#2638 = CARTESIAN_POINT('', (0.2989199281668391, -0.19611354115746366, 0));
#2639 = CARTESIAN_POINT('', (0.2988971800978736, -0.1961012983720501, 0.000000000000000000013877787807814457));
#2640 = CARTESIAN_POINT('', (0.2987211753887824, -0.19602893997909898, 0.00000000000000000005551115123125783));
#2641 = CARTESIAN_POINT('', (0.2986977080942369, -0.1960192921933722, 0));
#2642 = CARTESIAN_POINT('', (0.29851942703370976, -0.1959663863523168, 0));
#2643 = CARTESIAN_POINT('', (0.2984956562256395, -0.19595933224017612, 0));
#2644 = CARTESIAN_POINT('', (0.2983180144340843, -0.19592526999971807, 0));
#2645 = CARTESIAN_POINT('', (0.2982943288618769, -0.195920728367657, 0));
#2646 = CARTESIAN_POINT('', (0.29811991876841526, -0.1959044026863035, 0));
#2647 = CARTESIAN_POINT('', (0.298096664089287, -0.19590222592878967, 0));
#2648 = CARTESIAN_POINT('', (0.29792608040230995, -0.19590222592878967, 0.00000000000000000005551115123125783));
#2649 = CARTESIAN_POINT('', (0.29791470815651144, -0.19590222592878967, 0.0000000000000000000346944695195361));
#2650 = B_SPLINE_CURVE_WITH_KNOTS('', 2, (#2614, #2615, #2616, #2617, #2618, #2619, #2620, #2621, #2622, #2623, #2624, #2625, #2626, #2627, #2628, #2629, #2630, #2631, #2632, #2633, #2634, #2635, #2636, #2637, #2638, #2639, #2640, #2641, #2642, #2643, #2644, #2645, #2646, #2647, #2648, #2649), .UNSPECIFIED., .F., .F., (3, 1, 1, 1, 1, 1, 1, 1, 1, 1, 1, 1, 1, 1, 1, 1, 1, 1, 1, 1, 1, 1, 1, 1, 1, 1, 1, 1, 1, 1, 1, 1, 1, 1, 3), (0, 0.014705882352941176, 0.029411764705882353, 0.044117647058823525, 0.058823529411764705, 0.07352941176470588, 0.08823529411764705, 0.10294117647058823, 0.11764705882352941, 0.1323529411764706, 0.14705882352941177, 0.16176470588235295, 0.1764705882352941, 0.19117647058823528, 0.20588235294117646, 0.22058823529411764, 0.23529411764705882, 0.25, 0.2647058823529412, 0.27941176470588236, 0.29411764705882354, 0.3088235294117647, 0.3235294117647059, 0.3382352941176471, 0.3529411764705882, 0.3676470588235294, 0.38235294117647056, 0.39705882352941174, 0.4117647058823529, 0.4264705882352941, 0.4411764705882353, 0.45588235294117646, 0.47058823529411764, 0.4852941176470588, 0.5), .UNSPECIFIED.);
#2651 = CARTESIAN_POINT('', (0.30010000000000003, -0.198, 0));
#2652 = CARTESIAN_POINT('', (0.30009893397055315, -0.1980229261323212, 0));
#2653 = CARTESIAN_POINT('', (0.3000909387497015, -0.19819487212473033, 0.00000000000000000005551115123125783));
#2654 = CARTESIAN_POINT('', (0.30008760154111996, -0.19821838228326977, 0));
#2655 = CARTESIAN_POINT('', (0.30006257247675866, -0.1983947084723156, 0));
#2656 = CARTESIAN_POINT('', (0.30005678926268464, -0.19841848287820615, 0));
#2657 = CARTESIAN_POINT('', (0.3000134151571295, -0.19859679092238539, 0));
#2658 = CARTESIAN_POINT('', (0.30000506963402035, -0.19862046069155567, 0));
#2659 = CARTESIAN_POINT('', (0.2999536218272003, -0.19876637817279966, 0));
#2660 = CARTESIAN_POINT('', (0.2999424782107019, -0.1987979839603328, 0));
#2661 = CARTESIAN_POINT('', (0.29993152769299125, -0.19882114452415398, 0));
#2662 = CARTESIAN_POINT('', (0.2998493988101617, -0.19899484875281268, 0));
#2663 = CARTESIAN_POINT('', (0.2998358855078291, -0.19901707847655092, 0));
#2664 = CARTESIAN_POINT('', (0.29973453574033415, -0.1991838014045876, 0));
#2665 = CARTESIAN_POINT('', (0.299718592220196, -0.1992046840555108, 0));
#2666 = CARTESIAN_POINT('', (0.29960001135142406, -0.19936, 0));
#2667 = CARTESIAN_POINT('', (0.29959901581916, -0.19936130393743495, 0));
#2668 = CARTESIAN_POINT('', (0.29958086323894517, -0.19938045280768626, 0));
#2669 = CARTESIAN_POINT('', (0.29944471888733415, -0.199524069334571, 0));
#2670 = CARTESIAN_POINT('', (0.2994246575660403, -0.19954115028574018, 0));
#2671 = CARTESIAN_POINT('', (0.29935999999999996, -0.19959620212963816, 0));
#2672 = CARTESIAN_POINT('', (0.2992741976563367, -0.19966925741950906, 0.00000000000000000005551115123125783));
#2673 = CARTESIAN_POINT('', (0.2992525907184243, -0.1996840080703826, 0));
#2674 = CARTESIAN_POINT('', (0.2990905386840808, -0.19979463795193442, 0));
#2675 = CARTESIAN_POINT('', (0.2990677906151152, -0.199806880737348, -0.000000000000000000013877787807814457));
#2676 = CARTESIAN_POINT('', (0.2988971800978736, -0.19989870162794993, 0.00000000000000000011102230246251566));
#2677 = CARTESIAN_POINT('', (0.2988737128033281, -0.19990834941367672, 0));
#2678 = CARTESIAN_POINT('', (0.29876832321635305, -0.19995167678364692, 0));
#2679 = CARTESIAN_POINT('', (0.2986977080942369, -0.19998070780662777, 0.00000000000000000005551115123125783));
#2680 = CARTESIAN_POINT('', (0.29867393728616665, -0.19998776191876852, 0));
#2681 = CARTESIAN_POINT('', (0.29849565622563945, -0.20004066775982396, 0.00000000000000000011102230246251566));
#2682 = CARTESIAN_POINT('', (0.2984719706534321, -0.200045209391885, 0));
#2683 = CARTESIAN_POINT('', (0.29829432886187685, -0.20007927163234293, 0));
#2684 = CARTESIAN_POINT('', (0.2982710741827486, -0.20008144838985675, 0));
#2685 = CARTESIAN_POINT('', (0.2980966640892869, -0.20009777407121032, -0.00000000000000000005551115123125783));
#2686 = CARTESIAN_POINT('', (0.2980852918434885, -0.20009777407121032, -0.00000000000000000002775557561562886));
#2687 = B_SPLINE_CURVE_WITH_KNOTS('', 2, (#2651, #2652, #2653, #2654, #2655, #2656, #2657, #2658, #2659, #2660, #2661, #2662, #2663, #2664, #2665, #2666, #2667, #2668, #2669, #2670, #2671, #2672, #2673, #2674, #2675, #2676, #2677, #2678, #2679, #2680, #2681, #2682, #2683, #2684, #2685, #2686), .UNSPECIFIED., .F., .F., (3, 1, 1, 1, 1, 1, 1, 1, 1, 1, 1, 1, 1, 1, 1, 1, 1, 1, 1, 1, 1, 1, 1, 1, 1, 1, 1, 1, 1, 1, 1, 1, 1, 1, 3), (0, 0.014705882352941176, 0.029411764705882353, 0.044117647058823525, 0.058823529411764705, 0.07352941176470588, 0.08823529411764705, 0.10294117647058823, 0.11764705882352941, 0.1323529411764706, 0.14705882352941177, 0.16176470588235295, 0.1764705882352941, 0.19117647058823528, 0.20588235294117646, 0.22058823529411764, 0.23529411764705882, 0.25, 0.2647058823529412, 0.27941176470588236, 0.29411764705882354, 0.3088235294117647, 0.3235294117647059, 0.3382352941176471, 0.3529411764705882, 0.3676470588235294, 0.38235294117647056, 0.39705882352941174, 0.4117647058823529, 0.4264705882352941, 0.4411764705882353, 0.45588235294117646, 0.47058823529411764, 0.4852941176470588, 0.5), .UNSPECIFIED.);
#2688 = CARTESIAN_POINT('', (0.2980852918434885, -0.20009777407121032, -0.00000000000000000002775557561562886));
#2689 = CARTESIAN_POINT('', (0.29807391959769003, -0.20009777407121032, 0));
#2690 = CARTESIAN_POINT('', (0.29790333591071305, -0.20009777407121032, 0.00000000000000000005551115123125783));
#2691 = CARTESIAN_POINT('', (0.2978800812315848, -0.20009559731369653, 0));
#2692 = CARTESIAN_POINT('', (0.297705671138123, -0.20007927163234296, -0.00000000000000000005551115123125783));
#2693 = CARTESIAN_POINT('', (0.2976819855659157, -0.2000747300002819, 0));
#2694 = CARTESIAN_POINT('', (0.29750434377436064, -0.20004066775982396, 0.00000000000000000005551115123125783));
#2695 = CARTESIAN_POINT('', (0.2974805729662903, -0.2000336136476832, 0));
#2696 = CARTESIAN_POINT('', (0.2973022919057631, -0.19998070780662774, 0.00000000000000000005551115123125783));
#2697 = CARTESIAN_POINT('', (0.2972788246112177, -0.19997106002090095, 0));
#2698 = CARTESIAN_POINT('', (0.2971028199021265, -0.19989870162794993, 0.00000000000000000005551115123125783));
#2699 = CARTESIAN_POINT('', (0.29708007183316093, -0.1998864588425363, 0));
#2700 = CARTESIAN_POINT('', (0.29690946131591917, -0.1997946379519344, -0.00000000000000000005551115123125783));
#2701 = CARTESIAN_POINT('', (0.2968878543780067, -0.19977988730106083, -0.000000000000000000013877787807814457));
#2702 = CARTESIAN_POINT('', (0.29672580234366325, -0.19966925741950903, -0.00000000000000000005551115123125783));
#2703 = CARTESIAN_POINT('', (0.2967057410223694, -0.19965217646833983, 0));
#2704 = CARTESIAN_POINT('', (0.29663999999999996, -0.19959620212963813, 0));
#2705 = CARTESIAN_POINT('', (0.29655528111266577, -0.19952406933457106, 0));
#2706 = CARTESIAN_POINT('', (0.296537128532451, -0.19950492046431975, 0));
#2707 = CARTESIAN_POINT('', (0.2965166655805471, -0.1994833344194529, 0));
#2708 = CARTESIAN_POINT('', (0.29640098418083993, -0.19936130393743495, 0));
#2709 = CARTESIAN_POINT('', (0.2963999886485759, -0.19936, 0));
#2710 = CARTESIAN_POINT('', (0.2963850406607018, -0.19934042128651172, 0));
#2711 = CARTESIAN_POINT('', (0.2962654642596658, -0.1991838014045876, 0));
#2712 = CARTESIAN_POINT('', (0.2962519509573332, -0.19916157168084936, 0));
#2713 = CARTESIAN_POINT('', (0.29615060118983844, -0.19899484875281265, 0));
#2714 = CARTESIAN_POINT('', (0.2961396506721278, -0.1989716881889915, 0));
#2715 = CARTESIAN_POINT('', (0.2960575217892981, -0.1987979839603328, 0));
#2716 = CARTESIAN_POINT('', (0.296049176266189, -0.1987743141911625, 0));
#2717 = CARTESIAN_POINT('', (0.2959865848428705, -0.19859679092238539, 0));
#2718 = CARTESIAN_POINT('', (0.2959808016287965, -0.19857301651649484, 0));
#2719 = CARTESIAN_POINT('', (0.2959374275232413, -0.1983947084723156, 0.00000000000000000005551115123125783));
#2720 = CARTESIAN_POINT('', (0.2959340903146598, -0.19837119831377617, 0.000000000000000000013877787807814457));
#2721 = CARTESIAN_POINT('', (0.2959090612502986, -0.19819487212473036, -0.00000000000000000005551115123125783));
#2722 = CARTESIAN_POINT('', (0.29590799522085165, -0.19817194599240912, 0));
#2723 = CARTESIAN_POINT('', (0.2959, -0.198, 0));
#2724 = B_SPLINE_CURVE_WITH_KNOTS('', 2, (#2688, #2689, #2690, #2691, #2692, #2693, #2694, #2695, #2696, #2697, #2698, #2699, #2700, #2701, #2702, #2703, #2704, #2705, #2706, #2707, #2708, #2709, #2710, #2711, #2712, #2713, #2714, #2715, #2716, #2717, #2718, #2719, #2720, #2721, #2722, #2723), .UNSPECIFIED., .F., .F., (3, 1, 1, 1, 1, 1, 1, 1, 1, 1, 1, 1, 1, 1, 1, 1, 1, 1, 1, 1, 1, 1, 1, 1, 1, 1, 1, 1, 1, 1, 1, 1, 1, 1, 3), (0.5, 0.5147058823529411, 0.5294117647058824, 0.5441176470588236, 0.5588235294117647, 0.5735294117647058, 0.5882352941176471, 0.6029411764705883, 0.6176470588235294, 0.6323529411764706, 0.6470588235294118, 0.6617647058823529, 0.6764705882352942, 0.6911764705882353, 0.7058823529411764, 0.7205882352941176, 0.7352941176470589, 0.75, 0.7647058823529411, 0.7794117647058824, 0.7941176470588236, 0.8088235294117647, 0.8235294117647058, 0.8382352941176471, 0.8529411764705882, 0.8676470588235294, 0.8823529411764706, 0.8970588235294118, 0.9117647058823529, 0.9264705882352942, 0.9411764705882353, 0.9558823529411765, 0.9705882352941176, 0.9852941176470589, 1), .UNSPECIFIED.);
#2725 = CARTESIAN_POINT('', (0.29791470815651144, -0.19590222592878967, 0.000000000000000000034694469519536106));
#2726 = CARTESIAN_POINT('', (0.297903335910713, -0.19590222592878967, 0.000000000000000000013877787807814457));
#2727 = CARTESIAN_POINT('', (0.29772892581725124, -0.1959185516101432, 0));
#2728 = CARTESIAN_POINT('', (0.297705671138123, -0.195920728367657, 0));
#2729 = CARTESIAN_POINT('', (0.29752802934656797, -0.195954790608115, 0.00000000000000000005551115123125783));
#2730 = CARTESIAN_POINT('', (0.29750434377436064, -0.19595933224017606, 0));
#2731 = CARTESIAN_POINT('', (0.2973260627138334, -0.1960122380812315, 0));
#2732 = CARTESIAN_POINT('', (0.29730229190576307, -0.19601929219337222, 0));
#2733 = CARTESIAN_POINT('', (0.2972316767836468, -0.19604832321635313, 0));
#2734 = CARTESIAN_POINT('', (0.29712628719667195, -0.19609165058632325, -0.00000000000000000005551115123125783));
#2735 = CARTESIAN_POINT('', (0.2971028199021265, -0.1961012983720501, 0));
#2736 = CARTESIAN_POINT('', (0.29693220938488474, -0.19619311926265198, -0.00000000000000000005551115123125783));
#2737 = CARTESIAN_POINT('', (0.29690946131591917, -0.19620536204806555, -0.000000000000000000013877787807814457));
#2738 = CARTESIAN_POINT('', (0.29674740928157567, -0.19631599192961743, 0.00000000000000000005551115123125783));
#2739 = CARTESIAN_POINT('', (0.2967258023436632, -0.19633074258049105, 0));
#2740 = CARTESIAN_POINT('', (0.29663999999999996, -0.19640379787036183, 0));
#2741 = CARTESIAN_POINT('', (0.2965753424339596, -0.19645884971425975, 0));
#2742 = CARTESIAN_POINT('', (0.29655528111266577, -0.1964759306654289, 0));
#2743 = CARTESIAN_POINT('', (0.29641913676105475, -0.19661954719231373, 0));
#2744 = CARTESIAN_POINT('', (0.29640098418083993, -0.19663869606256504, 0));
#2745 = CARTESIAN_POINT('', (0.2963999886485759, -0.19663999999999998, 0));
#2746 = CARTESIAN_POINT('', (0.296281407779804, -0.19679531594448915, 0));
#2747 = CARTESIAN_POINT('', (0.2962654642596659, -0.19681619859541238, 0));
#2748 = CARTESIAN_POINT('', (0.29616411449217095, -0.1969829215234491, 0));
#2749 = CARTESIAN_POINT('', (0.2961506011898383, -0.19700515124718734, 0));
#2750 = CARTESIAN_POINT('', (0.2960684723070087, -0.19717885547584604, 0));
#2751 = CARTESIAN_POINT('', (0.2960575217892981, -0.1972020160396672, 0));
#2752 = CARTESIAN_POINT('', (0.2960463781727997, -0.19723362182720028, 0));
#2753 = CARTESIAN_POINT('', (0.29599493036597974, -0.19737953930844432, -0.00000000000000000005551115123125783));
#2754 = CARTESIAN_POINT('', (0.29598658484287055, -0.1974032090776146, 0.000000000000000000013877787807814457));
#2755 = CARTESIAN_POINT('', (0.29594321073731533, -0.19758151712179378, 0.00000000000000000005551115123125783));
#2756 = CARTESIAN_POINT('', (0.2959374275232413, -0.19760529152768433, 0));
#2757 = CARTESIAN_POINT('', (0.29591239845888, -0.19778161771673022, 0.00000000000000000005551115123125783));
#2758 = CARTESIAN_POINT('', (0.29590906125029853, -0.19780512787526966, 0));
#2759 = CARTESIAN_POINT('', (0.2959010660294468, -0.19797707386767877, 0.00000000000000000005551115123125783));
#2760 = CARTESIAN_POINT('', (0.2959, -0.198, 0));
#2761 = B_SPLINE_CURVE_WITH_KNOTS('', 2, (#2725, #2726, #2727, #2728, #2729, #2730, #2731, #2732, #2733, #2734, #2735, #2736, #2737, #2738, #2739, #2740, #2741, #2742, #2743, #2744, #2745, #2746, #2747, #2748, #2749, #2750, #2751, #2752, #2753, #2754, #2755, #2756, #2757, #2758, #2759, #2760), .UNSPECIFIED., .F., .F., (3, 1, 1, 1, 1, 1, 1, 1, 1, 1, 1, 1, 1, 1, 1, 1, 1, 1, 1, 1, 1, 1, 1, 1, 1, 1, 1, 1, 1, 1, 1, 1, 1, 1, 3), (0.5, 0.5147058823529411, 0.5294117647058824, 0.5441176470588236, 0.5588235294117647, 0.5735294117647058, 0.5882352941176471, 0.6029411764705883, 0.6176470588235294, 0.6323529411764706, 0.6470588235294118, 0.6617647058823529, 0.6764705882352942, 0.6911764705882353, 0.7058823529411764, 0.7205882352941176, 0.7352941176470589, 0.75, 0.7647058823529411, 0.7794117647058824, 0.7941176470588236, 0.8088235294117647, 0.8235294117647058, 0.8382352941176471, 0.8529411764705882, 0.8676470588235294, 0.8823529411764706, 0.8970588235294118, 0.9117647058823529, 0.9264705882352942, 0.9411764705882353, 0.9558823529411765, 0.9705882352941176, 0.9852941176470589, 1), .UNSPECIFIED.);
#2762 = DIRECTION('', (0.30889633348942064, -0.9510957129315601, 0.000000000000006767073673905774));
#2763 = DIRECTION('', (-0.000000000000005440441860659582, 0.000000000000005348085436015091, 0.9999999999999999));
#2764 = CARTESIAN_POINT('', (0.298, -0.198, 0.011999999999999986));
#2765 = AXIS2_PLACEMENT_3D('', #2764, #2763, #2762);
#2766 = CIRCLE('', #2765, 0.002099999999999982);
#2767 = DIRECTION('', (1, 0.000000000000027068294695622572, 0));
#2768 = DIRECTION('', (0, -0, 1));
#2769 = CARTESIAN_POINT('', (0.298, 0.19799999999999995, -0.005));
#2770 = AXIS2_PLACEMENT_3D('', #2769, #2768, #2767);
#2771 = CIRCLE('', #2770, 0.002100000000000023);
#2772 = DIRECTION('', (0, -0, 1));
#2773 = VECTOR('', #2772, 1);
#2774 = CARTESIAN_POINT('', (0.30010000000000003, 0.198, -0.005));
#2775 = LINE('', #2774, #2773);
#2776 = DIRECTION('', (-1, -0.000000000000013534147347811286, 0));
#2777 = DIRECTION('', (0, 0, 1));
#2778 = CARTESIAN_POINT('', (0.298, 0.19800000000000004, -0.005));
#2779 = AXIS2_PLACEMENT_3D('', #2778, #2777, #2776);
#2780 = CIRCLE('', #2779, 0.002100000000000023);
#2781 = DIRECTION('', (0, -0, 1));
#2782 = VECTOR('', #2781, 1);
#2783 = CARTESIAN_POINT('', (0.2959, 0.198, -0.005));
#2784 = LINE('', #2783, #2782);
#2785 = CARTESIAN_POINT('', (0.2986519727663723, 0.19999428000537656, 0.012));
#2786 = CARTESIAN_POINT('', (0.29865809135617305, 0.19999246428171796, 0.01189247657979445));
#2787 = CARTESIAN_POINT('', (0.29868317857893617, 0.19998501951660327, 0.011451612903225808));
#2788 = CARTESIAN_POINT('', (0.2986839586797487, 0.19998478801759004, 0.011437904007842939));
#2789 = CARTESIAN_POINT('', (0.29868507038142644, 0.19998445811427842, 0.011417313004461561));
#2790 = CARTESIAN_POINT('', (0.2986977080942369, 0.1999807078066278, 0.011183236549932992));
#2791 = CARTESIAN_POINT('', (0.2987093329718044, 0.19997592863075583, 0.011004298649274144));
#2792 = CARTESIAN_POINT('', (0.2987117079148462, 0.19997495225311948, 0.01096774193548387));
#2793 = CARTESIAN_POINT('', (0.298713142603001, 0.1999743624295301, 0.010945658254599571));
#2794 = CARTESIAN_POINT('', (0.2987158992689326, 0.19997322911941728, 0.010903225806451615));
#2795 = CARTESIAN_POINT('', (0.29874337031978815, 0.19996193532447937, 0.010480372994417916));
#2796 = CARTESIAN_POINT('', (0.29875152577866665, 0.19995858248294873, 0.01035483870967742));
#2797 = CARTESIAN_POINT('', (0.2987735980365752, 0.1999495082194286, 0.010015087734236254));
#2798 = CARTESIAN_POINT('', (0.29878715228840075, 0.19994393584648015, 0.009806451612903224));
#2799 = CARTESIAN_POINT('', (0.29879047973753015, 0.19994256787812933, 0.009755233287522865));
#2800 = CARTESIAN_POINT('', (0.2988007741891814, 0.19993833566194802, 0.009596774193548388));
#2801 = CARTESIAN_POINT('', (0.2988038257533623, 0.19993708111437794, 0.00954980247405437));
#2802 = CARTESIAN_POINT('', (0.2988227787981346, 0.19992928921001163, 0.009258064516129032));
#2803 = CARTESIAN_POINT('', (0.2988340534701492, 0.19992465400932732, 0.009084517213872118));
#2804 = CARTESIAN_POINT('', (0.2988584053078684, 0.19991464257354324, 0.008709677419354838));
#2805 = CARTESIAN_POINT('', (0.29886428118693603, 0.19991222690427676, 0.008619231953689768));
#2806 = CARTESIAN_POINT('', (0.2988716415316087, 0.19990920094710304, 0.00850593659929052));
#2807 = CARTESIAN_POINT('', (0.298889840463516, 0.1999017190707769, 0.008225806451612902));
#2808 = CARTESIAN_POINT('', (0.2988940318176024, 0.19989999593707472, 0.008161290322580646));
#2809 = CARTESIAN_POINT('', (0.29889450890372304, 0.19989979979922606, 0.008153946693507825));
#2810 = CARTESIAN_POINT('', (0.2988971800978736, 0.19989870162794993, 0.008112829884254165));
#2811 = CARTESIAN_POINT('', (0.2989310699415196, 0.1998804624497547, 0.007709018703953905));
#2812 = CARTESIAN_POINT('', (0.2989391364307236, 0.19987612114515796, 0.00761290322580645));
#2813 = CARTESIAN_POINT('', (0.29896656783093567, 0.19986135783725262, 0.007286047008566144));
#2814 = CARTESIAN_POINT('', (0.2989682449003921, 0.19986045525508137, 0.0072660640483693415));
#2815 = CARTESIAN_POINT('', (0.2989851598047005, 0.19985135182111294, 0.007064516129032259));
#2816 = CARTESIAN_POINT('', (0.2990027569771033, 0.1998418811972134, 0.0068548387096774195));
#2817 = CARTESIAN_POINT('', (0.2990054198592645, 0.19984044806040824, 0.006823109392784252));
#2818 = CARTESIAN_POINT('', (0.29903118317867733, 0.19982658249706792, 0.006516129032258063));
#2819 = CARTESIAN_POINT('', (0.299042594818137, 0.19982044086573497, 0.006380154737199613));
#2820 = CARTESIAN_POINT('', (0.29906782954308664, 0.19980685978669935, 0.006079472793281559));
#2821 = CARTESIAN_POINT('', (0.29907720655265424, 0.19980181317302276, 0.005967741935483872));
#2822 = CARTESIAN_POINT('', (0.2990797697770095, 0.1998004336710617, 0.005937200081615008));
#2823 = CARTESIAN_POINT('', (0.29909053868408075, 0.19979463795193445, 0.005808884202661989));
#2824 = CARTESIAN_POINT('', (0.2991261204970683, 0.19977034691620532, 0.00552559852984293));
#2825 = CARTESIAN_POINT('', (0.299131361645681, 0.19976676888244246, 0.005483870967741934));
#2826 = CARTESIAN_POINT('', (0.2991394651294014, 0.19976123678623783, 0.005419354838709678));
#2827 = CARTESIAN_POINT('', (0.29917621327293575, 0.19973614951854063, 0.0051267833902122455));
#2828 = CARTESIAN_POINT('', (0.2991998397002852, 0.19972002020014146, 0.004938680879238434));
#2829 = CARTESIAN_POINT('', (0.2992083447410249, 0.19971421396849834, 0.004870967741935484));
#2830 = CARTESIAN_POINT('', (0.2992263060488031, 0.19970195212087594, 0.004727968250581477));
#2831 = CARTESIAN_POINT('', (0.2992741976563367, 0.19966925741950897, 0.0043466777787521445));
#2832 = CARTESIAN_POINT('', (0.29927787121188004, 0.1996661296184069, 0.004334394601977259));
#2833 = CARTESIAN_POINT('', (0.29928052113058656, 0.1996638733795797, 0.004325534134365283));
#2834 = CARTESIAN_POINT('', (0.2992888013671209, 0.19965682327984594, 0.004297847712343932));
#2835 = B_SPLINE_CURVE_WITH_KNOTS('', 2, (#2785, #2786, #2787, #2788, #2789, #2790, #2791, #2792, #2793, #2794, #2795, #2796, #2797, #2798, #2799, #2800, #2801, #2802, #2803, #2804, #2805, #2806, #2807, #2808, #2809, #2810, #2811, #2812, #2813, #2814, #2815, #2816, #2817, #2818, #2819, #2820, #2821, #2822, #2823, #2824, #2825, #2826, #2827, #2828, #2829, #2830, #2831, #2832, #2833, #2834), .UNSPECIFIED., .F., .F., (3, 1, 1, 1, 1, 1, 1, 1, 1, 1, 1, 1, 1, 1, 1, 1, 1, 1, 1, 1, 1, 1, 1, 1, 1, 1, 1, 1, 1, 1, 1, 1, 1, 1, 1, 1, 1, 1, 1, 1, 1, 1, 1, 1, 1, 1, 1, 1, 3), (0, 0.010526315789473684, 0.021052631578947368, 0.031578947368421054, 0.042105263157894736, 0.05263157894736842, 0.06315789473684211, 0.07368421052631578, 0.08421052631578947, 0.09473684210526316, 0.10526315789473684, 0.11578947368421053, 0.12631578947368421, 0.1368421052631579, 0.14736842105263157, 0.15789473684210525, 0.16842105263157894, 0.17894736842105263, 0.18947368421052632, 0.19999999999999998, 0.21052631578947367, 0.22105263157894736, 0.23157894736842105, 0.24210526315789474, 0.25263157894736843, 0.2631578947368421, 0.2736842105263158, 0.28421052631578947, 0.29473684210526313, 0.30526315789473685, 0.3157894736842105, 0.3263157894736842, 0.3368421052631579, 0.34736842105263155, 0.35789473684210527, 0.3684210526315789, 0.37894736842105264, 0.3894736842105263, 0.39999999999999997, 0.4105263157894737, 0.42105263157894735, 0.43157894736842106, 0.4421052631578947, 0.4526315789473684, 0.4631578947368421, 0.47368421052631576, 0.4842105263157895, 0.49473684210526314, 0.5), .UNSPECIFIED.);
#2836 = CARTESIAN_POINT('', (0.2999974771121742, 0.1986481397185852, 0.012));
#2837 = CARTESIAN_POINT('', (0.29996280405264586, 0.19868544037481722, 0.012));
#2838 = CARTESIAN_POINT('', (0.2999349975759743, 0.198714, 0.012));
#2839 = CARTESIAN_POINT('', (0.29981550546537133, 0.19883672859778037, 0.012));
#2840 = CARTESIAN_POINT('', (0.2994333857907432, 0.19922919812246076, 0.012));
#2841 = CARTESIAN_POINT('', (0.2993470221608332, 0.19931642226121818, 0.012));
#2842 = B_SPLINE_CURVE_WITH_KNOTS('', 2, (#2836, #2837, #2838, #2839, #2840, #2841), .UNSPECIFIED., .F., .F., (3, 1, 1, 1, 3), (0.07224635185645288, 0.125, 0.25, 0.375, 0.44784621627168275), .UNSPECIFIED.);
#2843 = CARTESIAN_POINT('', (0.2993470221608332, 0.19931642226121818, 0.012));
#2844 = CARTESIAN_POINT('', (0.2992851906710614, 0.1993788698268087, 0.012));
#2845 = CARTESIAN_POINT('', (0.29916976008404, 0.1994912563831679, 0.012));
#2846 = CARTESIAN_POINT('', (0.298714, 0.19993499757597427, 0.012));
#2847 = CARTESIAN_POINT('', (0.2986821157279043, 0.19996604102498824, 0.012));
#2848 = CARTESIAN_POINT('', (0.298648418918753, 0.199997386500497, 0.012));
#2849 = B_SPLINE_CURVE_WITH_KNOTS('', 2, (#2843, #2844, #2845, #2846, #2847, #2848), .UNSPECIFIED., .F., .F., (3, 1, 1, 1, 3), (0.44784621627168275, 0.5, 0.625, 0.75, 0.8234460806869126), .UNSPECIFIED.);
#2850 = CARTESIAN_POINT('', (0.2992888013671209, 0.19965682327984594, 0.004297847712343932));
#2851 = CARTESIAN_POINT('', (0.2992970816036552, 0.19964977318011215, 0.00427016129032258));
#2852 = CARTESIAN_POINT('', (0.2993441131041547, 0.19960972882053693, 0.00411290322580645));
#2853 = CARTESIAN_POINT('', (0.29936147163064386, 0.19959494912886122, 0.0040548619502879645));
#2854 = CARTESIAN_POINT('', (0.2993967620305838, 0.19956490157669424, 0.003936862313202964));
#2855 = CARTESIAN_POINT('', (0.29944471888733415, 0.19952406933457104, 0.0037765101578889353));
#2856 = CARTESIAN_POINT('', (0.2994464598850761, 0.1995222327835422, 0.0037803812326523455));
#2857 = CARTESIAN_POINT('', (0.2994833344194529, 0.19948333441945285, 0.003862371045730871));
#2858 = CARTESIAN_POINT('', (0.29959901581916004, 0.19936130393743498, 0.003948048277797093));
#2859 = CARTESIAN_POINT('', (0.29962090326801005, 0.19933263599271678, 0.00411290322580645));
#2860 = CARTESIAN_POINT('', (0.29964874170323164, 0.1992961735101568, 0.004322580645161291));
#2861 = CARTESIAN_POINT('', (0.29968010564391634, 0.19925509335852015, 0.004558811959574612));
#2862 = CARTESIAN_POINT('', (0.2997064733948141, 0.19922055716244438, 0.004757412273078369));
#2863 = CARTESIAN_POINT('', (0.29972154991842614, 0.19920081009423118, 0.004870967741935485));
#2864 = CARTESIAN_POINT('', (0.29973453574033415, 0.1991838014045876, 0.00496877617133124));
#2865 = CARTESIAN_POINT('', (0.29976190413284665, 0.19913877970746754, 0.005419354838709678));
#2866 = CARTESIAN_POINT('', (0.2997658228774979, 0.19913233327351287, 0.005483870967741934));
#2867 = CARTESIAN_POINT('', (0.29977308231795236, 0.19912039131056222, 0.005603386536820915));
#2868 = CARTESIAN_POINT('', (0.29979521346238175, 0.1990839850188529, 0.00596774193548387));
#2869 = CARTESIAN_POINT('', (0.2998144382936699, 0.19905235968568646, 0.0062842493393601515));
#2870 = CARTESIAN_POINT('', (0.2998199963139333, 0.1990432166019349, 0.006375753630758079));
#2871 = CARTESIAN_POINT('', (0.299828522791917, 0.19902919033023816, 0.006516129032258064));
#2872 = CARTESIAN_POINT('', (0.299849096201336, 0.1989953465519759, 0.0068548387096774195));
#2873 = CARTESIAN_POINT('', (0.29984939881016165, 0.19899484875281262, 0.006859820700538524));
#2874 = CARTESIAN_POINT('', (0.2998564608513756, 0.19897991239449916, 0.007064516129032259));
#2875 = CARTESIAN_POINT('', (0.29985826250109504, 0.19897610186933368, 0.007116737498201865));
#2876 = CARTESIAN_POINT('', (0.2998753803373021, 0.19893989730362913, 0.007612903225806453));
#2877 = CARTESIAN_POINT('', (0.2998820086774188, 0.19892587823180455, 0.007805027695104348));
#2878 = CARTESIAN_POINT('', (0.2998841493849419, 0.1989213505926079, 0.007867076758602614));
#2879 = CARTESIAN_POINT('', (0.29989429982322874, 0.19889988221275895, 0.008161290322580646));
#2880 = CARTESIAN_POINT('', (0.29989652564510244, 0.19889517455500955, 0.008225806451612902));
#2881 = CARTESIAN_POINT('', (0.29990575485374255, 0.19887565459427545, 0.008493317892006734));
#2882 = CARTESIAN_POINT('', (0.29991321930915504, 0.19885986712188905, 0.008709677419354836));
#2883 = CARTESIAN_POINT('', (0.29992950103006616, 0.1988254309567464, 0.00918160808890885));
#2884 = CARTESIAN_POINT('', (0.2999321387950816, 0.1988198520310189, 0.009258064516129032));
#2885 = CARTESIAN_POINT('', (0.29993752107514865, 0.19880846840110394, 0.00941407155307517));
#2886 = CARTESIAN_POINT('', (0.2999424782107019, 0.1987979839603328, 0.009557755646019357));
#2887 = CARTESIAN_POINT('', (0.2999432877245096, 0.1987956879982082, 0.009596774193548386));
#2888 = CARTESIAN_POINT('', (0.29994763788044526, 0.19878334998350217, 0.009806451612903227));
#2889 = CARTESIAN_POINT('', (0.29994862350249024, 0.1987805545390478, 0.00985395857355381));
#2890 = CARTESIAN_POINT('', (0.29995901521135343, 0.19875108132965605, 0.010354838709677417));
#2891 = CARTESIAN_POINT('', (0.29996217417950666, 0.19874212178978948, 0.010507100904414722));
#2892 = CARTESIAN_POINT('', (0.2999703925422618, 0.19871881267580963, 0.010903225806451613));
#2893 = CARTESIAN_POINT('', (0.2999706674541061, 0.1987180329643631, 0.010916476551230448));
#2894 = CARTESIAN_POINT('', (0.2999717310517805, 0.1987150163635924, 0.01096774193548387));
#2895 = CARTESIAN_POINT('', (0.29997572485652335, 0.19870368904053082, 0.011160243235276798));
#2896 = CARTESIAN_POINT('', (0.29998176987317016, 0.19868654402196334, 0.011451612903225807));
#2897 = CARTESIAN_POINT('', (0.2999832091223733, 0.19868246198948075, 0.011520984682808889));
#2898 = CARTESIAN_POINT('', (0.2999897268397386, 0.19866397628600377, 0.011816874446172352));
#2899 = CARTESIAN_POINT('', (0.2999937606413432, 0.19865253552290119, 0.012));
#2900 = B_SPLINE_CURVE_WITH_KNOTS('', 2, (#2850, #2851, #2852, #2853, #2854, #2855, #2856, #2857, #2858, #2859, #2860, #2861, #2862, #2863, #2864, #2865, #2866, #2867, #2868, #2869, #2870, #2871, #2872, #2873, #2874, #2875, #2876, #2877, #2878, #2879, #2880, #2881, #2882, #2883, #2884, #2885, #2886, #2887, #2888, #2889, #2890, #2891, #2892, #2893, #2894, #2895, #2896, #2897, #2898, #2899), .UNSPECIFIED., .F., .F., (3, 1, 1, 1, 1, 1, 1, 1, 1, 1, 1, 1, 1, 1, 1, 1, 1, 1, 1, 1, 1, 1, 1, 1, 1, 1, 1, 1, 1, 1, 1, 1, 1, 1, 1, 1, 1, 1, 1, 1, 1, 1, 1, 1, 1, 1, 1, 1, 3), (0.5, 0.5052631578947369, 0.5157894736842106, 0.5263157894736843, 0.5368421052631579, 0.5473684210526316, 0.5578947368421052, 0.5684210526315789, 0.5789473684210527, 0.5894736842105264, 0.6000000000000001, 0.6105263157894737, 0.6210526315789473, 0.631578947368421, 0.6421052631578947, 0.6526315789473685, 0.6631578947368422, 0.6736842105263158, 0.6842105263157895, 0.6947368421052631, 0.7052631578947368, 0.7157894736842105, 0.7263157894736842, 0.736842105263158, 0.7473684210526316, 0.7578947368421053, 0.7684210526315789, 0.7789473684210526, 0.7894736842105263, 0.8, 0.8105263157894737, 0.8210526315789474, 0.8315789473684211, 0.8421052631578947, 0.8526315789473684, 0.8631578947368421, 0.8736842105263158, 0.8842105263157894, 0.8947368421052632, 0.9052631578947369, 0.9157894736842105, 0.9263157894736842, 0.9368421052631579, 0.9473684210526316, 0.9578947368421052, 0.968421052631579, 0.9789473684210527, 0.9894736842105263, 1), .UNSPECIFIED.);
#2901 = CARTESIAN_POINT('', (0.30010000000000003, 0.198, 0));
#2902 = CARTESIAN_POINT('', (0.3000920047791483, 0.19817194599240914, -0.00000000000000000005551115123125783));
#2903 = CARTESIAN_POINT('', (0.3000909387497015, 0.1981948721247304, 0.000000000000000000013877787807814457));
#2904 = CARTESIAN_POINT('', (0.30006590968534014, 0.19837119831377617, -0.00000000000000000005551115123125783));
#2905 = CARTESIAN_POINT('', (0.30006257247675866, 0.1983947084723156, 0));
#2906 = CARTESIAN_POINT('', (0.3000191983712034, 0.1985730165164948, 0.00000000000000000005551115123125783));
#2907 = CARTESIAN_POINT('', (0.30001341515712937, 0.19859679092238536, 0));
#2908 = CARTESIAN_POINT('', (0.299950823733811, 0.19877431419116248, 0.00000000000000000005551115123125783));
#2909 = CARTESIAN_POINT('', (0.29994247821070186, 0.19879798396033277, 0));
#2910 = CARTESIAN_POINT('', (0.2998603493278722, 0.19897168818899144, 0));
#2911 = CARTESIAN_POINT('', (0.2998493988101616, 0.1989948487528126, 0));
#2912 = CARTESIAN_POINT('', (0.2997480490426668, 0.19916157168084933, -0.00000000000000000005551115123125783));
#2913 = CARTESIAN_POINT('', (0.2997345357403341, 0.19918380140458758, 0.000000000000000000013877787807814457));
#2914 = CARTESIAN_POINT('', (0.2996149593392982, 0.19934042128651175, 0));
#2915 = CARTESIAN_POINT('', (0.2996000113514241, 0.19936, 0));
#2916 = CARTESIAN_POINT('', (0.29959901581916004, 0.19936130393743498, 0));
#2917 = CARTESIAN_POINT('', (0.29948333441945285, 0.1994833344194529, 0));
#2918 = CARTESIAN_POINT('', (0.29946287146754896, 0.19950492046431975, 0));
#2919 = CARTESIAN_POINT('', (0.29944471888733415, 0.19952406933457106, 0));
#2920 = CARTESIAN_POINT('', (0.29935999999999996, 0.19959620212963816, 0));
#2921 = CARTESIAN_POINT('', (0.29929425897763057, 0.1996521764683398, -0.00000000000000000005551115123125783));
#2922 = CARTESIAN_POINT('', (0.2992741976563368, 0.19966925741950897, 0));
#2923 = CARTESIAN_POINT('', (0.2991121456219932, 0.19977988730106083, 0.00000000000000000011102230246251566));
#2924 = CARTESIAN_POINT('', (0.2990905386840807, 0.1997946379519344, 0));
#2925 = CARTESIAN_POINT('', (0.2989199281668391, 0.1998864588425363, 0));
#2926 = CARTESIAN_POINT('', (0.2988971800978736, 0.19989870162794993, 0.000000000000000000013877787807814457));
#2927 = CARTESIAN_POINT('', (0.2987211753887824, 0.19997106002090098, 0.00000000000000000005551115123125783));
#2928 = CARTESIAN_POINT('', (0.2986977080942369, 0.19998070780662777, 0));
#2929 = CARTESIAN_POINT('', (0.29851942703370976, 0.20003361364768324, 0));
#2930 = CARTESIAN_POINT('', (0.2984956562256395, 0.200040667759824, 0));
#2931 = CARTESIAN_POINT('', (0.2983180144340843, 0.20007473000028186, 0));
#2932 = CARTESIAN_POINT('', (0.2982943288618769, 0.20007927163234293, 0));
#2933 = CARTESIAN_POINT('', (0.29811991876841526, 0.20009559731369653, 0));
#2934 = CARTESIAN_POINT('', (0.298096664089287, 0.20009777407121032, 0));
#2935 = CARTESIAN_POINT('', (0.29792608040230995, 0.20009777407121032, 0.00000000000000000005551115123125783));
#2936 = CARTESIAN_POINT('', (0.29791470815651144, 0.20009777407121032, 0.0000000000000000000346944695195361));
#2937 = B_SPLINE_CURVE_WITH_KNOTS('', 2, (#2901, #2902, #2903, #2904, #2905, #2906, #2907, #2908, #2909, #2910, #2911, #2912, #2913, #2914, #2915, #2916, #2917, #2918, #2919, #2920, #2921, #2922, #2923, #2924, #2925, #2926, #2927, #2928, #2929, #2930, #2931, #2932, #2933, #2934, #2935, #2936), .UNSPECIFIED., .F., .F., (3, 1, 1, 1, 1, 1, 1, 1, 1, 1, 1, 1, 1, 1, 1, 1, 1, 1, 1, 1, 1, 1, 1, 1, 1, 1, 1, 1, 1, 1, 1, 1, 1, 1, 3), (0, 0.014705882352941176, 0.029411764705882353, 0.044117647058823525, 0.058823529411764705, 0.07352941176470588, 0.08823529411764705, 0.10294117647058823, 0.11764705882352941, 0.1323529411764706, 0.14705882352941177, 0.16176470588235295, 0.1764705882352941, 0.19117647058823528, 0.20588235294117646, 0.22058823529411764, 0.23529411764705882, 0.25, 0.2647058823529412, 0.27941176470588236, 0.29411764705882354, 0.3088235294117647, 0.3235294117647059, 0.3382352941176471, 0.3529411764705882, 0.3676470588235294, 0.38235294117647056, 0.39705882352941174, 0.4117647058823529, 0.4264705882352941, 0.4411764705882353, 0.45588235294117646, 0.47058823529411764, 0.4852941176470588, 0.5), .UNSPECIFIED.);
#2938 = CARTESIAN_POINT('', (0.30010000000000003, 0.198, 0));
#2939 = CARTESIAN_POINT('', (0.30009893397055315, 0.19797707386767877, 0));
#2940 = CARTESIAN_POINT('', (0.3000909387497015, 0.19780512787526966, 0.00000000000000000005551115123125783));
#2941 = CARTESIAN_POINT('', (0.30008760154111996, 0.19778161771673022, 0));
#2942 = CARTESIAN_POINT('', (0.30006257247675866, 0.19760529152768438, 0));
#2943 = CARTESIAN_POINT('', (0.30005678926268464, 0.19758151712179384, 0));
#2944 = CARTESIAN_POINT('', (0.3000134151571295, 0.19740320907761463, 0));
#2945 = CARTESIAN_POINT('', (0.30000506963402035, 0.19737953930844435, 0));
#2946 = CARTESIAN_POINT('', (0.2999536218272003, 0.19723362182720033, 0));
#2947 = CARTESIAN_POINT('', (0.2999424782107019, 0.19720201603966722, 0));
#2948 = CARTESIAN_POINT('', (0.29993152769299125, 0.19717885547584607, 0));
#2949 = CARTESIAN_POINT('', (0.2998493988101617, 0.1970051512471874, 0));
#2950 = CARTESIAN_POINT('', (0.2998358855078291, 0.19698292152344915, 0));
#2951 = CARTESIAN_POINT('', (0.29973453574033415, 0.19681619859541238, 0));
#2952 = CARTESIAN_POINT('', (0.299718592220196, 0.19679531594448915, 0));
#2953 = CARTESIAN_POINT('', (0.2996000113514241, 0.19663999999999998, 0));
#2954 = CARTESIAN_POINT('', (0.29959901581916, 0.19663869606256504, 0));
#2955 = CARTESIAN_POINT('', (0.29958086323894517, 0.19661954719231373, 0));
#2956 = CARTESIAN_POINT('', (0.29944471888733415, 0.1964759306654289, 0));
#2957 = CARTESIAN_POINT('', (0.2994246575660403, 0.19645884971425975, 0));
#2958 = CARTESIAN_POINT('', (0.29935999999999996, 0.19640379787036183, 0));
#2959 = CARTESIAN_POINT('', (0.2992741976563367, 0.19633074258049105, 0.00000000000000000005551115123125783));
#2960 = CARTESIAN_POINT('', (0.2992525907184243, 0.19631599192961743, 0));
#2961 = CARTESIAN_POINT('', (0.2990905386840808, 0.1962053620480656, 0));
#2962 = CARTESIAN_POINT('', (0.2990677906151152, 0.196193119262652, -0.000000000000000000013877787807814457));
#2963 = CARTESIAN_POINT('', (0.2988971800978736, 0.19610129837205015, 0.00000000000000000011102230246251566));
#2964 = CARTESIAN_POINT('', (0.2988737128033281, 0.1960916505863233, 0));
#2965 = CARTESIAN_POINT('', (0.2987683232163531, 0.1960483232163531, 0));
#2966 = CARTESIAN_POINT('', (0.2986977080942369, 0.19601929219337222, 0.00000000000000000005551115123125783));
#2967 = CARTESIAN_POINT('', (0.29867393728616665, 0.1960122380812315, 0));
#2968 = CARTESIAN_POINT('', (0.29849565622563945, 0.19595933224017603, 0.00000000000000000011102230246251566));
#2969 = CARTESIAN_POINT('', (0.2984719706534321, 0.19595479060811496, 0));
#2970 = CARTESIAN_POINT('', (0.29829432886187685, 0.195920728367657, 0));
#2971 = CARTESIAN_POINT('', (0.2982710741827486, 0.1959185516101432, 0));
#2972 = CARTESIAN_POINT('', (0.2980966640892869, 0.19590222592878967, -0.00000000000000000005551115123125783));
#2973 = CARTESIAN_POINT('', (0.2980852918434885, 0.19590222592878967, -0.00000000000000000002775557561562886));
#2974 = B_SPLINE_CURVE_WITH_KNOTS('', 2, (#2938, #2939, #2940, #2941, #2942, #2943, #2944, #2945, #2946, #2947, #2948, #2949, #2950, #2951, #2952, #2953, #2954, #2955, #2956, #2957, #2958, #2959, #2960, #2961, #2962, #2963, #2964, #2965, #2966, #2967, #2968, #2969, #2970, #2971, #2972, #2973), .UNSPECIFIED., .F., .F., (3, 1, 1, 1, 1, 1, 1, 1, 1, 1, 1, 1, 1, 1, 1, 1, 1, 1, 1, 1, 1, 1, 1, 1, 1, 1, 1, 1, 1, 1, 1, 1, 1, 1, 3), (0, 0.014705882352941176, 0.029411764705882353, 0.044117647058823525, 0.058823529411764705, 0.07352941176470588, 0.08823529411764705, 0.10294117647058823, 0.11764705882352941, 0.1323529411764706, 0.14705882352941177, 0.16176470588235295, 0.1764705882352941, 0.19117647058823528, 0.20588235294117646, 0.22058823529411764, 0.23529411764705882, 0.25, 0.2647058823529412, 0.27941176470588236, 0.29411764705882354, 0.3088235294117647, 0.3235294117647059, 0.3382352941176471, 0.3529411764705882, 0.3676470588235294, 0.38235294117647056, 0.39705882352941174, 0.4117647058823529, 0.4264705882352941, 0.4411764705882353, 0.45588235294117646, 0.47058823529411764, 0.4852941176470588, 0.5), .UNSPECIFIED.);
#2975 = CARTESIAN_POINT('', (0.2980852918434885, 0.19590222592878967, -0.00000000000000000002775557561562886));
#2976 = CARTESIAN_POINT('', (0.29807391959769003, 0.19590222592878967, 0));
#2977 = CARTESIAN_POINT('', (0.29790333591071305, 0.19590222592878967, 0.00000000000000000005551115123125783));
#2978 = CARTESIAN_POINT('', (0.2978800812315848, 0.1959044026863035, 0));
#2979 = CARTESIAN_POINT('', (0.297705671138123, 0.195920728367657, -0.00000000000000000005551115123125783));
#2980 = CARTESIAN_POINT('', (0.2976819855659157, 0.19592526999971807, 0));
#2981 = CARTESIAN_POINT('', (0.29750434377436064, 0.19595933224017606, 0.00000000000000000005551115123125783));
#2982 = CARTESIAN_POINT('', (0.2974805729662903, 0.19596638635231678, 0));
#2983 = CARTESIAN_POINT('', (0.2973022919057631, 0.1960192921933722, 0.00000000000000000005551115123125783));
#2984 = CARTESIAN_POINT('', (0.2972788246112177, 0.196028939979099, 0));
#2985 = CARTESIAN_POINT('', (0.2971028199021265, 0.19610129837205015, 0.00000000000000000005551115123125783));
#2986 = CARTESIAN_POINT('', (0.29708007183316093, 0.1961135411574637, 0));
#2987 = CARTESIAN_POINT('', (0.29690946131591917, 0.19620536204806552, -0.00000000000000000005551115123125783));
#2988 = CARTESIAN_POINT('', (0.2968878543780067, 0.19622011269893913, -0.000000000000000000013877787807814457));
#2989 = CARTESIAN_POINT('', (0.29672580234366325, 0.19633074258049096, -0.00000000000000000005551115123125783));
#2990 = CARTESIAN_POINT('', (0.2967057410223694, 0.19634782353166014, 0));
#2991 = CARTESIAN_POINT('', (0.29663999999999996, 0.19640379787036183, 0));
#2992 = CARTESIAN_POINT('', (0.29655528111266577, 0.1964759306654289, 0));
#2993 = CARTESIAN_POINT('', (0.296537128532451, 0.1964950795356802, 0));
#2994 = CARTESIAN_POINT('', (0.2965166655805471, 0.1965166655805471, 0));
#2995 = CARTESIAN_POINT('', (0.29640098418083993, 0.19663869606256504, 0));
#2996 = CARTESIAN_POINT('', (0.2963999886485759, 0.19663999999999998, 0));
#2997 = CARTESIAN_POINT('', (0.2963850406607018, 0.19665957871348827, 0));
#2998 = CARTESIAN_POINT('', (0.2962654642596658, 0.19681619859541236, 0));
#2999 = CARTESIAN_POINT('', (0.2962519509573332, 0.19683842831915058, 0));
#3000 = CARTESIAN_POINT('', (0.29615060118983844, 0.19700515124718734, 0));
#3001 = CARTESIAN_POINT('', (0.2961396506721278, 0.1970283118110085, 0));
#3002 = CARTESIAN_POINT('', (0.2960575217892981, 0.19720201603966722, 0));
#3003 = CARTESIAN_POINT('', (0.296049176266189, 0.1972256858088375, 0));
#3004 = CARTESIAN_POINT('', (0.2959865848428705, 0.19740320907761463, 0));
#3005 = CARTESIAN_POINT('', (0.2959808016287965, 0.19742698348350518, 0));
#3006 = CARTESIAN_POINT('', (0.2959374275232413, 0.19760529152768438, 0.00000000000000000005551115123125783));
#3007 = CARTESIAN_POINT('', (0.2959340903146598, 0.19762880168622382, 0.000000000000000000013877787807814457));
#3008 = CARTESIAN_POINT('', (0.2959090612502986, 0.19780512787526966, -0.00000000000000000005551115123125783));
#3009 = CARTESIAN_POINT('', (0.29590799522085165, 0.19782805400759088, 0));
#3010 = CARTESIAN_POINT('', (0.2959, 0.198, 0));
#3011 = B_SPLINE_CURVE_WITH_KNOTS('', 2, (#2975, #2976, #2977, #2978, #2979, #2980, #2981, #2982, #2983, #2984, #2985, #2986, #2987, #2988, #2989, #2990, #2991, #2992, #2993, #2994, #2995, #2996, #2997, #2998, #2999, #3000, #3001, #3002, #3003, #3004, #3005, #3006, #3007, #3008, #3009, #3010), .UNSPECIFIED., .F., .F., (3, 1, 1, 1, 1, 1, 1, 1, 1, 1, 1, 1, 1, 1, 1, 1, 1, 1, 1, 1, 1, 1, 1, 1, 1, 1, 1, 1, 1, 1, 1, 1, 1, 1, 3), (0.5, 0.5147058823529411, 0.5294117647058824, 0.5441176470588236, 0.5588235294117647, 0.5735294117647058, 0.5882352941176471, 0.6029411764705883, 0.6176470588235294, 0.6323529411764706, 0.6470588235294118, 0.6617647058823529, 0.6764705882352942, 0.6911764705882353, 0.7058823529411764, 0.7205882352941176, 0.7352941176470589, 0.75, 0.7647058823529411, 0.7794117647058824, 0.7941176470588236, 0.8088235294117647, 0.8235294117647058, 0.8382352941176471, 0.8529411764705882, 0.8676470588235294, 0.8823529411764706, 0.8970588235294118, 0.9117647058823529, 0.9264705882352942, 0.9411764705882353, 0.9558823529411765, 0.9705882352941176, 0.9852941176470589, 1), .UNSPECIFIED.);
#3012 = CARTESIAN_POINT('', (0.29791470815651144, 0.20009777407121032, 0.000000000000000000034694469519536106));
#3013 = CARTESIAN_POINT('', (0.297903335910713, 0.20009777407121032, 0.000000000000000000013877787807814457));
#3014 = CARTESIAN_POINT('', (0.29772892581725124, 0.20008144838985675, 0));
#3015 = CARTESIAN_POINT('', (0.297705671138123, 0.20007927163234293, 0));
#3016 = CARTESIAN_POINT('', (0.29752802934656797, 0.20004520939188497, 0.00000000000000000005551115123125783));
#3017 = CARTESIAN_POINT('', (0.29750434377436064, 0.20004066775982393, 0));
#3018 = CARTESIAN_POINT('', (0.2973260627138334, 0.1999877619187685, 0));
#3019 = CARTESIAN_POINT('', (0.29730229190576307, 0.19998070780662774, 0));
#3020 = CARTESIAN_POINT('', (0.2972316767836468, 0.19995167678364684, 0));
#3021 = CARTESIAN_POINT('', (0.29712628719667195, 0.19990834941367674, -0.00000000000000000005551115123125783));
#3022 = CARTESIAN_POINT('', (0.2971028199021265, 0.19989870162794995, 0));
#3023 = CARTESIAN_POINT('', (0.29693220938488474, 0.199806880737348, -0.00000000000000000005551115123125783));
#3024 = CARTESIAN_POINT('', (0.29690946131591917, 0.1997946379519344, -0.000000000000000000013877787807814457));
#3025 = CARTESIAN_POINT('', (0.29674740928157567, 0.1996840080703826, 0.00000000000000000005551115123125783));
#3026 = CARTESIAN_POINT('', (0.2967258023436632, 0.19966925741950906, 0));
#3027 = CARTESIAN_POINT('', (0.29663999999999996, 0.19959620212963816, 0));
#3028 = CARTESIAN_POINT('', (0.2965753424339596, 0.19954115028574018, 0));
#3029 = CARTESIAN_POINT('', (0.29655528111266577, 0.199524069334571, 0));
#3030 = CARTESIAN_POINT('', (0.29641913676105475, 0.19938045280768626, 0));
#3031 = CARTESIAN_POINT('', (0.29640098418083993, 0.19936130393743495, 0));
#3032 = CARTESIAN_POINT('', (0.2963999886485759, 0.19936, 0));
#3033 = CARTESIAN_POINT('', (0.296281407779804, 0.1992046840555108, 0));
#3034 = CARTESIAN_POINT('', (0.2962654642596659, 0.1991838014045876, 0));
#3035 = CARTESIAN_POINT('', (0.29616411449217095, 0.19901707847655084, 0));
#3036 = CARTESIAN_POINT('', (0.2961506011898383, 0.1989948487528126, 0));
#3037 = CARTESIAN_POINT('', (0.2960684723070087, 0.19882114452415395, 0));
#3038 = CARTESIAN_POINT('', (0.2960575217892981, 0.19879798396033277, 0));
#3039 = CARTESIAN_POINT('', (0.2960463781727997, 0.19876637817279977, 0));
#3040 = CARTESIAN_POINT('', (0.29599493036597974, 0.19862046069155564, -0.00000000000000000005551115123125783));
#3041 = CARTESIAN_POINT('', (0.29598658484287055, 0.19859679092238536, 0.000000000000000000013877787807814457));
#3042 = CARTESIAN_POINT('', (0.29594321073731533, 0.1984184828782061, 0.00000000000000000005551115123125783));
#3043 = CARTESIAN_POINT('', (0.2959374275232413, 0.19839470847231555, 0));
#3044 = CARTESIAN_POINT('', (0.29591239845888, 0.19821838228326977, 0.00000000000000000005551115123125783));
#3045 = CARTESIAN_POINT('', (0.29590906125029853, 0.19819487212473033, 0));
#3046 = CARTESIAN_POINT('', (0.2959010660294468, 0.1980229261323212, 0.00000000000000000005551115123125783));
#3047 = CARTESIAN_POINT('', (0.2959, 0.198, 0));
#3048 = B_SPLINE_CURVE_WITH_KNOTS('', 2, (#3012, #3013, #3014, #3015, #3016, #3017, #3018, #3019, #3020, #3021, #3022, #3023, #3024, #3025, #3026, #3027, #3028, #3029, #3030, #3031, #3032, #3033, #3034, #3035, #3036, #3037, #3038, #3039, #3040, #3041, #3042, #3043, #3044, #3045, #3046, #3047), .UNSPECIFIED., .F., .F., (3, 1, 1, 1, 1, 1, 1, 1, 1, 1, 1, 1, 1, 1, 1, 1, 1, 1, 1, 1, 1, 1, 1, 1, 1, 1, 1, 1, 1, 1, 1, 1, 1, 1, 3), (0.5, 0.5147058823529411, 0.5294117647058824, 0.5441176470588236, 0.5588235294117647, 0.5735294117647058, 0.5882352941176471, 0.6029411764705883, 0.6176470588235294, 0.6323529411764706, 0.6470588235294118, 0.6617647058823529, 0.6764705882352942, 0.6911764705882353, 0.7058823529411764, 0.7205882352941176, 0.7352941176470589, 0.75, 0.7647058823529411, 0.7794117647058824, 0.7941176470588236, 0.8088235294117647, 0.8235294117647058, 0.8382352941176471, 0.8529411764705882, 0.8676470588235294, 0.8823529411764706, 0.8970588235294118, 0.9117647058823529, 0.9264705882352942, 0.9411764705882353, 0.9558823529411765, 0.9705882352941176, 0.9852941176470589, 1), .UNSPECIFIED.);
#3049 = DIRECTION('', (0.9503926140627486, 0.31105285585407455, -0.000000000000016917684184757316));
#3050 = DIRECTION('', (0.000000000000013067141853586127, 0.000000000000014463037376224494, 1.0000000000000002));
#3051 = CARTESIAN_POINT('', (0.2979999999999993, 0.19799999999999937, 0.012000000000000037));
#3052 = AXIS2_PLACEMENT_3D('', #3051, #3050, #3049);
#3053 = CIRCLE('', #3052, 0.0021000000000008655);
#3054 = DIRECTION('', (1, 0.000000000000027068294695623304, 0));
#3055 = DIRECTION('', (0, -0, 1));
#3056 = CARTESIAN_POINT('', (-0.29799999999999993, 0.19799999999999995, -0.005));
#3057 = AXIS2_PLACEMENT_3D('', #3056, #3055, #3054);
#3058 = CIRCLE('', #3057, 0.002099999999999966);
#3059 = DIRECTION('', (0, -0, 1));
#3060 = VECTOR('', #3059, 1);
#3061 = CARTESIAN_POINT('', (-0.2959, 0.198, -0.005));
#3062 = LINE('', #3061, #3060);
#3063 = DIRECTION('', (-1, -0.000000000000013534147347811286, 0));
#3064 = DIRECTION('', (0, 0, 1));
#3065 = CARTESIAN_POINT('', (-0.298, 0.19800000000000004, -0.005));
#3066 = AXIS2_PLACEMENT_3D('', #3065, #3064, #3063);
#3067 = CIRCLE('', #3066, 0.002100000000000023);
#3068 = DIRECTION('', (0, -0, 1));
#3069 = VECTOR('', #3068, 1);
#3070 = CARTESIAN_POINT('', (-0.30010000000000003, 0.198, -0.005));
#3071 = LINE('', #3070, #3069);
#3072 = CARTESIAN_POINT('', (-0.29999376064134314, 0.19865253552290119, 0.012));
#3073 = CARTESIAN_POINT('', (-0.2999862986161264, 0.19867369949454383, 0.011661240776204408));
#3074 = CARTESIAN_POINT('', (-0.2999832091223733, 0.19868246198948075, 0.011520984682808889));
#3075 = CARTESIAN_POINT('', (-0.29998176987317016, 0.19868654402196334, 0.011451612903225808));
#3076 = CARTESIAN_POINT('', (-0.2999763390504708, 0.1987019470491935, 0.01118984736988471));
#3077 = CARTESIAN_POINT('', (-0.29997263008105224, 0.19871246651560062, 0.011011075126391818));
#3078 = CARTESIAN_POINT('', (-0.29997173105178043, 0.19871501636359246, 0.01096774193548387));
#3079 = CARTESIAN_POINT('', (-0.29997039254226177, 0.19871881267580968, 0.010903225806451613));
#3080 = CARTESIAN_POINT('', (-0.2999665342737144, 0.19872975558792186, 0.010717257348269522));
#3081 = CARTESIAN_POINT('', (-0.29995901521135343, 0.19875108132965608, 0.01035483870967742));
#3082 = CARTESIAN_POINT('', (-0.2999567294969581, 0.19875756412665016, 0.010244667326654208));
#3083 = CARTESIAN_POINT('', (-0.299947637880445, 0.19878334998350256, 0.009806451612903225));
#3084 = CARTESIAN_POINT('', (-0.2999469247202018, 0.19878537266537852, 0.009772077305039041));
#3085 = CARTESIAN_POINT('', (-0.2999464115961587, 0.19878682799987288, 0.009747344737575965));
#3086 = CARTESIAN_POINT('', (-0.2999432877245095, 0.19879568799820846, 0.009596774193548388));
#3087 = CARTESIAN_POINT('', (-0.29994247821070186, 0.1987979839603328, 0.009557755646022648));
#3088 = CARTESIAN_POINT('', (-0.2999338853876996, 0.19881615795272364, 0.009308690038338728));
#3089 = CARTESIAN_POINT('', (-0.29993213879508174, 0.19881985203101882, 0.009258064516129033));
#3090 = CARTESIAN_POINT('', (-0.2999181618884389, 0.19884941346791885, 0.008852939594365209));
#3091 = CARTESIAN_POINT('', (-0.2999132193091553, 0.19885986712188877, 0.008709677419354838));
#3092 = CARTESIAN_POINT('', (-0.2999063890976688, 0.19887431315569506, 0.008511701646548598));
#3093 = CARTESIAN_POINT('', (-0.299902438389178, 0.1988826689831141, 0.008397189150391948));
#3094 = CARTESIAN_POINT('', (-0.2998965256451024, 0.1988951745550095, 0.008225806451612902));
#3095 = CARTESIAN_POINT('', (-0.2998942998232287, 0.19889988221275895, 0.008161290322580646));
#3096 = CARTESIAN_POINT('', (-0.2998867148899173, 0.19891592449830936, 0.007941438706418495));
#3097 = CARTESIAN_POINT('', (-0.29987538033730227, 0.1989398973036289, 0.007612903225806453));
#3098 = CARTESIAN_POINT('', (-0.29987099139065654, 0.19894918001350462, 0.0074856882624450265));
#3099 = CARTESIAN_POINT('', (-0.29986392249087346, 0.1989641308778287, 0.007280794036226731));
#3100 = CARTESIAN_POINT('', (-0.2998564608513755, 0.19897991239449922, 0.007064516129032257));
#3101 = CARTESIAN_POINT('', (-0.2998552678913955, 0.19898243552870007, 0.007029937818472383));
#3102 = CARTESIAN_POINT('', (-0.2998493988101616, 0.1989948487528126, 0.006859820700537842));
#3103 = CARTESIAN_POINT('', (-0.299849096201336, 0.1989953465519758, 0.0068548387096774195));
#3104 = CARTESIAN_POINT('', (-0.29983321574535576, 0.19902147030326836, 0.006593391323254878));
#3105 = CARTESIAN_POINT('', (-0.29982852279191724, 0.19902919033023783, 0.006516129032258063));
#3106 = CARTESIAN_POINT('', (-0.2998073943922511, 0.19906394708147807, 0.006168282290397244));
#3107 = CARTESIAN_POINT('', (-0.29980253728081935, 0.1990719371524937, 0.006088317389455144));
#3108 = CARTESIAN_POINT('', (-0.2997952134623819, 0.19908398501885277, 0.00596774193548387));
#3109 = CARTESIAN_POINT('', (-0.2997815730391463, 0.19910642385968794, 0.005743173257540207));
#3110 = CARTESIAN_POINT('', (-0.29976582287749776, 0.19913233327351293, 0.005483870967741934));
#3111 = CARTESIAN_POINT('', (-0.2997619041328466, 0.19913877970746763, 0.005419354838709678));
#3112 = CARTESIAN_POINT('', (-0.2997557516860416, 0.1991489006378977, 0.0053180642246829215));
#3113 = CARTESIAN_POINT('', (-0.29973453574033415, 0.1991838014045876, 0.004968776171331656));
#3114 = CARTESIAN_POINT('', (-0.2997282944578275, 0.19919197616917972, 0.004921767206961485));
#3115 = CARTESIAN_POINT('', (-0.29972608830931485, 0.19919486575873557, 0.004905150629083956));
#3116 = CARTESIAN_POINT('', (-0.29972154991842614, 0.1992008100942312, 0.004870967741935484));
#3117 = CARTESIAN_POINT('', (-0.299678725702631, 0.19925690079075015, 0.004548418324830427));
#3118 = CARTESIAN_POINT('', (-0.29964874170323147, 0.199296173510157, 0.00432258064516129));
#3119 = CARTESIAN_POINT('', (-0.29963570774776827, 0.1993132452446127, 0.0042244096767227665));
#3120 = CARTESIAN_POINT('', (-0.2996322279433656, 0.19931780305493269, 0.004198199999303411));
#3121 = B_SPLINE_CURVE_WITH_KNOTS('', 2, (#3072, #3073, #3074, #3075, #3076, #3077, #3078, #3079, #3080, #3081, #3082, #3083, #3084, #3085, #3086, #3087, #3088, #3089, #3090, #3091, #3092, #3093, #3094, #3095, #3096, #3097, #3098, #3099, #3100, #3101, #3102, #3103, #3104, #3105, #3106, #3107, #3108, #3109, #3110, #3111, #3112, #3113, #3114, #3115, #3116, #3117, #3118, #3119, #3120), .UNSPECIFIED., .F., .F., (3, 1, 1, 1, 1, 1, 1, 1, 1, 1, 1, 1, 1, 1, 1, 1, 1, 1, 1, 1, 1, 1, 1, 1, 1, 1, 1, 1, 1, 1, 1, 1, 1, 1, 1, 1, 1, 1, 1, 1, 1, 1, 1, 1, 1, 1, 1, 3), (0, 0.010752688172043012, 0.021505376344086023, 0.03225806451612903, 0.043010752688172046, 0.05376344086021506, 0.06451612903225806, 0.07526881720430108, 0.08602150537634409, 0.09677419354838711, 0.10752688172043012, 0.11827956989247312, 0.12903225806451613, 0.13978494623655915, 0.15053763440860216, 0.16129032258064518, 0.17204301075268819, 0.1827956989247312, 0.19354838709677422, 0.20430107526881722, 0.21505376344086025, 0.22580645161290325, 0.23655913978494625, 0.24731182795698928, 0.25806451612903225, 0.2688172043010753, 0.2795698924731183, 0.2903225806451613, 0.3010752688172043, 0.3118279569892473, 0.32258064516129037, 0.33333333333333337, 0.34408602150537637, 0.3548387096774194, 0.3655913978494624, 0.37634408602150543, 0.38709677419354843, 0.39784946236559143, 0.40860215053763443, 0.41935483870967744, 0.4301075268817205, 0.4408602150537635, 0.4516129032258065, 0.4623655913978495, 0.4731182795698925, 0.4838709677419355, 0.49462365591397855, 0.5), .UNSPECIFIED.);
#3122 = CARTESIAN_POINT('', (-0.29864868229528224, 0.19999730098162133, 0.012));
#3123 = CARTESIAN_POINT('', (-0.29867633157968093, 0.19997167263890497, 0.012));
#3124 = CARTESIAN_POINT('', (-0.298714, 0.19993499757597424, 0.012));
#3125 = CARTESIAN_POINT('', (-0.2988367285977804, 0.1998155054653713, 0.012));
#3126 = CARTESIAN_POINT('', (-0.2992086742384116, 0.19945336843755226, 0.012));
#3127 = CARTESIAN_POINT('', (-0.29929049021446236, 0.19937265026193057, 0.012));
#3128 = B_SPLINE_CURVE_WITH_KNOTS('', 2, (#3122, #3123, #3124, #3125, #3126, #3127), .UNSPECIFIED., .F., .F., (3, 1, 1, 1, 3), (0.11244294100754729, 0.2, 0.30000000000000004, 0.4, 0.45000000362840603), .UNSPECIFIED.);
#3129 = CARTESIAN_POINT('', (-0.29929049021446236, 0.19937265026193057, 0.012));
#3130 = CARTESIAN_POINT('', (-0.29937230617863864, 0.199291932098024, 0.012));
#3131 = CARTESIAN_POINT('', (-0.2994912563831679, 0.19916976008403994, 0.012));
#3132 = CARTESIAN_POINT('', (-0.2999349975759743, 0.198714, 0.012));
#3133 = CARTESIAN_POINT('', (-0.29997167264032404, 0.19867633157822354, 0.012));
#3134 = CARTESIAN_POINT('', (-0.29999730098586963, 0.19864868229069904, 0.012));
#3135 = B_SPLINE_CURVE_WITH_KNOTS('', 2, (#3129, #3130, #3131, #3132, #3133, #3134), .UNSPECIFIED., .F., .F., (3, 1, 1, 1, 3), (0.45000000362840603, 0.5, 0.6, 0.7, 0.7875570662492648), .UNSPECIFIED.);
#3136 = CARTESIAN_POINT('', (-0.2996322279433655, 0.19931780305493269, 0.004198199999303411));
#3137 = CARTESIAN_POINT('', (-0.2996287481389628, 0.19932236086525268, 0.004171990321884056));
#3138 = CARTESIAN_POINT('', (-0.2996209032680099, 0.19933263599271694, 0.00411290322580645));
#3139 = CARTESIAN_POINT('', (-0.29959901581916, 0.199361303937435, 0.003948048277798224));
#3140 = CARTESIAN_POINT('', (-0.29956996140137543, 0.19939195298400578, 0.003926529674968701));
#3141 = CARTESIAN_POINT('', (-0.2995585349062653, 0.19940400661328067, 0.003918066858338416));
#3142 = CARTESIAN_POINT('', (-0.29948333441945285, 0.19948333441945282, 0.003862371045731892));
#3143 = CARTESIAN_POINT('', (-0.29944471888733415, 0.199524069334571, 0.0037765101578899085));
#3144 = CARTESIAN_POINT('', (-0.29934411310415515, 0.19960972882053651, 0.00411290322580645));
#3145 = CARTESIAN_POINT('', (-0.29928140443682194, 0.19966312129997066, 0.00432258064516129));
#3146 = CARTESIAN_POINT('', (-0.2992741976563367, 0.19966925741950897, 0.004346677778751626));
#3147 = CARTESIAN_POINT('', (-0.29924503277873044, 0.19968916773392206, 0.004578874827796959));
#3148 = CARTESIAN_POINT('', (-0.29920834474102476, 0.19971421396849845, 0.004870967741935485));
#3149 = CARTESIAN_POINT('', (-0.2991688261097486, 0.19974119259616513, 0.005185596511803294));
#3150 = CARTESIAN_POINT('', (-0.2991394651294014, 0.19976123678623786, 0.005419354838709677));
#3151 = CARTESIAN_POINT('', (-0.29913136164568105, 0.19976676888244244, 0.005483870967741934));
#3152 = CARTESIAN_POINT('', (-0.2990905386840807, 0.19979463795193442, 0.005808884202664343));
#3153 = CARTESIAN_POINT('', (-0.29907720655265446, 0.1998018131730226, 0.0059677419354838696));
#3154 = CARTESIAN_POINT('', (-0.2990730419699912, 0.19980405451016467, 0.006017364620624625));
#3155 = CARTESIAN_POINT('', (-0.2990502983360097, 0.19981629490871378, 0.006288364209126159));
#3156 = CARTESIAN_POINT('', (-0.29903118317867744, 0.19982658249706775, 0.006516129032258064));
#3157 = CARTESIAN_POINT('', (-0.2990126421891786, 0.19983656107398057, 0.006737052413661349));
#3158 = CARTESIAN_POINT('', (-0.2990027569771034, 0.19984188119721336, 0.0068548387096774195));
#3159 = CARTESIAN_POINT('', (-0.2989851598047003, 0.19985135182111308, 0.007064516129032258));
#3160 = CARTESIAN_POINT('', (-0.2989522424083657, 0.1998690676377967, 0.007456740206699165));
#3161 = CARTESIAN_POINT('', (-0.29893913643072323, 0.19987612114515832, 0.007612903225806453));
#3162 = CARTESIAN_POINT('', (-0.29891709051171345, 0.19988798604041993, 0.007875589258507678));
#3163 = CARTESIAN_POINT('', (-0.2988971800978735, 0.19989870162794987, 0.008112829884255764));
#3164 = CARTESIAN_POINT('', (-0.2988940318176025, 0.1998999959370746, 0.008161290322580646));
#3165 = CARTESIAN_POINT('', (-0.2988933472565868, 0.19990027737122046, 0.008171827544182235));
#3166 = CARTESIAN_POINT('', (-0.29888984046351613, 0.19990171907077678, 0.008225806451612902));
#3167 = CARTESIAN_POINT('', (-0.2988584053078684, 0.19991464257354324, 0.008709677419354838));
#3168 = CARTESIAN_POINT('', (-0.298849974130418, 0.19991810876745444, 0.008839455749002169));
#3169 = CARTESIAN_POINT('', (-0.29882277879813457, 0.19992928921001168, 0.009258064516129032));
#3170 = CARTESIAN_POINT('', (-0.29881326723241275, 0.19993319956907896, 0.009404472905581203));
#3171 = CARTESIAN_POINT('', (-0.29880660100424933, 0.1999359401636883, 0.00950708395382175));
#3172 = CARTESIAN_POINT('', (-0.2988007741891812, 0.19993833566194816, 0.009596774193548386));
#3173 = CARTESIAN_POINT('', (-0.2987871522884006, 0.19994393584648018, 0.009806451612903225));
#3174 = CARTESIAN_POINT('', (-0.2987632278780807, 0.19995377155992214, 0.010174712158641267));
#3175 = CARTESIAN_POINT('', (-0.2987515257786666, 0.19995858248294876, 0.01035483870967742));
#3176 = CARTESIAN_POINT('', (-0.29871985475191176, 0.19997160295615615, 0.010842340363461529));
#3177 = CARTESIAN_POINT('', (-0.2987158992689325, 0.19997322911941737, 0.010903225806451613));
#3178 = CARTESIAN_POINT('', (-0.29871459066102113, 0.19997376710937206, 0.01092336877579352));
#3179 = CARTESIAN_POINT('', (-0.29871170791484614, 0.1999749522531195, 0.01096774193548387));
#3180 = CARTESIAN_POINT('', (-0.2986977080942369, 0.19998070780662777, 0.011183236549933338));
#3181 = CARTESIAN_POINT('', (-0.2986839586797487, 0.19998478801758998, 0.011437904007845077));
#3182 = CARTESIAN_POINT('', (-0.2986831785789362, 0.1999850195166032, 0.011451612903225807));
#3183 = CARTESIAN_POINT('', (-0.2986805246965954, 0.19998580707012623, 0.0114982502028991));
#3184 = CARTESIAN_POINT('', (-0.2986519727663723, 0.19999428000537656, 0.011999999999999999));
#3185 = B_SPLINE_CURVE_WITH_KNOTS('', 2, (#3136, #3137, #3138, #3139, #3140, #3141, #3142, #3143, #3144, #3145, #3146, #3147, #3148, #3149, #3150, #3151, #3152, #3153, #3154, #3155, #3156, #3157, #3158, #3159, #3160, #3161, #3162, #3163, #3164, #3165, #3166, #3167, #3168, #3169, #3170, #3171, #3172, #3173, #3174, #3175, #3176, #3177, #3178, #3179, #3180, #3181, #3182, #3183, #3184), .UNSPECIFIED., .F., .F., (3, 1, 1, 1, 1, 1, 1, 1, 1, 1, 1, 1, 1, 1, 1, 1, 1, 1, 1, 1, 1, 1, 1, 1, 1, 1, 1, 1, 1, 1, 1, 1, 1, 1, 1, 1, 1, 1, 1, 1, 1, 1, 1, 1, 1, 1, 1, 3), (0.5, 0.5053763440860215, 0.5161290322580645, 0.5268817204301075, 0.5376344086021505, 0.5483870967741935, 0.5591397849462365, 0.5698924731182795, 0.5806451612903225, 0.5913978494623655, 0.6021505376344085, 0.6129032258064515, 0.6236559139784945, 0.6344086021505376, 0.6451612903225806, 0.6559139784946236, 0.6666666666666666, 0.6774193548387096, 0.6881720430107527, 0.6989247311827957, 0.7096774193548387, 0.7204301075268817, 0.7311827956989247, 0.7419354838709677, 0.7526881720430108, 0.7634408602150538, 0.7741935483870968, 0.7849462365591398, 0.7956989247311828, 0.8064516129032258, 0.8172043010752688, 0.8279569892473118, 0.8387096774193548, 0.8494623655913979, 0.8602150537634409, 0.8709677419354839, 0.8817204301075269, 0.8924731182795699, 0.9032258064516129, 0.9139784946236559, 0.9247311827956989, 0.935483870967742, 0.946236559139785, 0.956989247311828, 0.967741935483871, 0.978494623655914, 0.989247311827957, 1), .UNSPECIFIED.);
#3186 = CARTESIAN_POINT('', (-0.2959, 0.198, 0));
#3187 = CARTESIAN_POINT('', (-0.29590799522085165, 0.19817194599240914, -0.00000000000000000005551115123125783));
#3188 = CARTESIAN_POINT('', (-0.2959090612502986, 0.1981948721247304, 0.000000000000000000013877787807814457));
#3189 = CARTESIAN_POINT('', (-0.2959340903146598, 0.19837119831377617, -0.00000000000000000005551115123125783));
#3190 = CARTESIAN_POINT('', (-0.2959374275232413, 0.1983947084723156, 0));
#3191 = CARTESIAN_POINT('', (-0.29598080162879653, 0.1985730165164948, 0.00000000000000000005551115123125783));
#3192 = CARTESIAN_POINT('', (-0.29598658484287055, 0.19859679092238536, 0));
#3193 = CARTESIAN_POINT('', (-0.296049176266189, 0.19877431419116248, 0.00000000000000000005551115123125783));
#3194 = CARTESIAN_POINT('', (-0.2960575217892981, 0.19879798396033277, 0));
#3195 = CARTESIAN_POINT('', (-0.2961396506721277, 0.19897168818899144, 0));
#3196 = CARTESIAN_POINT('', (-0.2961506011898384, 0.1989948487528126, 0));
#3197 = CARTESIAN_POINT('', (-0.2962519509573332, 0.19916157168084933, -0.00000000000000000005551115123125783));
#3198 = CARTESIAN_POINT('', (-0.2962654642596658, 0.19918380140458758, 0.000000000000000000013877787807814457));
#3199 = CARTESIAN_POINT('', (-0.2963850406607018, 0.19934042128651175, 0));
#3200 = CARTESIAN_POINT('', (-0.2963999886485759, 0.19936, 0));
#3201 = CARTESIAN_POINT('', (-0.29640098418083993, 0.19936130393743498, 0));
#3202 = CARTESIAN_POINT('', (-0.2965166655805471, 0.1994833344194529, 0));
#3203 = CARTESIAN_POINT('', (-0.296537128532451, 0.19950492046431975, 0));
#3204 = CARTESIAN_POINT('', (-0.29655528111266577, 0.19952406933457106, 0));
#3205 = CARTESIAN_POINT('', (-0.29663999999999996, 0.19959620212963813, 0));
#3206 = CARTESIAN_POINT('', (-0.29670574102236935, 0.1996521764683398, -0.00000000000000000005551115123125783));
#3207 = CARTESIAN_POINT('', (-0.2967258023436632, 0.19966925741950897, 0));
#3208 = CARTESIAN_POINT('', (-0.29688785437800674, 0.19977988730106083, 0.00000000000000000011102230246251566));
#3209 = CARTESIAN_POINT('', (-0.2969094613159192, 0.1997946379519344, 0));
#3210 = CARTESIAN_POINT('', (-0.2970800718331609, 0.1998864588425363, 0));
#3211 = CARTESIAN_POINT('', (-0.29710281990212645, 0.19989870162794993, 0.000000000000000000013877787807814457));
#3212 = CARTESIAN_POINT('', (-0.2972788246112176, 0.19997106002090098, 0.00000000000000000005551115123125783));
#3213 = CARTESIAN_POINT('', (-0.29730229190576307, 0.19998070780662777, 0));
#3214 = CARTESIAN_POINT('', (-0.2974805729662903, 0.20003361364768324, 0));
#3215 = CARTESIAN_POINT('', (-0.29750434377436064, 0.200040667759824, 0));
#3216 = CARTESIAN_POINT('', (-0.2976819855659157, 0.20007473000028186, 0));
#3217 = CARTESIAN_POINT('', (-0.297705671138123, 0.20007927163234293, 0));
#3218 = CARTESIAN_POINT('', (-0.2978800812315848, 0.20009559731369653, 0));
#3219 = CARTESIAN_POINT('', (-0.29790333591071305, 0.20009777407121032, 0));
#3220 = CARTESIAN_POINT('', (-0.29807391959769003, 0.20009777407121032, 0.00000000000000000005551115123125783));
#3221 = CARTESIAN_POINT('', (-0.2980852918434885, 0.20009777407121032, 0.0000000000000000000346944695195361));
#3222 = B_SPLINE_CURVE_WITH_KNOTS('', 2, (#3186, #3187, #3188, #3189, #3190, #3191, #3192, #3193, #3194, #3195, #3196, #3197, #3198, #3199, #3200, #3201, #3202, #3203, #3204, #3205, #3206, #3207, #3208, #3209, #3210, #3211, #3212, #3213, #3214, #3215, #3216, #3217, #3218, #3219, #3220, #3221), .UNSPECIFIED., .F., .F., (3, 1, 1, 1, 1, 1, 1, 1, 1, 1, 1, 1, 1, 1, 1, 1, 1, 1, 1, 1, 1, 1, 1, 1, 1, 1, 1, 1, 1, 1, 1, 1, 1, 1, 3), (0, 0.014705882352941176, 0.029411764705882353, 0.044117647058823525, 0.058823529411764705, 0.07352941176470588, 0.08823529411764705, 0.10294117647058823, 0.11764705882352941, 0.1323529411764706, 0.14705882352941177, 0.16176470588235295, 0.1764705882352941, 0.19117647058823528, 0.20588235294117646, 0.22058823529411764, 0.23529411764705882, 0.25, 0.2647058823529412, 0.27941176470588236, 0.29411764705882354, 0.3088235294117647, 0.3235294117647059, 0.3382352941176471, 0.3529411764705882, 0.3676470588235294, 0.38235294117647056, 0.39705882352941174, 0.4117647058823529, 0.4264705882352941, 0.4411764705882353, 0.45588235294117646, 0.47058823529411764, 0.4852941176470588, 0.5), .UNSPECIFIED.);
#3223 = CARTESIAN_POINT('', (-0.2959, 0.198, 0));
#3224 = CARTESIAN_POINT('', (-0.2959010660294468, 0.19797707386767877, 0));
#3225 = CARTESIAN_POINT('', (-0.29590906125029853, 0.19780512787526966, 0.00000000000000000005551115123125783));
#3226 = CARTESIAN_POINT('', (-0.29591239845888, 0.19778161771673022, 0));
#3227 = CARTESIAN_POINT('', (-0.2959374275232413, 0.19760529152768438, 0));
#3228 = CARTESIAN_POINT('', (-0.29594321073731533, 0.19758151712179384, 0));
#3229 = CARTESIAN_POINT('', (-0.2959865848428706, 0.19740320907761463, 0));
#3230 = CARTESIAN_POINT('', (-0.2959949303659798, 0.19737953930844435, 0));
#3231 = CARTESIAN_POINT('', (-0.2960463781727997, 0.19723362182720025, 0));
#3232 = CARTESIAN_POINT('', (-0.2960575217892981, 0.19720201603966722, 0));
#3233 = CARTESIAN_POINT('', (-0.2960684723070087, 0.19717885547584607, 0));
#3234 = CARTESIAN_POINT('', (-0.2961506011898385, 0.1970051512471874, 0));
#3235 = CARTESIAN_POINT('', (-0.2961641144921711, 0.19698292152344915, 0));
#3236 = CARTESIAN_POINT('', (-0.2962654642596659, 0.19681619859541238, 0));
#3237 = CARTESIAN_POINT('', (-0.296281407779804, 0.19679531594448915, 0));
#3238 = CARTESIAN_POINT('', (-0.2963999886485759, 0.19663999999999998, 0));
#3239 = CARTESIAN_POINT('', (-0.29640098418083993, 0.19663869606256504, 0));
#3240 = CARTESIAN_POINT('', (-0.29641913676105475, 0.19661954719231373, 0));
#3241 = CARTESIAN_POINT('', (-0.29655528111266577, 0.1964759306654289, 0));
#3242 = CARTESIAN_POINT('', (-0.2965753424339596, 0.19645884971425975, 0));
#3243 = CARTESIAN_POINT('', (-0.29663999999999996, 0.19640379787036183, 0));
#3244 = CARTESIAN_POINT('', (-0.2967258023436632, 0.19633074258049105, 0.00000000000000000005551115123125783));
#3245 = CARTESIAN_POINT('', (-0.29674740928157567, 0.19631599192961743, 0));
#3246 = CARTESIAN_POINT('', (-0.2969094613159192, 0.1962053620480656, 0));
#3247 = CARTESIAN_POINT('', (-0.29693220938488474, 0.196193119262652, -0.000000000000000000013877787807814457));
#3248 = CARTESIAN_POINT('', (-0.2971028199021265, 0.19610129837205015, 0.00000000000000000011102230246251566));
#3249 = CARTESIAN_POINT('', (-0.29712628719667195, 0.1960916505863233, 0));
#3250 = CARTESIAN_POINT('', (-0.29723167678364676, 0.1960483232163532, 0));
#3251 = CARTESIAN_POINT('', (-0.2973022919057631, 0.19601929219337222, 0.00000000000000000005551115123125783));
#3252 = CARTESIAN_POINT('', (-0.29732606271383344, 0.1960122380812315, 0));
#3253 = CARTESIAN_POINT('', (-0.2975043437743606, 0.19595933224017603, 0.00000000000000000011102230246251566));
#3254 = CARTESIAN_POINT('', (-0.2975280293465679, 0.19595479060811496, 0));
#3255 = CARTESIAN_POINT('', (-0.297705671138123, 0.195920728367657, 0));
#3256 = CARTESIAN_POINT('', (-0.29772892581725124, 0.1959185516101432, 0));
#3257 = CARTESIAN_POINT('', (-0.297903335910713, 0.19590222592878967, -0.00000000000000000005551115123125783));
#3258 = CARTESIAN_POINT('', (-0.29791470815651144, 0.19590222592878967, -0.00000000000000000002775557561562886));
#3259 = B_SPLINE_CURVE_WITH_KNOTS('', 2, (#3223, #3224, #3225, #3226, #3227, #3228, #3229, #3230, #3231, #3232, #3233, #3234, #3235, #3236, #3237, #3238, #3239, #3240, #3241, #3242, #3243, #3244, #3245, #3246, #3247, #3248, #3249, #3250, #3251, #3252, #3253, #3254, #3255, #3256, #3257, #3258), .UNSPECIFIED., .F., .F., (3, 1, 1, 1, 1, 1, 1, 1, 1, 1, 1, 1, 1, 1, 1, 1, 1, 1, 1, 1, 1, 1, 1, 1, 1, 1, 1, 1, 1, 1, 1, 1, 1, 1, 3), (0, 0.014705882352941176, 0.029411764705882353, 0.044117647058823525, 0.058823529411764705, 0.07352941176470588, 0.08823529411764705, 0.10294117647058823, 0.11764705882352941, 0.1323529411764706, 0.14705882352941177, 0.16176470588235295, 0.1764705882352941, 0.19117647058823528, 0.20588235294117646, 0.22058823529411764, 0.23529411764705882, 0.25, 0.2647058823529412, 0.27941176470588236, 0.29411764705882354, 0.3088235294117647, 0.3235294117647059, 0.3382352941176471, 0.3529411764705882, 0.3676470588235294, 0.38235294117647056, 0.39705882352941174, 0.4117647058823529, 0.4264705882352941, 0.4411764705882353, 0.45588235294117646, 0.47058823529411764, 0.4852941176470588, 0.5), .UNSPECIFIED.);
#3260 = CARTESIAN_POINT('', (-0.29791470815651144, 0.19590222592878967, -0.00000000000000000002775557561562886));
#3261 = CARTESIAN_POINT('', (-0.29792608040230995, 0.19590222592878967, 0));
#3262 = CARTESIAN_POINT('', (-0.298096664089287, 0.19590222592878967, 0.00000000000000000005551115123125783));
#3263 = CARTESIAN_POINT('', (-0.29811991876841526, 0.1959044026863035, 0));
#3264 = CARTESIAN_POINT('', (-0.2982943288618769, 0.195920728367657, -0.00000000000000000005551115123125783));
#3265 = CARTESIAN_POINT('', (-0.2983180144340843, 0.19592526999971807, 0));
#3266 = CARTESIAN_POINT('', (-0.29849565622563945, 0.19595933224017606, 0.00000000000000000005551115123125783));
#3267 = CARTESIAN_POINT('', (-0.29851942703370976, 0.19596638635231678, 0));
#3268 = CARTESIAN_POINT('', (-0.2986977080942369, 0.1960192921933722, 0.00000000000000000005551115123125783));
#3269 = CARTESIAN_POINT('', (-0.2987211753887824, 0.196028939979099, 0));
#3270 = CARTESIAN_POINT('', (-0.2988971800978736, 0.19610129837205015, 0.00000000000000000005551115123125783));
#3271 = CARTESIAN_POINT('', (-0.2989199281668391, 0.1961135411574637, 0));
#3272 = CARTESIAN_POINT('', (-0.2990905386840807, 0.19620536204806552, -0.00000000000000000005551115123125783));
#3273 = CARTESIAN_POINT('', (-0.2991121456219931, 0.19622011269893913, -0.000000000000000000013877787807814457));
#3274 = CARTESIAN_POINT('', (-0.2992741976563368, 0.19633074258049096, -0.00000000000000000005551115123125783));
#3275 = CARTESIAN_POINT('', (-0.29929425897763057, 0.19634782353166014, 0));
#3276 = CARTESIAN_POINT('', (-0.29935999999999996, 0.19640379787036177, 0));
#3277 = CARTESIAN_POINT('', (-0.29944471888733415, 0.1964759306654289, 0));
#3278 = CARTESIAN_POINT('', (-0.29946287146754896, 0.1964950795356802, 0));
#3279 = CARTESIAN_POINT('', (-0.29948333441945285, 0.1965166655805471, 0));
#3280 = CARTESIAN_POINT('', (-0.29959901581916, 0.19663869606256504, 0));
#3281 = CARTESIAN_POINT('', (-0.29960001135142406, 0.19663999999999998, 0));
#3282 = CARTESIAN_POINT('', (-0.29961495933929816, 0.19665957871348827, 0));
#3283 = CARTESIAN_POINT('', (-0.2997345357403341, 0.19681619859541236, 0));
#3284 = CARTESIAN_POINT('', (-0.2997480490426667, 0.19683842831915058, 0));
#3285 = CARTESIAN_POINT('', (-0.29984939881016165, 0.19700515124718734, 0));
#3286 = CARTESIAN_POINT('', (-0.29986034932787226, 0.1970283118110085, 0));
#3287 = CARTESIAN_POINT('', (-0.2999424782107019, 0.19720201603966722, 0));
#3288 = CARTESIAN_POINT('', (-0.29995082373381105, 0.1972256858088375, 0));
#3289 = CARTESIAN_POINT('', (-0.30001341515712937, 0.19740320907761463, 0));
#3290 = CARTESIAN_POINT('', (-0.3000191983712034, 0.19742698348350518, 0));
#3291 = CARTESIAN_POINT('', (-0.30006257247675866, 0.19760529152768438, 0.00000000000000000005551115123125783));
#3292 = CARTESIAN_POINT('', (-0.30006590968534014, 0.19762880168622382, 0.000000000000000000013877787807814457));
#3293 = CARTESIAN_POINT('', (-0.3000909387497015, 0.19780512787526966, -0.00000000000000000005551115123125783));
#3294 = CARTESIAN_POINT('', (-0.3000920047791483, 0.19782805400759088, 0));
#3295 = CARTESIAN_POINT('', (-0.30010000000000003, 0.198, 0));
#3296 = B_SPLINE_CURVE_WITH_KNOTS('', 2, (#3260, #3261, #3262, #3263, #3264, #3265, #3266, #3267, #3268, #3269, #3270, #3271, #3272, #3273, #3274, #3275, #3276, #3277, #3278, #3279, #3280, #3281, #3282, #3283, #3284, #3285, #3286, #3287, #3288, #3289, #3290, #3291, #3292, #3293, #3294, #3295), .UNSPECIFIED., .F., .F., (3, 1, 1, 1, 1, 1, 1, 1, 1, 1, 1, 1, 1, 1, 1, 1, 1, 1, 1, 1, 1, 1, 1, 1, 1, 1, 1, 1, 1, 1, 1, 1, 1, 1, 3), (0.5, 0.5147058823529411, 0.5294117647058824, 0.5441176470588236, 0.5588235294117647, 0.5735294117647058, 0.5882352941176471, 0.6029411764705883, 0.6176470588235294, 0.6323529411764706, 0.6470588235294118, 0.6617647058823529, 0.6764705882352942, 0.6911764705882353, 0.7058823529411764, 0.7205882352941176, 0.7352941176470589, 0.75, 0.7647058823529411, 0.7794117647058824, 0.7941176470588236, 0.8088235294117647, 0.8235294117647058, 0.8382352941176471, 0.8529411764705882, 0.8676470588235294, 0.8823529411764706, 0.8970588235294118, 0.9117647058823529, 0.9264705882352942, 0.9411764705882353, 0.9558823529411765, 0.9705882352941176, 0.9852941176470589, 1), .UNSPECIFIED.);
#3297 = CARTESIAN_POINT('', (-0.2980852918434885, 0.20009777407121032, 0.000000000000000000034694469519536106));
#3298 = CARTESIAN_POINT('', (-0.2980966640892869, 0.20009777407121032, 0.000000000000000000013877787807814457));
#3299 = CARTESIAN_POINT('', (-0.2982710741827486, 0.20008144838985675, 0));
#3300 = CARTESIAN_POINT('', (-0.29829432886187685, 0.20007927163234293, 0));
#3301 = CARTESIAN_POINT('', (-0.2984719706534321, 0.20004520939188497, 0.00000000000000000005551115123125783));
#3302 = CARTESIAN_POINT('', (-0.29849565622563945, 0.20004066775982393, 0));
#3303 = CARTESIAN_POINT('', (-0.29867393728616665, 0.1999877619187685, 0));
#3304 = CARTESIAN_POINT('', (-0.2986977080942369, 0.19998070780662774, 0));
#3305 = CARTESIAN_POINT('', (-0.2987683232163531, 0.19995167678364686, 0));
#3306 = CARTESIAN_POINT('', (-0.29887371280332803, 0.19990834941367674, -0.00000000000000000005551115123125783));
#3307 = CARTESIAN_POINT('', (-0.2988971800978735, 0.19989870162794995, 0));
#3308 = CARTESIAN_POINT('', (-0.2990677906151151, 0.199806880737348, -0.00000000000000000005551115123125783));
#3309 = CARTESIAN_POINT('', (-0.2990905386840807, 0.1997946379519344, -0.000000000000000000013877787807814457));
#3310 = CARTESIAN_POINT('', (-0.2992525907184243, 0.1996840080703826, 0.00000000000000000005551115123125783));
#3311 = CARTESIAN_POINT('', (-0.2992741976563367, 0.19966925741950906, 0));
#3312 = CARTESIAN_POINT('', (-0.29935999999999996, 0.19959620212963816, 0));
#3313 = CARTESIAN_POINT('', (-0.2994246575660403, 0.19954115028574018, 0));
#3314 = CARTESIAN_POINT('', (-0.29944471888733415, 0.199524069334571, 0));
#3315 = CARTESIAN_POINT('', (-0.29958086323894517, 0.19938045280768626, 0));
#3316 = CARTESIAN_POINT('', (-0.29959901581916, 0.19936130393743495, 0));
#3317 = CARTESIAN_POINT('', (-0.29960001135142406, 0.19936, 0));
#3318 = CARTESIAN_POINT('', (-0.299718592220196, 0.1992046840555108, 0));
#3319 = CARTESIAN_POINT('', (-0.29973453574033415, 0.1991838014045876, 0));
#3320 = CARTESIAN_POINT('', (-0.29983588550782897, 0.19901707847655084, 0));
#3321 = CARTESIAN_POINT('', (-0.2998493988101616, 0.1989948487528126, 0));
#3322 = CARTESIAN_POINT('', (-0.2999315276929912, 0.19882114452415395, 0));
#3323 = CARTESIAN_POINT('', (-0.29994247821070186, 0.19879798396033277, 0));
#3324 = CARTESIAN_POINT('', (-0.29995362182720026, 0.19876637817279974, 0));
#3325 = CARTESIAN_POINT('', (-0.3000050696340203, 0.19862046069155564, -0.00000000000000000005551115123125783));
#3326 = CARTESIAN_POINT('', (-0.3000134151571294, 0.19859679092238536, 0.000000000000000000013877787807814457));
#3327 = CARTESIAN_POINT('', (-0.3000567892626846, 0.1984184828782061, 0.00000000000000000005551115123125783));
#3328 = CARTESIAN_POINT('', (-0.3000625724767586, 0.19839470847231555, 0));
#3329 = CARTESIAN_POINT('', (-0.30008760154111996, 0.19821838228326977, 0.00000000000000000005551115123125783));
#3330 = CARTESIAN_POINT('', (-0.3000909387497015, 0.19819487212473033, 0));
#3331 = CARTESIAN_POINT('', (-0.30009893397055315, 0.1980229261323212, 0.00000000000000000005551115123125783));
#3332 = CARTESIAN_POINT('', (-0.30010000000000003, 0.198, 0));
#3333 = B_SPLINE_CURVE_WITH_KNOTS('', 2, (#3297, #3298, #3299, #3300, #3301, #3302, #3303, #3304, #3305, #3306, #3307, #3308, #3309, #3310, #3311, #3312, #3313, #3314, #3315, #3316, #3317, #3318, #3319, #3320, #3321, #3322, #3323, #3324, #3325, #3326, #3327, #3328, #3329, #3330, #3331, #3332), .UNSPECIFIED., .F., .F., (3, 1, 1, 1, 1, 1, 1, 1, 1, 1, 1, 1, 1, 1, 1, 1, 1, 1, 1, 1, 1, 1, 1, 1, 1, 1, 1, 1, 1, 1, 1, 1, 1, 1, 3), (0.5, 0.5147058823529411, 0.5294117647058824, 0.5441176470588236, 0.5588235294117647, 0.5735294117647058, 0.5882352941176471, 0.6029411764705883, 0.6176470588235294, 0.6323529411764706, 0.6470588235294118, 0.6617647058823529, 0.6764705882352942, 0.6911764705882353, 0.7058823529411764, 0.7205882352941176, 0.7352941176470589, 0.75, 0.7647058823529411, 0.7794117647058824, 0.7941176470588236, 0.8088235294117647, 0.8235294117647058, 0.8382352941176471, 0.8529411764705882, 0.8676470588235294, 0.8823529411764706, 0.8970588235294118, 0.9117647058823529, 0.9264705882352942, 0.9411764705882353, 0.9558823529411765, 0.9705882352941176, 0.9852941176470589, 1), .UNSPECIFIED.);
#3334 = DIRECTION('', (-0.3107373969374133, 0.9504958022761388, 0.000000000000013534147347813893));
#3335 = DIRECTION('', (0.000000000000010932710510890277, -0.000000000000010664902799059982, 1.0000000000000004));
#3336 = CARTESIAN_POINT('', (-0.29800000000000026, 0.19800000000000031, 0.011999999999999969));
#3337 = AXIS2_PLACEMENT_3D('', #3336, #3335, #3334);
#3338 = CIRCLE('', #3337, 0.0020999999999996182);
#3339 = EDGE_CURVE('', #6, #8, #408, .T.);
#3340 = EDGE_CURVE('', #8, #208, #412, .T.);
#3341 = EDGE_CURVE('', #12, #10, #416, .T.);
#3342 = EDGE_CURVE('', #6, #12, #420, .T.);
#3343 = EDGE_CURVE('', #8, #14, #425, .T.);
#3344 = EDGE_CURVE('', #14, #16, #429, .T.);
#3345 = EDGE_CURVE('', #10, #16, #434, .T.);
#3346 = EDGE_CURVE('', #14, #18, #438, .T.);
#3347 = EDGE_CURVE('', #18, #20, #442, .T.);
#3348 = EDGE_CURVE('', #16, #20, #446, .T.);
#3349 = EDGE_CURVE('', #18, #22, #451, .T.);
#3350 = EDGE_CURVE('', #22, #24, #455, .T.);
#3351 = EDGE_CURVE('', #20, #24, #460, .T.);
#3352 = EDGE_CURVE('', #22, #26, #464, .T.);
#3353 = EDGE_CURVE('', #26, #170, #468, .T.);
#3354 = EDGE_CURVE('', #24, #28, #472, .T.);
#3355 = EDGE_CURVE('', #26, #30, #477, .T.);
#3356 = EDGE_CURVE('', #30, #32, #481, .T.);
#3357 = EDGE_CURVE('', #28, #32, #486, .T.);
#3358 = EDGE_CURVE('', #30, #34, #490, .T.);
#3359 = EDGE_CURVE('', #34, #36, #494, .T.);
#3360 = EDGE_CURVE('', #32, #36, #498, .T.);
#3361 = EDGE_CURVE('', #34, #6, #503, .T.);
#3362 = EDGE_CURVE('', #36, #12, #508, .T.);
#3363 = EDGE_CURVE('', #66, #38, #512, .T.);
#3364 = EDGE_CURVE('', #38, #224, #516, .T.);
#3365 = EDGE_CURVE('', #40, #68, #520, .T.);
#3366 = EDGE_CURVE('', #38, #42, #525, .T.);
#3367 = EDGE_CURVE('', #42, #44, #529, .T.);
#3368 = EDGE_CURVE('', #44, #40, #534, .T.);
#3369 = EDGE_CURVE('', #42, #46, #538, .T.);
#3370 = EDGE_CURVE('', #46, #48, #542, .T.);
#3371 = EDGE_CURVE('', #48, #44, #546, .T.);
#3372 = EDGE_CURVE('', #46, #50, #551, .T.);
#3373 = EDGE_CURVE('', #50, #52, #555, .T.);
#3374 = EDGE_CURVE('', #52, #48, #560, .T.);
#3375 = EDGE_CURVE('', #50, #54, #564, .T.);
#3376 = EDGE_CURVE('', #54, #198, #568, .T.);
#3377 = EDGE_CURVE('', #56, #52, #572, .T.);
#3378 = EDGE_CURVE('', #54, #58, #577, .T.);
#3379 = EDGE_CURVE('', #58, #60, #581, .T.);
#3380 = EDGE_CURVE('', #60, #56, #586, .T.);
#3381 = EDGE_CURVE('', #58, #62, #590, .T.);
#3382 = EDGE_CURVE('', #62, #64, #594, .T.);
#3383 = EDGE_CURVE('', #64, #60, #598, .T.);
#3384 = EDGE_CURVE('', #62, #66, #603, .T.);
#3385 = EDGE_CURVE('', #66, #68, #607, .T.);
#3386 = EDGE_CURVE('', #68, #64, #612, .T.);
#3387 = EDGE_CURVE('', #70, #72, #616, .T.);
#3388 = EDGE_CURVE('', #72, #74, #620, .T.);
#3389 = EDGE_CURVE('', #76, #74, #624, .T.);
#3390 = EDGE_CURVE('', #70, #76, #628, .T.);
#3391 = EDGE_CURVE('', #72, #78, #633, .T.);
#3392 = EDGE_CURVE('', #78, #80, #637, .T.);
#3393 = EDGE_CURVE('', #74, #80, #642, .T.);
#3394 = EDGE_CURVE('', #78, #82, #646, .T.);
#3395 = EDGE_CURVE('', #82, #84, #650, .T.);
#3396 = EDGE_CURVE('', #80, #84, #654, .T.);
#3397 = EDGE_CURVE('', #82, #86, #659, .T.);
#3398 = EDGE_CURVE('', #86, #88, #663, .T.);
#3399 = EDGE_CURVE('', #84, #88, #668, .T.);
#3400 = EDGE_CURVE('', #86, #90, #672, .T.);
#3401 = EDGE_CURVE('', #90, #92, #676, .T.);
#3402 = EDGE_CURVE('', #88, #92, #680, .T.);
#3403 = EDGE_CURVE('', #90, #94, #685, .T.);
#3404 = EDGE_CURVE('', #94, #96, #689, .T.);
#3405 = EDGE_CURVE('', #92, #96, #694, .T.);
#3406 = EDGE_CURVE('', #94, #98, #698, .T.);
#3407 = EDGE_CURVE('', #98, #100, #702, .T.);
#3408 = EDGE_CURVE('', #96, #100, #706, .T.);
#3409 = EDGE_CURVE('', #98, #70, #711, .T.);
#3410 = EDGE_CURVE('', #100, #76, #716, .T.);
#3411 = EDGE_CURVE('', #102, #106, #721, .T.);
#3412 = EDGE_CURVE('', #102, #104, #725, .T.);
#3413 = EDGE_CURVE('', #104, #108, #730, .T.);
#3414 = EDGE_CURVE('', #106, #102, #735, .T.);
#3415 = EDGE_CURVE('', #108, #104, #740, .T.);
#3416 = EDGE_CURVE('', #106, #108, #744, .T.);
#3417 = EDGE_CURVE('', #110, #122, #749, .T.);
#3418 = EDGE_CURVE('', #110, #112, #753, .T.);
#3419 = EDGE_CURVE('', #112, #118, #758, .T.);
#3420 = EDGE_CURVE('', #112, #114, #762, .T.);
#3421 = EDGE_CURVE('', #118, #112, #767, .T.);
#3422 = EDGE_CURVE('', #116, #118, #771, .T.);
#3423 = EDGE_CURVE('', #116, #120, #776, .T.);
#3424 = EDGE_CURVE('', #120, #110, #781, .T.);
#3425 = EDGE_CURVE('', #122, #116, #786, .T.);
#3426 = EDGE_CURVE('', #124, #136, #791, .T.);
#3427 = EDGE_CURVE('', #124, #126, #795, .T.);
#3428 = EDGE_CURVE('', #126, #132, #800, .T.);
#3429 = EDGE_CURVE('', #126, #128, #804, .T.);
#3430 = EDGE_CURVE('', #132, #126, #809, .T.);
#3431 = EDGE_CURVE('', #130, #132, #813, .T.);
#3432 = EDGE_CURVE('', #130, #134, #818, .T.);
#3433 = EDGE_CURVE('', #134, #124, #823, .T.);
#3434 = EDGE_CURVE('', #136, #130, #828, .T.);
#3435 = EDGE_CURVE('', #138, #150, #833, .T.);
#3436 = EDGE_CURVE('', #138, #140, #837, .T.);
#3437 = EDGE_CURVE('', #140, #146, #842, .T.);
#3438 = EDGE_CURVE('', #140, #142, #846, .T.);
#3439 = EDGE_CURVE('', #146, #140, #851, .T.);
#3440 = EDGE_CURVE('', #144, #146, #855, .T.);
#3441 = EDGE_CURVE('', #144, #148, #860, .T.);
#3442 = EDGE_CURVE('', #148, #138, #865, .T.);
#3443 = EDGE_CURVE('', #150, #144, #870, .T.);
#3444 = EDGE_CURVE('', #152, #164, #875, .T.);
#3445 = EDGE_CURVE('', #152, #154, #879, .T.);
#3446 = EDGE_CURVE('', #154, #160, #884, .T.);
#3447 = EDGE_CURVE('', #154, #156, #888, .T.);
#3448 = EDGE_CURVE('', #160, #154, #893, .T.);
#3449 = EDGE_CURVE('', #158, #160, #897, .T.);
#3450 = EDGE_CURVE('', #158, #162, #902, .T.);
#3451 = EDGE_CURVE('', #162, #152, #907, .T.);
#3452 = EDGE_CURVE('', #164, #158, #912, .T.);
#3453 = EDGE_CURVE('', #166, #184, #917, .T.);
#3454 = EDGE_CURVE('', #168, #170, #921, .T.);
#3455 = EDGE_CURVE('', #168, #172, #985, .T.);
#3456 = EDGE_CURVE('', #174, #172, #989, .T.);
#3457 = EDGE_CURVE('', #174, #176, #1054, .T.);
#3458 = EDGE_CURVE('', #178, #176, #1058, .T.);
#3459 = EDGE_CURVE('', #170, #180, #1102, .T.);
#3460 = EDGE_CURVE('', #178, #182, #1148, .T.);
#3461 = EDGE_CURVE('', #182, #184, #1193, .T.);
#3462 = EDGE_CURVE('', #180, #186, #1229, .T.);
#3463 = EDGE_CURVE('', #186, #184, #1233, .T.);
#3464 = EDGE_CURVE('', #188, #190, #1237, .T.);
#3465 = EDGE_CURVE('', #190, #192, #1301, .T.);
#3466 = EDGE_CURVE('', #192, #194, #1305, .T.);
#3467 = EDGE_CURVE('', #194, #196, #1372, .T.);
#3468 = EDGE_CURVE('', #196, #198, #1376, .T.);
#3469 = EDGE_CURVE('', #188, #200, #1421, .T.);
#3470 = EDGE_CURVE('', #198, #202, #1463, .T.);
#3471 = EDGE_CURVE('', #200, #204, #1485, .T.);
#3472 = EDGE_CURVE('', #204, #202, #1574, .T.);
#3473 = EDGE_CURVE('', #202, #166, #1578, .T.);
#3474 = EDGE_CURVE('', #168, #190, #1582, .T.);
#3475 = EDGE_CURVE('', #172, #192, #1586, .T.);
#3476 = EDGE_CURVE('', #174, #194, #1590, .T.);
#3477 = EDGE_CURVE('', #176, #196, #1594, .T.);
#3478 = EDGE_CURVE('', #178, #28, #1598, .T.);
#3479 = EDGE_CURVE('', #180, #200, #1602, .T.);
#3480 = EDGE_CURVE('', #182, #166, #1606, .T.);
#3481 = EDGE_CURVE('', #186, #204, #1611, .T.);
#3482 = EDGE_CURVE('', #188, #56, #1615, .T.);
#3483 = EDGE_CURVE('', #206, #208, #1619, .T.);
#3484 = EDGE_CURVE('', #210, #212, #1623, .T.);
#3485 = EDGE_CURVE('', #212, #206, #1627, .T.);
#3486 = EDGE_CURVE('', #208, #214, #1678, .T.);
#3487 = EDGE_CURVE('', #210, #216, #1732, .T.);
#3488 = EDGE_CURVE('', #214, #216, #1736, .T.);
#3489 = EDGE_CURVE('', #218, #220, #1740, .T.);
#3490 = EDGE_CURVE('', #222, #224, #1744, .T.);
#3491 = EDGE_CURVE('', #220, #222, #1748, .T.);
#3492 = EDGE_CURVE('', #218, #226, #1795, .T.);
#3493 = EDGE_CURVE('', #228, #224, #1843, .T.);
#3494 = EDGE_CURVE('', #226, #228, #1866, .T.);
#3495 = EDGE_CURVE('', #226, #214, #1870, .T.);
#3496 = EDGE_CURVE('', #222, #212, #1874, .T.);
#3497 = EDGE_CURVE('', #220, #206, #1878, .T.);
#3498 = EDGE_CURVE('', #218, #40, #1882, .T.);
#3499 = EDGE_CURVE('', #216, #228, #1886, .T.);
#3500 = EDGE_CURVE('', #210, #10, #1890, .T.);
#3501 = EDGE_CURVE('', #230, #232, #1894, .T.);
#3502 = EDGE_CURVE('', #232, #234, #1898, .T.);
#3503 = EDGE_CURVE('', #234, #236, #1902, .T.);
#3504 = EDGE_CURVE('', #236, #230, #1906, .T.);
#3505 = EDGE_CURVE('', #238, #240, #1910, .T.);
#3506 = EDGE_CURVE('', #242, #238, #1914, .T.);
#3507 = EDGE_CURVE('', #244, #242, #1918, .T.);
#3508 = EDGE_CURVE('', #240, #244, #1922, .T.);
#3509 = EDGE_CURVE('', #244, #236, #1926, .T.);
#3510 = EDGE_CURVE('', #242, #234, #1930, .T.);
#3511 = EDGE_CURVE('', #240, #230, #1934, .T.);
#3512 = EDGE_CURVE('', #238, #232, #1938, .T.);
#3513 = EDGE_CURVE('', #246, #248, #1942, .T.);
#3514 = EDGE_CURVE('', #248, #250, #1946, .T.);
#3515 = EDGE_CURVE('', #250, #252, #1950, .T.);
#3516 = EDGE_CURVE('', #252, #246, #1954, .T.);
#3517 = EDGE_CURVE('', #254, #256, #1958, .T.);
#3518 = EDGE_CURVE('', #258, #254, #1962, .T.);
#3519 = EDGE_CURVE('', #260, #258, #1966, .T.);
#3520 = EDGE_CURVE('', #256, #260, #1970, .T.);
#3521 = EDGE_CURVE('', #260, #252, #1974, .T.);
#3522 = EDGE_CURVE('', #258, #250, #1978, .T.);
#3523 = EDGE_CURVE('', #256, #246, #1982, .T.);
#3524 = EDGE_CURVE('', #254, #248, #1986, .T.);
#3525 = EDGE_CURVE('', #262, #264, #1990, .T.);
#3526 = EDGE_CURVE('', #264, #266, #1994, .T.);
#3527 = EDGE_CURVE('', #266, #268, #1998, .T.);
#3528 = EDGE_CURVE('', #268, #262, #2002, .T.);
#3529 = EDGE_CURVE('', #270, #272, #2006, .T.);
#3530 = EDGE_CURVE('', #274, #270, #2010, .T.);
#3531 = EDGE_CURVE('', #276, #274, #2014, .T.);
#3532 = EDGE_CURVE('', #272, #276, #2018, .T.);
#3533 = EDGE_CURVE('', #276, #268, #2022, .T.);
#3534 = EDGE_CURVE('', #274, #266, #2026, .T.);
#3535 = EDGE_CURVE('', #272, #262, #2030, .T.);
#3536 = EDGE_CURVE('', #270, #264, #2034, .T.);
#3537 = EDGE_CURVE('', #278, #280, #2038, .T.);
#3538 = EDGE_CURVE('', #280, #282, #2042, .T.);
#3539 = EDGE_CURVE('', #282, #284, #2046, .T.);
#3540 = EDGE_CURVE('', #284, #278, #2050, .T.);
#3541 = EDGE_CURVE('', #286, #288, #2054, .T.);
#3542 = EDGE_CURVE('', #290, #286, #2058, .T.);
#3543 = EDGE_CURVE('', #292, #290, #2062, .T.);
#3544 = EDGE_CURVE('', #288, #292, #2066, .T.);
#3545 = EDGE_CURVE('', #292, #284, #2070, .T.);
#3546 = EDGE_CURVE('', #290, #282, #2074, .T.);
#3547 = EDGE_CURVE('', #288, #278, #2078, .T.);
#3548 = EDGE_CURVE('', #286, #280, #2082, .T.);
#3549 = EDGE_CURVE('', #294, #310, #2087, .T.);
#3550 = EDGE_CURVE('', #294, #296, #2091, .T.);
#3551 = EDGE_CURVE('', #296, #312, #2096, .T.);
#3552 = EDGE_CURVE('', #298, #314, #2101, .T.);
#3553 = EDGE_CURVE('', #298, #300, #2105, .T.);
#3554 = EDGE_CURVE('', #300, #316, #2110, .T.);
#3555 = EDGE_CURVE('', #302, #318, #2115, .T.);
#3556 = EDGE_CURVE('', #302, #304, #2119, .T.);
#3557 = EDGE_CURVE('', #304, #320, #2124, .T.);
#3558 = EDGE_CURVE('', #306, #322, #2129, .T.);
#3559 = EDGE_CURVE('', #306, #308, #2133, .T.);
#3560 = EDGE_CURVE('', #308, #324, #2138, .T.);
#3561 = EDGE_CURVE('', #310, #294, #2143, .T.);
#3562 = EDGE_CURVE('', #312, #296, #2148, .T.);
#3563 = EDGE_CURVE('', #310, #312, #2152, .T.);
#3564 = EDGE_CURVE('', #314, #298, #2157, .T.);
#3565 = EDGE_CURVE('', #316, #300, #2162, .T.);
#3566 = EDGE_CURVE('', #314, #316, #2166, .T.);
#3567 = EDGE_CURVE('', #318, #302, #2171, .T.);
#3568 = EDGE_CURVE('', #320, #304, #2176, .T.);
#3569 = EDGE_CURVE('', #318, #320, #2180, .T.);
#3570 = EDGE_CURVE('', #322, #306, #2185, .T.);
#3571 = EDGE_CURVE('', #324, #308, #2190, .T.);
#3572 = EDGE_CURVE('', #322, #324, #2194, .T.);
#3573 = EDGE_CURVE('', #326, #328, #2199, .T.);
#3574 = EDGE_CURVE('', #326, #338, #2203, .T.);
#3575 = EDGE_CURVE('', #328, #326, #2208, .T.);
#3576 = EDGE_CURVE('', #328, #340, #2212, .T.);
#3577 = EDGE_CURVE('', #330, #336, #2219, .T.);
#3578 = EDGE_CURVE('', #332, #334, #2270, .T.);
#3579 = EDGE_CURVE('', #334, #330, #2321, .T.);
#3580 = EDGE_CURVE('', #336, #332, #2328, .T.);
#3581 = EDGE_CURVE('', #338, #344, #2365, .T.);
#3582 = EDGE_CURVE('', #338, #342, #2402, .T.);
#3583 = EDGE_CURVE('', #342, #340, #2439, .T.);
#3584 = EDGE_CURVE('', #344, #340, #2476, .T.);
#3585 = EDGE_CURVE('', #330, #332, #2481, .T.);
#3586 = EDGE_CURVE('', #346, #348, #2486, .T.);
#3587 = EDGE_CURVE('', #346, #358, #2490, .T.);
#3588 = EDGE_CURVE('', #348, #346, #2495, .T.);
#3589 = EDGE_CURVE('', #348, #360, #2499, .T.);
#3590 = EDGE_CURVE('', #350, #356, #2506, .T.);
#3591 = EDGE_CURVE('', #352, #354, #2556, .T.);
#3592 = EDGE_CURVE('', #354, #350, #2606, .T.);
#3593 = EDGE_CURVE('', #356, #352, #2613, .T.);
#3594 = EDGE_CURVE('', #358, #364, #2650, .T.);
#3595 = EDGE_CURVE('', #358, #362, #2687, .T.);
#3596 = EDGE_CURVE('', #362, #360, #2724, .T.);
#3597 = EDGE_CURVE('', #364, #360, #2761, .T.);
#3598 = EDGE_CURVE('', #350, #352, #2766, .T.);
#3599 = EDGE_CURVE('', #366, #368, #2771, .T.);
#3600 = EDGE_CURVE('', #366, #378, #2775, .T.);
#3601 = EDGE_CURVE('', #368, #366, #2780, .T.);
#3602 = EDGE_CURVE('', #368, #380, #2784, .T.);
#3603 = EDGE_CURVE('', #370, #376, #2835, .T.);
#3604 = EDGE_CURVE('', #372, #374, #2842, .T.);
#3605 = EDGE_CURVE('', #374, #370, #2849, .T.);
#3606 = EDGE_CURVE('', #376, #372, #2900, .T.);
#3607 = EDGE_CURVE('', #378, #384, #2937, .T.);
#3608 = EDGE_CURVE('', #378, #382, #2974, .T.);
#3609 = EDGE_CURVE('', #382, #380, #3011, .T.);
#3610 = EDGE_CURVE('', #384, #380, #3048, .T.);
#3611 = EDGE_CURVE('', #372, #370, #3053, .T.);
#3612 = EDGE_CURVE('', #386, #388, #3058, .T.);
#3613 = EDGE_CURVE('', #386, #398, #3062, .T.);
#3614 = EDGE_CURVE('', #388, #386, #3067, .T.);
#3615 = EDGE_CURVE('', #388, #400, #3071, .T.);
#3616 = EDGE_CURVE('', #390, #396, #3121, .T.);
#3617 = EDGE_CURVE('', #392, #394, #3128, .T.);
#3618 = EDGE_CURVE('', #394, #390, #3135, .T.);
#3619 = EDGE_CURVE('', #396, #392, #3185, .T.);
#3620 = EDGE_CURVE('', #398, #404, #3222, .T.);
#3621 = EDGE_CURVE('', #398, #402, #3259, .T.);
#3622 = EDGE_CURVE('', #402, #400, #3296, .T.);
#3623 = EDGE_CURVE('', #404, #400, #3333, .T.);
#3624 = EDGE_CURVE('', #392, #390, #3338, .T.);
#3625 = CARTESIAN_POINT('', (0, -0.21, 0.0425));
#3626 = DIRECTION('', (0, -1, 0));
#3627 = AXIS2_PLACEMENT_3D('', #3625, #3626, $);
#3628 = PLANE('', #3627);
#3629 = CARTESIAN_POINT('', (0.27499999999999997, -0.17499999999999993, 0.0425));
#3630 = DIRECTION('', (-0, -0, 1));
#3631 = DIRECTION('', (0.0000000000000016240976817373692, -1, 0));
#3632 = AXIS2_PLACEMENT_3D('', #3629, #3630, #3631);
#3633 = CYLINDRICAL_SURFACE('', #3632, 0.03500000000000006);
#3634 = CARTESIAN_POINT('', (0.31, 0, 0.0425));
#3635 = DIRECTION('', (1, -0, 0));
#3636 = AXIS2_PLACEMENT_3D('', #3634, #3635, $);
#3637 = PLANE('', #3636);
#3638 = CARTESIAN_POINT('', (0.27499999999999997, 0.17499999999999993, 0.0425));
#3639 = DIRECTION('', (0, -0, 1));
#3640 = DIRECTION('', (1, 0.0000000000000016240976817373692, 0));
#3641 = AXIS2_PLACEMENT_3D('', #3638, #3639, #3640);
#3642 = CYLINDRICAL_SURFACE('', #3641, 0.03500000000000006);
#3643 = CARTESIAN_POINT('', (0, 0.21, 0.0425));
#3644 = DIRECTION('', (0, 1, -0));
#3645 = AXIS2_PLACEMENT_3D('', #3643, #3644, $);
#3646 = PLANE('', #3645);
#3647 = CARTESIAN_POINT('', (-0.27499999999999997, 0.17499999999999993, 0.0425));
#3648 = DIRECTION('', (0, -0, 1));
#3649 = DIRECTION('', (-0.0000000000000016240976817373692, 1, 0));
#3650 = AXIS2_PLACEMENT_3D('', #3647, #3648, #3649);
#3651 = CYLINDRICAL_SURFACE('', #3650, 0.03500000000000006);
#3652 = CARTESIAN_POINT('', (-0.31, 0, 0.0425));
#3653 = DIRECTION('', (-1, -0, 0));
#3654 = AXIS2_PLACEMENT_3D('', #3652, #3653, $);
#3655 = PLANE('', #3654);
#3656 = CARTESIAN_POINT('', (-0.2750000000000001, -0.17500000000000002, 0.0425));
#3657 = DIRECTION('', (0, -0, 1));
#3658 = DIRECTION('', (-1, 0.0000000000000008120488408686873, 0));
#3659 = AXIS2_PLACEMENT_3D('', #3656, #3657, #3658);
#3660 = CYLINDRICAL_SURFACE('', #3659, 0.03499999999999994);
#3661 = CARTESIAN_POINT('', (0, 0, 0));
#3662 = DIRECTION('', (0, -0, 1));
#3663 = AXIS2_PLACEMENT_3D('', #3661, #3662, $);
#3664 = PLANE('', #3663);
#3665 = CARTESIAN_POINT('', (0, 0, 0.085));
#3666 = DIRECTION('', (0, -0, 1));
#3667 = AXIS2_PLACEMENT_3D('', #3665, #3666, $);
#3668 = PLANE('', #3667);
#3669 = CARTESIAN_POINT('', (0, -0.20861290166669044, 0.0425));
#3670 = DIRECTION('', (0, 0.9996573249755573, -0.02617694830787323));
#3671 = AXIS2_PLACEMENT_3D('', #3669, #3670, $);
#3672 = PLANE('', #3671);
#3673 = CARTESIAN_POINT('', (0.27500000000000013, -0.17500000000000007, 0));
#3674 = DIRECTION('', (0, -0, -1));
#3675 = DIRECTION('', (-0.0000000000000033822381313267326, -1, 0));
#3676 = AXIS2_PLACEMENT_3D('', #3673, #3674, #3675);
#3677 = CONICAL_SURFACE('', #3676, 0.03472580333338077, 0.026179938779915098);
#3678 = CARTESIAN_POINT('', (0.3086129016666904, 0, 0.0425));
#3679 = DIRECTION('', (-0.9996573249755573, 0, -0.02617694830787323));
#3680 = AXIS2_PLACEMENT_3D('', #3678, #3679, $);
#3681 = PLANE('', #3680);
#3682 = CARTESIAN_POINT('', (0.27500000000000013, 0.17500000000000004, 0));
#3683 = DIRECTION('', (0, -0, -1));
#3684 = DIRECTION('', (1, -0.0000000000000016911190656633679, 0));
#3685 = AXIS2_PLACEMENT_3D('', #3682, #3683, #3684);
#3686 = CONICAL_SURFACE('', #3685, 0.0347258033333808, 0.026179938779915354);
#3687 = CARTESIAN_POINT('', (0, 0.20861290166669044, 0.0425));
#3688 = DIRECTION('', (-0, -0.9996573249755573, -0.02617694830787323));
#3689 = AXIS2_PLACEMENT_3D('', #3687, #3688, $);
#3690 = PLANE('', #3689);
#3691 = CARTESIAN_POINT('', (-0.27500000000000013, 0.17500000000000007, 0));
#3692 = DIRECTION('', (0, 0, -1));
#3693 = DIRECTION('', (0.0000000000000033822381313267326, 1, 0));
#3694 = AXIS2_PLACEMENT_3D('', #3691, #3692, #3693);
#3695 = CONICAL_SURFACE('', #3694, 0.03472580333338077, 0.026179938779915098);
#3696 = CARTESIAN_POINT('', (-0.3086129016666904, 0, 0.0425));
#3697 = DIRECTION('', (0.9996573249755573, -0, -0.02617694830787323));
#3698 = AXIS2_PLACEMENT_3D('', #3696, #3697, $);
#3699 = PLANE('', #3698);
#3700 = CARTESIAN_POINT('', (-0.27500000000000013, -0.17500000000000004, 0));
#3701 = DIRECTION('', (-0, -0, -1));
#3702 = DIRECTION('', (-1, 0.0000000000000016911190656633679, 0));
#3703 = AXIS2_PLACEMENT_3D('', #3700, #3701, #3702);
#3704 = CONICAL_SURFACE('', #3703, 0.0347258033333808, 0.026179938779915354);
#3705 = CARTESIAN_POINT('', (0, -0.2525, 0.0809995));
#3706 = DIRECTION('', (0, -1, 0));
#3707 = AXIS2_PLACEMENT_3D('', #3705, #3706, $);
#3708 = PLANE('', #3707);
#3709 = CARTESIAN_POINT('', (0.24650000000000005, -0.24650000000000005, 0.08099949999999996));
#3710 = DIRECTION('', (-0.000000000000005718006364392348, 0.000000000000007105427357601123, 1));
#3711 = DIRECTION('', (-0.000000000000009473903143468092, -1, 0.00000000000000710542735760107));
#3712 = AXIS2_PLACEMENT_3D('', #3709, #3710, #3711);
#3713 = CYLINDRICAL_SURFACE('', #3712, 0.005999999999999943);
#3714 = CARTESIAN_POINT('', (0.2525, 0, 0.0809995));
#3715 = DIRECTION('', (1, -0, 0));
#3716 = AXIS2_PLACEMENT_3D('', #3714, #3715, $);
#3717 = PLANE('', #3716);
#3718 = CARTESIAN_POINT('', (0.24650000000000005, 0.24650000000000005, 0.08099949999999996));
#3719 = DIRECTION('', (-0.000000000000007105427357601123, -0.000000000000005718006364392348, 1));
#3720 = DIRECTION('', (1, -0.000000000000009473903143468092, 0.00000000000000710542735760107));
#3721 = AXIS2_PLACEMENT_3D('', #3718, #3719, #3720);
#3722 = CYLINDRICAL_SURFACE('', #3721, 0.005999999999999943);
#3723 = CARTESIAN_POINT('', (0, 0.2525, 0.0809995));
#3724 = DIRECTION('', (0, 1, 0));
#3725 = AXIS2_PLACEMENT_3D('', #3723, #3724, $);
#3726 = PLANE('', #3725);
#3727 = CARTESIAN_POINT('', (-0.24650000000000005, 0.24650000000000005, 0.08099949999999996));
#3728 = DIRECTION('', (0.000000000000005718006364392348, -0.000000000000007105427357601123, 1));
#3729 = DIRECTION('', (0.000000000000009473903143468092, 1, 0.00000000000000710542735760107));
#3730 = AXIS2_PLACEMENT_3D('', #3727, #3728, #3729);
#3731 = CYLINDRICAL_SURFACE('', #3730, 0.005999999999999943);
#3732 = CARTESIAN_POINT('', (-0.2525, 0, 0.0809995));
#3733 = DIRECTION('', (-1, -0, 0));
#3734 = AXIS2_PLACEMENT_3D('', #3732, #3733, $);
#3735 = PLANE('', #3734);
#3736 = CARTESIAN_POINT('', (-0.24650000000000005, -0.24650000000000005, 0.08099949999999996));
#3737 = DIRECTION('', (0.000000000000007105427357601123, 0.000000000000005718006364392348, 1));
#3738 = DIRECTION('', (-1, 0.000000000000009473903143468092, 0.00000000000000710542735760107));
#3739 = AXIS2_PLACEMENT_3D('', #3736, #3737, #3738);
#3740 = CYLINDRICAL_SURFACE('', #3739, 0.005999999999999943);
#3741 = CARTESIAN_POINT('', (0, 0, 0.076999));
#3742 = DIRECTION('', (0, -0, 1));
#3743 = AXIS2_PLACEMENT_3D('', #3741, #3742, $);
#3744 = PLANE('', #3743);
#3745 = CARTESIAN_POINT('', (0, 0, 0.085));
#3746 = DIRECTION('', (0, -0, 1));
#3747 = AXIS2_PLACEMENT_3D('', #3745, #3746, $);
#3748 = PLANE('', #3747);
#3749 = CARTESIAN_POINT('', (-0.06000000000000001, -0.06, 0.088));
#3750 = DIRECTION('', (0, -0, 1));
#3751 = DIRECTION('', (1, 0, 0));
#3752 = AXIS2_PLACEMENT_3D('', #3749, #3750, #3751);
#3753 = CYLINDRICAL_SURFACE('', #3752, 0.040000000000000015);
#3754 = CARTESIAN_POINT('', (0, 0, 0.091));
#3755 = DIRECTION('', (0, -0, 1));
#3756 = AXIS2_PLACEMENT_3D('', #3754, #3755, $);
#3757 = PLANE('', #3756);
#3758 = CARTESIAN_POINT('', (-0.06, -0.03, 0.091));
#3759 = DIRECTION('', (-0, -0, -1));
#3760 = DIRECTION('', (0, -1, 0));
#3761 = AXIS2_PLACEMENT_3D('', #3758, #3759, #3760);
#3762 = CYLINDRICAL_SURFACE('', #3761, 0.0025);
#3763 = CARTESIAN_POINT('', (-0.06, -0.03, 0.07999978183384295));
#3764 = DIRECTION('', (0, 0, 1));
#3765 = DIRECTION('', (0, -1, 0));
#3766 = AXIS2_PLACEMENT_3D('', #3763, #3764, #3765);
#3767 = CONICAL_SURFACE('', #3766, 0, 1.5707090603322964);
#3768 = CARTESIAN_POINT('', (-0.06, -0.09, 0.091));
#3769 = DIRECTION('', (-0, -0, -1));
#3770 = DIRECTION('', (0, -1, 0));
#3771 = AXIS2_PLACEMENT_3D('', #3768, #3769, #3770);
#3772 = CYLINDRICAL_SURFACE('', #3771, 0.0025);
#3773 = CARTESIAN_POINT('', (-0.06, -0.09, 0.07999978183384295));
#3774 = DIRECTION('', (0, 0, 1));
#3775 = DIRECTION('', (0, -1, 0));
#3776 = AXIS2_PLACEMENT_3D('', #3773, #3774, #3775);
#3777 = CONICAL_SURFACE('', #3776, 0, 1.5707090603322964);
#3778 = CARTESIAN_POINT('', (-0.03, -0.06, 0.091));
#3779 = DIRECTION('', (-0, -0, -1));
#3780 = DIRECTION('', (0, -1, 0));
#3781 = AXIS2_PLACEMENT_3D('', #3778, #3779, #3780);
#3782 = CYLINDRICAL_SURFACE('', #3781, 0.0025);
#3783 = CARTESIAN_POINT('', (-0.03, -0.06, 0.07999978183384295));
#3784 = DIRECTION('', (0, 0, 1));
#3785 = DIRECTION('', (0, -1, 0));
#3786 = AXIS2_PLACEMENT_3D('', #3783, #3784, #3785);
#3787 = CONICAL_SURFACE('', #3786, 0, 1.5707090603322964);
#3788 = CARTESIAN_POINT('', (-0.09, -0.06, 0.091));
#3789 = DIRECTION('', (-0, -0, -1));
#3790 = DIRECTION('', (0, -1, 0));
#3791 = AXIS2_PLACEMENT_3D('', #3788, #3789, #3790);
#3792 = CYLINDRICAL_SURFACE('', #3791, 0.0025);
#3793 = CARTESIAN_POINT('', (-0.09, -0.06, 0.07999978183384295));
#3794 = DIRECTION('', (0, 0, 1));
#3795 = DIRECTION('', (0, -1, 0));
#3796 = AXIS2_PLACEMENT_3D('', #3793, #3794, #3795);
#3797 = CONICAL_SURFACE('', #3796, 0, 1.5707090603322964);
#3798 = CARTESIAN_POINT('', (-0.25, 0.21, 0.015));
#3799 = DIRECTION('', (0, -0, -1));
#3800 = AXIS2_PLACEMENT_3D('', #3798, #3799, $);
#3801 = PLANE('', #3800);
#3802 = CARTESIAN_POINT('', (-0.21000000000000002, 0.21, 0.020000000000000042));
#3803 = DIRECTION('', (0, -1, 0));
#3804 = DIRECTION('', (0.000000000000005684341886080753, 0, -1));
#3805 = AXIS2_PLACEMENT_3D('', #3802, #3803, #3804);
#3806 = CYLINDRICAL_SURFACE('', #3805, 0.005000000000000043);
#3807 = CARTESIAN_POINT('', (-0.205, 0.21, 0.0425));
#3808 = DIRECTION('', (1, -0, -0));
#3809 = AXIS2_PLACEMENT_3D('', #3807, #3808, $);
#3810 = PLANE('', #3809);
#3811 = CARTESIAN_POINT('', (-0.21000000000000002, 0.21, 0.06499999999999997));
#3812 = DIRECTION('', (0, -1, 0));
#3813 = DIRECTION('', (1, 0, 0.0000000000000056843418860807695));
#3814 = AXIS2_PLACEMENT_3D('', #3811, #3812, #3813);
#3815 = CYLINDRICAL_SURFACE('', #3814, 0.005000000000000029);
#3816 = CARTESIAN_POINT('', (-0.25, 0.21, 0.07));
#3817 = DIRECTION('', (0, 0, 1));
#3818 = AXIS2_PLACEMENT_3D('', #3816, #3817, $);
#3819 = PLANE('', #3818);
#3820 = CARTESIAN_POINT('', (-0.28999999999999987, 0.21, 0.06499999999999995));
#3821 = DIRECTION('', (-0, -1, 0));
#3822 = DIRECTION('', (-0.00000000000002273736754432295, 0, 1));
#3823 = AXIS2_PLACEMENT_3D('', #3820, #3821, #3822);
#3824 = CYLINDRICAL_SURFACE('', #3823, 0.0050000000000000565);
#3825 = CARTESIAN_POINT('', (-0.2900000000000001, 0.21, 0.019999999999999928));
#3826 = DIRECTION('', (-0, -1, 0));
#3827 = DIRECTION('', (-1, 0, 0.000000000000014210854715202326));
#3828 = AXIS2_PLACEMENT_3D('', #3825, #3826, #3827);
#3829 = CYLINDRICAL_SURFACE('', #3828, 0.0049999999999998865);
#3830 = CARTESIAN_POINT('', (0, 0.205, 0));
#3831 = DIRECTION('', (0, -1, 0));
#3832 = AXIS2_PLACEMENT_3D('', #3830, #3831, $);
#3833 = PLANE('', #3832);
#3834 = CARTESIAN_POINT('', (0.28, -0.21, 0.0375));
#3835 = DIRECTION('', (0, -0, -1));
#3836 = AXIS2_PLACEMENT_3D('', #3834, #3835, $);
#3837 = PLANE('', #3836);
#3838 = CARTESIAN_POINT('', (0.28, -0.21, 0.0475));
#3839 = DIRECTION('', (0, 0, 1));
#3840 = AXIS2_PLACEMENT_3D('', #3838, #3839, $);
#3841 = PLANE('', #3840);
#3842 = CARTESIAN_POINT('', (0.26, -0.21, 0.0425));
#3843 = DIRECTION('', (-1, -0, -0));
#3844 = AXIS2_PLACEMENT_3D('', #3842, #3843, $);
#3845 = PLANE('', #3844);
#3846 = CARTESIAN_POINT('', (0, -0.205, 0));
#3847 = DIRECTION('', (0, -1, 0));
#3848 = AXIS2_PLACEMENT_3D('', #3846, #3847, $);
#3849 = PLANE('', #3848);
#3850 = CARTESIAN_POINT('', (0.31, -0.03, 0.041));
#3851 = DIRECTION('', (0, -0, -1));
#3852 = AXIS2_PLACEMENT_3D('', #3850, #3851, $);
#3853 = PLANE('', #3852);
#3854 = CARTESIAN_POINT('', (0.31, -0.02, 0.0425));
#3855 = DIRECTION('', (0, 1, 0));
#3856 = AXIS2_PLACEMENT_3D('', #3854, #3855, $);
#3857 = PLANE('', #3856);
#3858 = CARTESIAN_POINT('', (0.31, -0.03, 0.044));
#3859 = DIRECTION('', (-0, -0, 1));
#3860 = AXIS2_PLACEMENT_3D('', #3858, #3859, $);
#3861 = PLANE('', #3860);
#3862 = CARTESIAN_POINT('', (0.31, -0.04, 0.0425));
#3863 = DIRECTION('', (0, -1, 0));
#3864 = AXIS2_PLACEMENT_3D('', #3862, #3863, $);
#3865 = PLANE('', #3864);
#3866 = CARTESIAN_POINT('', (0.31, -0.03, 0.053));
#3867 = DIRECTION('', (0, -0, -1));
#3868 = AXIS2_PLACEMENT_3D('', #3866, #3867, $);
#3869 = PLANE('', #3868);
#3870 = CARTESIAN_POINT('', (0.31, -0.02, 0.0545));
#3871 = DIRECTION('', (0, 1, 0));
#3872 = AXIS2_PLACEMENT_3D('', #3870, #3871, $);
#3873 = PLANE('', #3872);
#3874 = CARTESIAN_POINT('', (0.31, -0.03, 0.056));
#3875 = DIRECTION('', (-0, -0, 1));
#3876 = AXIS2_PLACEMENT_3D('', #3874, #3875, $);
#3877 = PLANE('', #3876);
#3878 = CARTESIAN_POINT('', (0.31, -0.04, 0.0545));
#3879 = DIRECTION('', (0, -1, 0));
#3880 = AXIS2_PLACEMENT_3D('', #3878, #3879, $);
#3881 = PLANE('', #3880);
#3882 = CARTESIAN_POINT('', (0.31, -0.03, 0.065));
#3883 = DIRECTION('', (0, -0, -1));
#3884 = AXIS2_PLACEMENT_3D('', #3882, #3883, $);
#3885 = PLANE('', #3884);
#3886 = CARTESIAN_POINT('', (0.31, -0.02, 0.0665));
#3887 = DIRECTION('', (0, 1, 0));
#3888 = AXIS2_PLACEMENT_3D('', #3886, #3887, $);
#3889 = PLANE('', #3888);
#3890 = CARTESIAN_POINT('', (0.31, -0.03, 0.068));
#3891 = DIRECTION('', (-0, -0, 1));
#3892 = AXIS2_PLACEMENT_3D('', #3890, #3891, $);
#3893 = PLANE('', #3892);
#3894 = CARTESIAN_POINT('', (0.31, -0.04, 0.0665));
#3895 = DIRECTION('', (0, -1, 0));
#3896 = AXIS2_PLACEMENT_3D('', #3894, #3895, $);
#3897 = PLANE('', #3896);
#3898 = CARTESIAN_POINT('', (0.31, -0.03, 0.077));
#3899 = DIRECTION('', (0, -0, -1));
#3900 = AXIS2_PLACEMENT_3D('', #3898, #3899, $);
#3901 = PLANE('', #3900);
#3902 = CARTESIAN_POINT('', (0.31, -0.02, 0.0785));
#3903 = DIRECTION('', (0, 1, 0));
#3904 = AXIS2_PLACEMENT_3D('', #3902, #3903, $);
#3905 = PLANE('', #3904);
#3906 = CARTESIAN_POINT('', (0.31, -0.03, 0.08));
#3907 = DIRECTION('', (-0, -0, 1));
#3908 = AXIS2_PLACEMENT_3D('', #3906, #3907, $);
#3909 = PLANE('', #3908);
#3910 = CARTESIAN_POINT('', (0.31, -0.04, 0.0785));
#3911 = DIRECTION('', (0, -1, 0));
#3912 = AXIS2_PLACEMENT_3D('', #3910, #3911, $);
#3913 = PLANE('', #3912);
#3914 = CARTESIAN_POINT('', (0.298, -0.198, -0.006));
#3915 = DIRECTION('', (0, 0, -1));
#3916 = DIRECTION('', (-1, 0, 0));
#3917 = AXIS2_PLACEMENT_3D('', #3914, #3915, #3916);
#3918 = CYLINDRICAL_SURFACE('', #3917, 0.004);
#3919 = CARTESIAN_POINT('', (0, 0, 0));
#3920 = DIRECTION('', (0, 0, -1));
#3921 = AXIS2_PLACEMENT_3D('', #3919, #3920, $);
#3922 = PLANE('', #3921);
#3923 = CARTESIAN_POINT('', (0, 0, -0.012));
#3924 = DIRECTION('', (0, 0, -1));
#3925 = AXIS2_PLACEMENT_3D('', #3923, #3924, $);
#3926 = PLANE('', #3925);
#3927 = CARTESIAN_POINT('', (-0.298, -0.198, -0.006));
#3928 = DIRECTION('', (0, 0, -1));
#3929 = DIRECTION('', (-1, 0, 0));
#3930 = AXIS2_PLACEMENT_3D('', #3927, #3928, #3929);
#3931 = CYLINDRICAL_SURFACE('', #3930, 0.004);
#3932 = CARTESIAN_POINT('', (0, 0, 0));
#3933 = DIRECTION('', (0, 0, -1));
#3934 = AXIS2_PLACEMENT_3D('', #3932, #3933, $);
#3935 = PLANE('', #3934);
#3936 = CARTESIAN_POINT('', (0, 0, -0.012));
#3937 = DIRECTION('', (0, 0, -1));
#3938 = AXIS2_PLACEMENT_3D('', #3936, #3937, $);
#3939 = PLANE('', #3938);
#3940 = CARTESIAN_POINT('', (-0.298, 0.198, -0.006));
#3941 = DIRECTION('', (0, 0, -1));
#3942 = DIRECTION('', (-1, 0, 0));
#3943 = AXIS2_PLACEMENT_3D('', #3940, #3941, #3942);
#3944 = CYLINDRICAL_SURFACE('', #3943, 0.004);
#3945 = CARTESIAN_POINT('', (0, 0, 0));
#3946 = DIRECTION('', (0, 0, -1));
#3947 = AXIS2_PLACEMENT_3D('', #3945, #3946, $);
#3948 = PLANE('', #3947);
#3949 = CARTESIAN_POINT('', (0, 0, -0.012));
#3950 = DIRECTION('', (0, 0, -1));
#3951 = AXIS2_PLACEMENT_3D('', #3949, #3950, $);
#3952 = PLANE('', #3951);
#3953 = CARTESIAN_POINT('', (0.298, 0.198, -0.006));
#3954 = DIRECTION('', (0, 0, -1));
#3955 = DIRECTION('', (-1, 0, 0));
#3956 = AXIS2_PLACEMENT_3D('', #3953, #3954, #3955);
#3957 = CYLINDRICAL_SURFACE('', #3956, 0.004);
#3958 = CARTESIAN_POINT('', (0, 0, 0));
#3959 = DIRECTION('', (0, 0, -1));
#3960 = AXIS2_PLACEMENT_3D('', #3958, #3959, $);
#3961 = PLANE('', #3960);
#3962 = CARTESIAN_POINT('', (0, 0, -0.012));
#3963 = DIRECTION('', (0, 0, -1));
#3964 = AXIS2_PLACEMENT_3D('', #3962, #3963, $);
#3965 = PLANE('', #3964);
#3966 = CARTESIAN_POINT('', (-0.298, -0.19800000000000004, 0.0035));
#3967 = DIRECTION('', (0, -0, 1));
#3968 = DIRECTION('', (1, 0.000000000000013534147347811286, 0));
#3969 = AXIS2_PLACEMENT_3D('', #3966, #3967, #3968);
#3970 = CYLINDRICAL_SURFACE('', #3969, 0.002100000000000023);
#3971 = CARTESIAN_POINT('', (0, 0, -0.005));
#3972 = DIRECTION('', (0, -0, 1));
#3973 = AXIS2_PLACEMENT_3D('', #3971, #3972, $);
#3974 = PLANE('', #3973);
#3975 = CARTESIAN_POINT('', (0, 0, 0.012));
#3976 = DIRECTION('', (0, -0, 1));
#3977 = AXIS2_PLACEMENT_3D('', #3975, #3976, $);
#3978 = PLANE('', #3977);
#3979 = CARTESIAN_POINT('', (0.298, -0.19800000000000004, 0.0035));
#3980 = DIRECTION('', (0, -0, 1));
#3981 = DIRECTION('', (1, 0.000000000000013534147347811286, 0));
#3982 = AXIS2_PLACEMENT_3D('', #3979, #3980, #3981);
#3983 = CYLINDRICAL_SURFACE('', #3982, 0.002100000000000023);
#3984 = CARTESIAN_POINT('', (0, 0, -0.005));
#3985 = DIRECTION('', (0, -0, 1));
#3986 = AXIS2_PLACEMENT_3D('', #3984, #3985, $);
#3987 = PLANE('', #3986);
#3988 = CARTESIAN_POINT('', (0, 0, 0.012));
#3989 = DIRECTION('', (0, -0, 1));
#3990 = AXIS2_PLACEMENT_3D('', #3988, #3989, $);
#3991 = PLANE('', #3990);
#3992 = CARTESIAN_POINT('', (0.298, 0.19799999999999995, 0.0035));
#3993 = DIRECTION('', (0, -0, 1));
#3994 = DIRECTION('', (1, 0.000000000000027068294695622572, 0));
#3995 = AXIS2_PLACEMENT_3D('', #3992, #3993, #3994);
#3996 = CYLINDRICAL_SURFACE('', #3995, 0.002100000000000023);
#3997 = CARTESIAN_POINT('', (0, 0, -0.005));
#3998 = DIRECTION('', (0, -0, 1));
#3999 = AXIS2_PLACEMENT_3D('', #3997, #3998, $);
#4000 = PLANE('', #3999);
#4001 = CARTESIAN_POINT('', (0, 0, 0.012));
#4002 = DIRECTION('', (0, -0, 1));
#4003 = AXIS2_PLACEMENT_3D('', #4001, #4002, $);
#4004 = PLANE('', #4003);
#4005 = CARTESIAN_POINT('', (-0.29799999999999993, 0.19799999999999995, 0.0035));
#4006 = DIRECTION('', (0, -0, 1));
#4007 = DIRECTION('', (1, 0.000000000000027068294695623304, 0));
#4008 = AXIS2_PLACEMENT_3D('', #4005, #4006, #4007);
#4009 = CYLINDRICAL_SURFACE('', #4008, 0.002099999999999966);
#4010 = CARTESIAN_POINT('', (0, 0, -0.005));
#4011 = DIRECTION('', (0, -0, 1));
#4012 = AXIS2_PLACEMENT_3D('', #4010, #4011, $);
#4013 = PLANE('', #4012);
#4014 = CARTESIAN_POINT('', (0, 0, 0.012));
#4015 = DIRECTION('', (0, -0, 1));
#4016 = AXIS2_PLACEMENT_3D('', #4014, #4015, $);
#4017 = PLANE('', #4016);
#4018 = ORIENTED_EDGE('', *, *, #3484, .F.);
#4019 = ORIENTED_EDGE('', *, *, #3500, .T.);
#4020 = ORIENTED_EDGE('', *, *, #3341, .F.);
#4021 = ORIENTED_EDGE('', *, *, #3342, .F.);
#4022 = ORIENTED_EDGE('', *, *, #3339, .T.);
#4023 = ORIENTED_EDGE('', *, *, #3340, .T.);
#4024 = ORIENTED_EDGE('', *, *, #3483, .F.);
#4025 = ORIENTED_EDGE('', *, *, #3485, .F.);
#4026 = EDGE_LOOP('', (#4018, #4019, #4020, #4021, #4022, #4023, #4024, #4025));
#4027 = FACE_BOUND('', #4026, .T.);
#4028 = ADVANCED_FACE('', (#4027), #3628, .T.);
#4029 = ORIENTED_EDGE('', *, *, #3486, .F.);
#4030 = ORIENTED_EDGE('', *, *, #3340, .F.);
#4031 = ORIENTED_EDGE('', *, *, #3343, .T.);
#4032 = ORIENTED_EDGE('', *, *, #3344, .T.);
#4033 = ORIENTED_EDGE('', *, *, #3345, .F.);
#4034 = ORIENTED_EDGE('', *, *, #3500, .F.);
#4035 = ORIENTED_EDGE('', *, *, #3487, .T.);
#4036 = ORIENTED_EDGE('', *, *, #3488, .F.);
#4037 = EDGE_LOOP('', (#4029, #4030, #4031, #4032, #4033, #4034, #4035, #4036));
#4038 = FACE_BOUND('', #4037, .T.);
#4039 = ADVANCED_FACE('', (#4038), #3633, .T.);
#4040 = ORIENTED_EDGE('', *, *, #3346, .T.);
#4041 = ORIENTED_EDGE('', *, *, #3347, .T.);
#4042 = ORIENTED_EDGE('', *, *, #3348, .F.);
#4043 = ORIENTED_EDGE('', *, *, #3344, .F.);
#4044 = ORIENTED_EDGE('', *, *, #3503, .F.);
#4045 = ORIENTED_EDGE('', *, *, #3502, .F.);
#4046 = ORIENTED_EDGE('', *, *, #3501, .F.);
#4047 = ORIENTED_EDGE('', *, *, #3504, .F.);
#4048 = ORIENTED_EDGE('', *, *, #3515, .F.);
#4049 = ORIENTED_EDGE('', *, *, #3514, .F.);
#4050 = ORIENTED_EDGE('', *, *, #3513, .F.);
#4051 = ORIENTED_EDGE('', *, *, #3516, .F.);
#4052 = ORIENTED_EDGE('', *, *, #3527, .F.);
#4053 = ORIENTED_EDGE('', *, *, #3526, .F.);
#4054 = ORIENTED_EDGE('', *, *, #3525, .F.);
#4055 = ORIENTED_EDGE('', *, *, #3528, .F.);
#4056 = ORIENTED_EDGE('', *, *, #3539, .F.);
#4057 = ORIENTED_EDGE('', *, *, #3538, .F.);
#4058 = ORIENTED_EDGE('', *, *, #3537, .F.);
#4059 = ORIENTED_EDGE('', *, *, #3540, .F.);
#4060 = EDGE_LOOP('', (#4040, #4041, #4042, #4043));
#4061 = FACE_BOUND('', #4060, .T.);
#4062 = EDGE_LOOP('', (#4044, #4045, #4046, #4047));
#4063 = FACE_BOUND('', #4062, .T.);
#4064 = EDGE_LOOP('', (#4048, #4049, #4050, #4051));
#4065 = FACE_BOUND('', #4064, .T.);
#4066 = EDGE_LOOP('', (#4052, #4053, #4054, #4055));
#4067 = FACE_BOUND('', #4066, .T.);
#4068 = EDGE_LOOP('', (#4056, #4057, #4058, #4059));
#4069 = FACE_BOUND('', #4068, .T.);
#4070 = ADVANCED_FACE('', (#4061, #4063, #4065, #4067, #4069), #3637, .T.);
#4071 = ORIENTED_EDGE('', *, *, #3349, .T.);
#4072 = ORIENTED_EDGE('', *, *, #3350, .T.);
#4073 = ORIENTED_EDGE('', *, *, #3351, .F.);
#4074 = ORIENTED_EDGE('', *, *, #3347, .F.);
#4075 = EDGE_LOOP('', (#4071, #4072, #4073, #4074));
#4076 = FACE_BOUND('', #4075, .T.);
#4077 = ADVANCED_FACE('', (#4076), #3642, .T.);
#4078 = ORIENTED_EDGE('', *, *, #3478, .T.);
#4079 = ORIENTED_EDGE('', *, *, #3354, .F.);
#4080 = ORIENTED_EDGE('', *, *, #3350, .F.);
#4081 = ORIENTED_EDGE('', *, *, #3352, .T.);
#4082 = ORIENTED_EDGE('', *, *, #3353, .T.);
#4083 = ORIENTED_EDGE('', *, *, #3454, .F.);
#4084 = ORIENTED_EDGE('', *, *, #3455, .T.);
#4085 = ORIENTED_EDGE('', *, *, #3456, .F.);
#4086 = ORIENTED_EDGE('', *, *, #3457, .T.);
#4087 = ORIENTED_EDGE('', *, *, #3458, .F.);
#4088 = EDGE_LOOP('', (#4078, #4079, #4080, #4081, #4082, #4083, #4084, #4085, #4086, #4087));
#4089 = FACE_BOUND('', #4088, .T.);
#4090 = ADVANCED_FACE('', (#4089), #3646, .T.);
#4091 = ORIENTED_EDGE('', *, *, #3462, .F.);
#4092 = ORIENTED_EDGE('', *, *, #3459, .F.);
#4093 = ORIENTED_EDGE('', *, *, #3353, .F.);
#4094 = ORIENTED_EDGE('', *, *, #3355, .T.);
#4095 = ORIENTED_EDGE('', *, *, #3356, .T.);
#4096 = ORIENTED_EDGE('', *, *, #3357, .F.);
#4097 = ORIENTED_EDGE('', *, *, #3478, .F.);
#4098 = ORIENTED_EDGE('', *, *, #3460, .T.);
#4099 = ORIENTED_EDGE('', *, *, #3461, .T.);
#4100 = ORIENTED_EDGE('', *, *, #3463, .F.);
#4101 = EDGE_LOOP('', (#4091, #4092, #4093, #4094, #4095, #4096, #4097, #4098, #4099, #4100));
#4102 = FACE_BOUND('', #4101, .T.);
#4103 = ADVANCED_FACE('', (#4102), #3651, .T.);
#4104 = ORIENTED_EDGE('', *, *, #3358, .T.);
#4105 = ORIENTED_EDGE('', *, *, #3359, .T.);
#4106 = ORIENTED_EDGE('', *, *, #3360, .F.);
#4107 = ORIENTED_EDGE('', *, *, #3356, .F.);
#4108 = EDGE_LOOP('', (#4104, #4105, #4106, #4107));
#4109 = FACE_BOUND('', #4108, .T.);
#4110 = ADVANCED_FACE('', (#4109), #3655, .T.);
#4111 = ORIENTED_EDGE('', *, *, #3361, .T.);
#4112 = ORIENTED_EDGE('', *, *, #3342, .T.);
#4113 = ORIENTED_EDGE('', *, *, #3362, .F.);
#4114 = ORIENTED_EDGE('', *, *, #3359, .F.);
#4115 = EDGE_LOOP('', (#4111, #4112, #4113, #4114));
#4116 = FACE_BOUND('', #4115, .T.);
#4117 = ADVANCED_FACE('', (#4116), #3660, .T.);
#4118 = ORIENTED_EDGE('', *, *, #3361, .F.);
#4119 = ORIENTED_EDGE('', *, *, #3358, .F.);
#4120 = ORIENTED_EDGE('', *, *, #3355, .F.);
#4121 = ORIENTED_EDGE('', *, *, #3352, .F.);
#4122 = ORIENTED_EDGE('', *, *, #3349, .F.);
#4123 = ORIENTED_EDGE('', *, *, #3346, .F.);
#4124 = ORIENTED_EDGE('', *, *, #3343, .F.);
#4125 = ORIENTED_EDGE('', *, *, #3339, .F.);
#4126 = ORIENTED_EDGE('', *, *, #3365, .F.);
#4127 = ORIENTED_EDGE('', *, *, #3368, .F.);
#4128 = ORIENTED_EDGE('', *, *, #3371, .F.);
#4129 = ORIENTED_EDGE('', *, *, #3374, .F.);
#4130 = ORIENTED_EDGE('', *, *, #3377, .F.);
#4131 = ORIENTED_EDGE('', *, *, #3380, .F.);
#4132 = ORIENTED_EDGE('', *, *, #3383, .F.);
#4133 = ORIENTED_EDGE('', *, *, #3386, .F.);
#4134 = EDGE_LOOP('', (#4118, #4119, #4120, #4121, #4122, #4123, #4124, #4125));
#4135 = FACE_BOUND('', #4134, .T.);
#4136 = EDGE_LOOP('', (#4126, #4127, #4128, #4129, #4130, #4131, #4132, #4133));
#4137 = FACE_BOUND('', #4136, .T.);
#4138 = ADVANCED_FACE('', (#4135, #4137), #3664, .F.);
#4139 = ORIENTED_EDGE('', *, *, #3341, .T.);
#4140 = ORIENTED_EDGE('', *, *, #3345, .T.);
#4141 = ORIENTED_EDGE('', *, *, #3348, .T.);
#4142 = ORIENTED_EDGE('', *, *, #3351, .T.);
#4143 = ORIENTED_EDGE('', *, *, #3354, .T.);
#4144 = ORIENTED_EDGE('', *, *, #3357, .T.);
#4145 = ORIENTED_EDGE('', *, *, #3360, .T.);
#4146 = ORIENTED_EDGE('', *, *, #3362, .T.);
#4147 = ORIENTED_EDGE('', *, *, #3381, .F.);
#4148 = ORIENTED_EDGE('', *, *, #3378, .F.);
#4149 = ORIENTED_EDGE('', *, *, #3375, .F.);
#4150 = ORIENTED_EDGE('', *, *, #3372, .F.);
#4151 = ORIENTED_EDGE('', *, *, #3369, .F.);
#4152 = ORIENTED_EDGE('', *, *, #3366, .F.);
#4153 = ORIENTED_EDGE('', *, *, #3363, .F.);
#4154 = ORIENTED_EDGE('', *, *, #3384, .F.);
#4155 = EDGE_LOOP('', (#4139, #4140, #4141, #4142, #4143, #4144, #4145, #4146));
#4156 = FACE_BOUND('', #4155, .T.);
#4157 = EDGE_LOOP('', (#4147, #4148, #4149, #4150, #4151, #4152, #4153, #4154));
#4158 = FACE_BOUND('', #4157, .T.);
#4159 = ADVANCED_FACE('', (#4156, #4158), #3668, .T.);
#4160 = ORIENTED_EDGE('', *, *, #3489, .F.);
#4161 = ORIENTED_EDGE('', *, *, #3498, .T.);
#4162 = ORIENTED_EDGE('', *, *, #3365, .T.);
#4163 = ORIENTED_EDGE('', *, *, #3385, .F.);
#4164 = ORIENTED_EDGE('', *, *, #3363, .T.);
#4165 = ORIENTED_EDGE('', *, *, #3364, .T.);
#4166 = ORIENTED_EDGE('', *, *, #3490, .F.);
#4167 = ORIENTED_EDGE('', *, *, #3491, .F.);
#4168 = EDGE_LOOP('', (#4160, #4161, #4162, #4163, #4164, #4165, #4166, #4167));
#4169 = FACE_BOUND('', #4168, .T.);
#4170 = ADVANCED_FACE('', (#4169), #3672, .T.);
#4171 = ORIENTED_EDGE('', *, *, #3494, .T.);
#4172 = ORIENTED_EDGE('', *, *, #3493, .T.);
#4173 = ORIENTED_EDGE('', *, *, #3364, .F.);
#4174 = ORIENTED_EDGE('', *, *, #3366, .T.);
#4175 = ORIENTED_EDGE('', *, *, #3367, .T.);
#4176 = ORIENTED_EDGE('', *, *, #3368, .T.);
#4177 = ORIENTED_EDGE('', *, *, #3498, .F.);
#4178 = ORIENTED_EDGE('', *, *, #3492, .T.);
#4179 = ORIENTED_EDGE('', *, *, #3590, .F.);
#4180 = ORIENTED_EDGE('', *, *, #3592, .F.);
#4181 = ORIENTED_EDGE('', *, *, #3591, .F.);
#4182 = ORIENTED_EDGE('', *, *, #3593, .F.);
#4183 = EDGE_LOOP('', (#4171, #4172, #4173, #4174, #4175, #4176, #4177, #4178));
#4184 = FACE_BOUND('', #4183, .T.);
#4185 = EDGE_LOOP('', (#4179, #4180, #4181, #4182));
#4186 = FACE_BOUND('', #4185, .T.);
#4187 = ADVANCED_FACE('', (#4184, #4186), #3677, .F.);
#4188 = ORIENTED_EDGE('', *, *, #3367, .F.);
#4189 = ORIENTED_EDGE('', *, *, #3369, .T.);
#4190 = ORIENTED_EDGE('', *, *, #3370, .T.);
#4191 = ORIENTED_EDGE('', *, *, #3371, .T.);
#4192 = ORIENTED_EDGE('', *, *, #3505, .F.);
#4193 = ORIENTED_EDGE('', *, *, #3506, .F.);
#4194 = ORIENTED_EDGE('', *, *, #3507, .F.);
#4195 = ORIENTED_EDGE('', *, *, #3508, .F.);
#4196 = ORIENTED_EDGE('', *, *, #3517, .F.);
#4197 = ORIENTED_EDGE('', *, *, #3518, .F.);
#4198 = ORIENTED_EDGE('', *, *, #3519, .F.);
#4199 = ORIENTED_EDGE('', *, *, #3520, .F.);
#4200 = ORIENTED_EDGE('', *, *, #3529, .F.);
#4201 = ORIENTED_EDGE('', *, *, #3530, .F.);
#4202 = ORIENTED_EDGE('', *, *, #3531, .F.);
#4203 = ORIENTED_EDGE('', *, *, #3532, .F.);
#4204 = ORIENTED_EDGE('', *, *, #3541, .F.);
#4205 = ORIENTED_EDGE('', *, *, #3542, .F.);
#4206 = ORIENTED_EDGE('', *, *, #3543, .F.);
#4207 = ORIENTED_EDGE('', *, *, #3544, .F.);
#4208 = EDGE_LOOP('', (#4188, #4189, #4190, #4191));
#4209 = FACE_BOUND('', #4208, .T.);
#4210 = EDGE_LOOP('', (#4192, #4193, #4194, #4195));
#4211 = FACE_BOUND('', #4210, .T.);
#4212 = EDGE_LOOP('', (#4196, #4197, #4198, #4199));
#4213 = FACE_BOUND('', #4212, .T.);
#4214 = EDGE_LOOP('', (#4200, #4201, #4202, #4203));
#4215 = FACE_BOUND('', #4214, .T.);
#4216 = EDGE_LOOP('', (#4204, #4205, #4206, #4207));
#4217 = FACE_BOUND('', #4216, .T.);
#4218 = ADVANCED_FACE('', (#4209, #4211, #4213, #4215, #4217), #3681, .T.);
#4219 = ORIENTED_EDGE('', *, *, #3370, .F.);
#4220 = ORIENTED_EDGE('', *, *, #3372, .T.);
#4221 = ORIENTED_EDGE('', *, *, #3373, .T.);
#4222 = ORIENTED_EDGE('', *, *, #3374, .T.);
#4223 = ORIENTED_EDGE('', *, *, #3603, .F.);
#4224 = ORIENTED_EDGE('', *, *, #3605, .F.);
#4225 = ORIENTED_EDGE('', *, *, #3604, .F.);
#4226 = ORIENTED_EDGE('', *, *, #3606, .F.);
#4227 = EDGE_LOOP('', (#4219, #4220, #4221, #4222));
#4228 = FACE_BOUND('', #4227, .T.);
#4229 = EDGE_LOOP('', (#4223, #4224, #4225, #4226));
#4230 = FACE_BOUND('', #4229, .T.);
#4231 = ADVANCED_FACE('', (#4228, #4230), #3686, .F.);
#4232 = ORIENTED_EDGE('', *, *, #3467, .F.);
#4233 = ORIENTED_EDGE('', *, *, #3466, .F.);
#4234 = ORIENTED_EDGE('', *, *, #3465, .F.);
#4235 = ORIENTED_EDGE('', *, *, #3464, .F.);
#4236 = ORIENTED_EDGE('', *, *, #3482, .T.);
#4237 = ORIENTED_EDGE('', *, *, #3377, .T.);
#4238 = ORIENTED_EDGE('', *, *, #3373, .F.);
#4239 = ORIENTED_EDGE('', *, *, #3375, .T.);
#4240 = ORIENTED_EDGE('', *, *, #3376, .T.);
#4241 = ORIENTED_EDGE('', *, *, #3468, .F.);
#4242 = EDGE_LOOP('', (#4232, #4233, #4234, #4235, #4236, #4237, #4238, #4239, #4240, #4241));
#4243 = FACE_BOUND('', #4242, .T.);
#4244 = ADVANCED_FACE('', (#4243), #3690, .T.);
#4245 = ORIENTED_EDGE('', *, *, #3472, .T.);
#4246 = ORIENTED_EDGE('', *, *, #3470, .F.);
#4247 = ORIENTED_EDGE('', *, *, #3376, .F.);
#4248 = ORIENTED_EDGE('', *, *, #3378, .T.);
#4249 = ORIENTED_EDGE('', *, *, #3379, .T.);
#4250 = ORIENTED_EDGE('', *, *, #3380, .T.);
#4251 = ORIENTED_EDGE('', *, *, #3482, .F.);
#4252 = ORIENTED_EDGE('', *, *, #3469, .T.);
#4253 = ORIENTED_EDGE('', *, *, #3471, .T.);
#4254 = ORIENTED_EDGE('', *, *, #3616, .F.);
#4255 = ORIENTED_EDGE('', *, *, #3618, .F.);
#4256 = ORIENTED_EDGE('', *, *, #3617, .F.);
#4257 = ORIENTED_EDGE('', *, *, #3619, .F.);
#4258 = EDGE_LOOP('', (#4245, #4246, #4247, #4248, #4249, #4250, #4251, #4252, #4253));
#4259 = FACE_BOUND('', #4258, .T.);
#4260 = EDGE_LOOP('', (#4254, #4255, #4256, #4257));
#4261 = FACE_BOUND('', #4260, .T.);
#4262 = ADVANCED_FACE('', (#4259, #4261), #3695, .F.);
#4263 = ORIENTED_EDGE('', *, *, #3379, .F.);
#4264 = ORIENTED_EDGE('', *, *, #3381, .T.);
#4265 = ORIENTED_EDGE('', *, *, #3382, .T.);
#4266 = ORIENTED_EDGE('', *, *, #3383, .T.);
#4267 = EDGE_LOOP('', (#4263, #4264, #4265, #4266));
#4268 = FACE_BOUND('', #4267, .T.);
#4269 = ADVANCED_FACE('', (#4268), #3699, .T.);
#4270 = ORIENTED_EDGE('', *, *, #3382, .F.);
#4271 = ORIENTED_EDGE('', *, *, #3384, .T.);
#4272 = ORIENTED_EDGE('', *, *, #3385, .T.);
#4273 = ORIENTED_EDGE('', *, *, #3386, .T.);
#4274 = ORIENTED_EDGE('', *, *, #3577, .F.);
#4275 = ORIENTED_EDGE('', *, *, #3579, .F.);
#4276 = ORIENTED_EDGE('', *, *, #3578, .F.);
#4277 = ORIENTED_EDGE('', *, *, #3580, .F.);
#4278 = EDGE_LOOP('', (#4270, #4271, #4272, #4273));
#4279 = FACE_BOUND('', #4278, .T.);
#4280 = EDGE_LOOP('', (#4274, #4275, #4276, #4277));
#4281 = FACE_BOUND('', #4280, .T.);
#4282 = ADVANCED_FACE('', (#4279, #4281), #3704, .F.);
#4283 = ORIENTED_EDGE('', *, *, #3387, .T.);
#4284 = ORIENTED_EDGE('', *, *, #3388, .T.);
#4285 = ORIENTED_EDGE('', *, *, #3389, .F.);
#4286 = ORIENTED_EDGE('', *, *, #3390, .F.);
#4287 = EDGE_LOOP('', (#4283, #4284, #4285, #4286));
#4288 = FACE_BOUND('', #4287, .T.);
#4289 = ADVANCED_FACE('', (#4288), #3708, .T.);
#4290 = ORIENTED_EDGE('', *, *, #3391, .T.);
#4291 = ORIENTED_EDGE('', *, *, #3392, .T.);
#4292 = ORIENTED_EDGE('', *, *, #3393, .F.);
#4293 = ORIENTED_EDGE('', *, *, #3388, .F.);
#4294 = EDGE_LOOP('', (#4290, #4291, #4292, #4293));
#4295 = FACE_BOUND('', #4294, .T.);
#4296 = ADVANCED_FACE('', (#4295), #3713, .T.);
#4297 = ORIENTED_EDGE('', *, *, #3394, .T.);
#4298 = ORIENTED_EDGE('', *, *, #3395, .T.);
#4299 = ORIENTED_EDGE('', *, *, #3396, .F.);
#4300 = ORIENTED_EDGE('', *, *, #3392, .F.);
#4301 = EDGE_LOOP('', (#4297, #4298, #4299, #4300));
#4302 = FACE_BOUND('', #4301, .T.);
#4303 = ADVANCED_FACE('', (#4302), #3717, .T.);
#4304 = ORIENTED_EDGE('', *, *, #3397, .T.);
#4305 = ORIENTED_EDGE('', *, *, #3398, .T.);
#4306 = ORIENTED_EDGE('', *, *, #3399, .F.);
#4307 = ORIENTED_EDGE('', *, *, #3395, .F.);
#4308 = EDGE_LOOP('', (#4304, #4305, #4306, #4307));
#4309 = FACE_BOUND('', #4308, .T.);
#4310 = ADVANCED_FACE('', (#4309), #3722, .T.);
#4311 = ORIENTED_EDGE('', *, *, #3400, .T.);
#4312 = ORIENTED_EDGE('', *, *, #3401, .T.);
#4313 = ORIENTED_EDGE('', *, *, #3402, .F.);
#4314 = ORIENTED_EDGE('', *, *, #3398, .F.);
#4315 = EDGE_LOOP('', (#4311, #4312, #4313, #4314));
#4316 = FACE_BOUND('', #4315, .T.);
#4317 = ADVANCED_FACE('', (#4316), #3726, .T.);
#4318 = ORIENTED_EDGE('', *, *, #3403, .T.);
#4319 = ORIENTED_EDGE('', *, *, #3404, .T.);
#4320 = ORIENTED_EDGE('', *, *, #3405, .F.);
#4321 = ORIENTED_EDGE('', *, *, #3401, .F.);
#4322 = EDGE_LOOP('', (#4318, #4319, #4320, #4321));
#4323 = FACE_BOUND('', #4322, .T.);
#4324 = ADVANCED_FACE('', (#4323), #3731, .T.);
#4325 = ORIENTED_EDGE('', *, *, #3406, .T.);
#4326 = ORIENTED_EDGE('', *, *, #3407, .T.);
#4327 = ORIENTED_EDGE('', *, *, #3408, .F.);
#4328 = ORIENTED_EDGE('', *, *, #3404, .F.);
#4329 = EDGE_LOOP('', (#4325, #4326, #4327, #4328));
#4330 = FACE_BOUND('', #4329, .T.);
#4331 = ADVANCED_FACE('', (#4330), #3735, .T.);
#4332 = ORIENTED_EDGE('', *, *, #3409, .T.);
#4333 = ORIENTED_EDGE('', *, *, #3390, .T.);
#4334 = ORIENTED_EDGE('', *, *, #3410, .F.);
#4335 = ORIENTED_EDGE('', *, *, #3407, .F.);
#4336 = EDGE_LOOP('', (#4332, #4333, #4334, #4335));
#4337 = FACE_BOUND('', #4336, .T.);
#4338 = ADVANCED_FACE('', (#4337), #3740, .T.);
#4339 = ORIENTED_EDGE('', *, *, #3409, .F.);
#4340 = ORIENTED_EDGE('', *, *, #3406, .F.);
#4341 = ORIENTED_EDGE('', *, *, #3403, .F.);
#4342 = ORIENTED_EDGE('', *, *, #3400, .F.);
#4343 = ORIENTED_EDGE('', *, *, #3397, .F.);
#4344 = ORIENTED_EDGE('', *, *, #3394, .F.);
#4345 = ORIENTED_EDGE('', *, *, #3391, .F.);
#4346 = ORIENTED_EDGE('', *, *, #3387, .F.);
#4347 = EDGE_LOOP('', (#4339, #4340, #4341, #4342, #4343, #4344, #4345, #4346));
#4348 = FACE_BOUND('', #4347, .T.);
#4349 = ADVANCED_FACE('', (#4348), #3744, .F.);
#4350 = ORIENTED_EDGE('', *, *, #3389, .T.);
#4351 = ORIENTED_EDGE('', *, *, #3393, .T.);
#4352 = ORIENTED_EDGE('', *, *, #3396, .T.);
#4353 = ORIENTED_EDGE('', *, *, #3399, .T.);
#4354 = ORIENTED_EDGE('', *, *, #3402, .T.);
#4355 = ORIENTED_EDGE('', *, *, #3405, .T.);
#4356 = ORIENTED_EDGE('', *, *, #3408, .T.);
#4357 = ORIENTED_EDGE('', *, *, #3410, .T.);
#4358 = ORIENTED_EDGE('', *, *, #3414, .F.);
#4359 = ORIENTED_EDGE('', *, *, #3411, .F.);
#4360 = EDGE_LOOP('', (#4350, #4351, #4352, #4353, #4354, #4355, #4356, #4357));
#4361 = FACE_BOUND('', #4360, .T.);
#4362 = EDGE_LOOP('', (#4358, #4359));
#4363 = FACE_BOUND('', #4362, .T.);
#4364 = ADVANCED_FACE('', (#4361, #4363), #3748, .T.);
#4365 = ORIENTED_EDGE('', *, *, #3416, .T.);
#4366 = ORIENTED_EDGE('', *, *, #3413, .F.);
#4367 = ORIENTED_EDGE('', *, *, #3412, .F.);
#4368 = ORIENTED_EDGE('', *, *, #3411, .T.);
#4369 = EDGE_LOOP('', (#4365, #4366, #4367, #4368));
#4370 = FACE_BOUND('', #4369, .T.);
#4371 = ADVANCED_FACE('', (#4370), #3753, .T.);
#4372 = ORIENTED_EDGE('', *, *, #3413, .T.);
#4373 = ORIENTED_EDGE('', *, *, #3415, .T.);
#4374 = ORIENTED_EDGE('', *, *, #3417, .F.);
#4375 = ORIENTED_EDGE('', *, *, #3424, .F.);
#4376 = ORIENTED_EDGE('', *, *, #3423, .F.);
#4377 = ORIENTED_EDGE('', *, *, #3425, .F.);
#4378 = ORIENTED_EDGE('', *, *, #3426, .F.);
#4379 = ORIENTED_EDGE('', *, *, #3433, .F.);
#4380 = ORIENTED_EDGE('', *, *, #3432, .F.);
#4381 = ORIENTED_EDGE('', *, *, #3434, .F.);
#4382 = ORIENTED_EDGE('', *, *, #3435, .F.);
#4383 = ORIENTED_EDGE('', *, *, #3442, .F.);
#4384 = ORIENTED_EDGE('', *, *, #3441, .F.);
#4385 = ORIENTED_EDGE('', *, *, #3443, .F.);
#4386 = ORIENTED_EDGE('', *, *, #3444, .F.);
#4387 = ORIENTED_EDGE('', *, *, #3451, .F.);
#4388 = ORIENTED_EDGE('', *, *, #3450, .F.);
#4389 = ORIENTED_EDGE('', *, *, #3452, .F.);
#4390 = EDGE_LOOP('', (#4372, #4373));
#4391 = FACE_BOUND('', #4390, .T.);
#4392 = EDGE_LOOP('', (#4374, #4375, #4376, #4377));
#4393 = FACE_BOUND('', #4392, .T.);
#4394 = EDGE_LOOP('', (#4378, #4379, #4380, #4381));
#4395 = FACE_BOUND('', #4394, .T.);
#4396 = EDGE_LOOP('', (#4382, #4383, #4384, #4385));
#4397 = FACE_BOUND('', #4396, .T.);
#4398 = EDGE_LOOP('', (#4386, #4387, #4388, #4389));
#4399 = FACE_BOUND('', #4398, .T.);
#4400 = ADVANCED_FACE('', (#4391, #4393, #4395, #4397, #4399), #3757, .T.);
#4401 = ORIENTED_EDGE('', *, *, #3416, .F.);
#4402 = ORIENTED_EDGE('', *, *, #3414, .T.);
#4403 = ORIENTED_EDGE('', *, *, #3412, .T.);
#4404 = ORIENTED_EDGE('', *, *, #3415, .F.);
#4405 = EDGE_LOOP('', (#4401, #4402, #4403, #4404));
#4406 = FACE_BOUND('', #4405, .T.);
#4407 = ADVANCED_FACE('', (#4406), #3753, .T.);
#4408 = ORIENTED_EDGE('', *, *, #3422, .T.);
#4409 = ORIENTED_EDGE('', *, *, #3419, .F.);
#4410 = ORIENTED_EDGE('', *, *, #3418, .F.);
#4411 = ORIENTED_EDGE('', *, *, #3417, .T.);
#4412 = ORIENTED_EDGE('', *, *, #3425, .T.);
#4413 = EDGE_LOOP('', (#4408, #4409, #4410, #4411, #4412));
#4414 = FACE_BOUND('', #4413, .T.);
#4415 = ADVANCED_FACE('', (#4414), #3762, .F.);
#4416 = ORIENTED_EDGE('', *, *, #3419, .T.);
#4417 = ORIENTED_EDGE('', *, *, #3421, .T.);
#4418 = EDGE_LOOP('', (#4416, #4417));
#4419 = FACE_BOUND('', #4418, .T.);
#4420 = ADVANCED_FACE('', (#4419), #3767, .F.);
#4421 = ORIENTED_EDGE('', *, *, #3422, .F.);
#4422 = ORIENTED_EDGE('', *, *, #3423, .T.);
#4423 = ORIENTED_EDGE('', *, *, #3424, .T.);
#4424 = ORIENTED_EDGE('', *, *, #3418, .T.);
#4425 = ORIENTED_EDGE('', *, *, #3421, .F.);
#4426 = EDGE_LOOP('', (#4421, #4422, #4423, #4424, #4425));
#4427 = FACE_BOUND('', #4426, .T.);
#4428 = ADVANCED_FACE('', (#4427), #3762, .F.);
#4429 = ORIENTED_EDGE('', *, *, #3431, .T.);
#4430 = ORIENTED_EDGE('', *, *, #3428, .F.);
#4431 = ORIENTED_EDGE('', *, *, #3427, .F.);
#4432 = ORIENTED_EDGE('', *, *, #3426, .T.);
#4433 = ORIENTED_EDGE('', *, *, #3434, .T.);
#4434 = EDGE_LOOP('', (#4429, #4430, #4431, #4432, #4433));
#4435 = FACE_BOUND('', #4434, .T.);
#4436 = ADVANCED_FACE('', (#4435), #3772, .F.);
#4437 = ORIENTED_EDGE('', *, *, #3428, .T.);
#4438 = ORIENTED_EDGE('', *, *, #3430, .T.);
#4439 = EDGE_LOOP('', (#4437, #4438));
#4440 = FACE_BOUND('', #4439, .T.);
#4441 = ADVANCED_FACE('', (#4440), #3777, .F.);
#4442 = ORIENTED_EDGE('', *, *, #3431, .F.);
#4443 = ORIENTED_EDGE('', *, *, #3432, .T.);
#4444 = ORIENTED_EDGE('', *, *, #3433, .T.);
#4445 = ORIENTED_EDGE('', *, *, #3427, .T.);
#4446 = ORIENTED_EDGE('', *, *, #3430, .F.);
#4447 = EDGE_LOOP('', (#4442, #4443, #4444, #4445, #4446));
#4448 = FACE_BOUND('', #4447, .T.);
#4449 = ADVANCED_FACE('', (#4448), #3772, .F.);
#4450 = ORIENTED_EDGE('', *, *, #3440, .T.);
#4451 = ORIENTED_EDGE('', *, *, #3437, .F.);
#4452 = ORIENTED_EDGE('', *, *, #3436, .F.);
#4453 = ORIENTED_EDGE('', *, *, #3435, .T.);
#4454 = ORIENTED_EDGE('', *, *, #3443, .T.);
#4455 = EDGE_LOOP('', (#4450, #4451, #4452, #4453, #4454));
#4456 = FACE_BOUND('', #4455, .T.);
#4457 = ADVANCED_FACE('', (#4456), #3782, .F.);
#4458 = ORIENTED_EDGE('', *, *, #3437, .T.);
#4459 = ORIENTED_EDGE('', *, *, #3439, .T.);
#4460 = EDGE_LOOP('', (#4458, #4459));
#4461 = FACE_BOUND('', #4460, .T.);
#4462 = ADVANCED_FACE('', (#4461), #3787, .F.);
#4463 = ORIENTED_EDGE('', *, *, #3440, .F.);
#4464 = ORIENTED_EDGE('', *, *, #3441, .T.);
#4465 = ORIENTED_EDGE('', *, *, #3442, .T.);
#4466 = ORIENTED_EDGE('', *, *, #3436, .T.);
#4467 = ORIENTED_EDGE('', *, *, #3439, .F.);
#4468 = EDGE_LOOP('', (#4463, #4464, #4465, #4466, #4467));
#4469 = FACE_BOUND('', #4468, .T.);
#4470 = ADVANCED_FACE('', (#4469), #3782, .F.);
#4471 = ORIENTED_EDGE('', *, *, #3449, .T.);
#4472 = ORIENTED_EDGE('', *, *, #3446, .F.);
#4473 = ORIENTED_EDGE('', *, *, #3445, .F.);
#4474 = ORIENTED_EDGE('', *, *, #3444, .T.);
#4475 = ORIENTED_EDGE('', *, *, #3452, .T.);
#4476 = EDGE_LOOP('', (#4471, #4472, #4473, #4474, #4475));
#4477 = FACE_BOUND('', #4476, .T.);
#4478 = ADVANCED_FACE('', (#4477), #3792, .F.);
#4479 = ORIENTED_EDGE('', *, *, #3446, .T.);
#4480 = ORIENTED_EDGE('', *, *, #3448, .T.);
#4481 = EDGE_LOOP('', (#4479, #4480));
#4482 = FACE_BOUND('', #4481, .T.);
#4483 = ADVANCED_FACE('', (#4482), #3797, .F.);
#4484 = ORIENTED_EDGE('', *, *, #3449, .F.);
#4485 = ORIENTED_EDGE('', *, *, #3450, .T.);
#4486 = ORIENTED_EDGE('', *, *, #3451, .T.);
#4487 = ORIENTED_EDGE('', *, *, #3445, .T.);
#4488 = ORIENTED_EDGE('', *, *, #3448, .F.);
#4489 = EDGE_LOOP('', (#4484, #4485, #4486, #4487, #4488));
#4490 = FACE_BOUND('', #4489, .T.);
#4491 = ADVANCED_FACE('', (#4490), #3792, .F.);
#4492 = ORIENTED_EDGE('', *, *, #3464, .T.);
#4493 = ORIENTED_EDGE('', *, *, #3474, .F.);
#4494 = ORIENTED_EDGE('', *, *, #3454, .T.);
#4495 = ORIENTED_EDGE('', *, *, #3459, .T.);
#4496 = ORIENTED_EDGE('', *, *, #3479, .T.);
#4497 = ORIENTED_EDGE('', *, *, #3469, .F.);
#4498 = EDGE_LOOP('', (#4492, #4493, #4494, #4495, #4496, #4497));
#4499 = FACE_BOUND('', #4498, .T.);
#4500 = ADVANCED_FACE('', (#4499), #3801, .F.);
#4501 = ORIENTED_EDGE('', *, *, #3470, .T.);
#4502 = ORIENTED_EDGE('', *, *, #3473, .T.);
#4503 = ORIENTED_EDGE('', *, *, #3480, .F.);
#4504 = ORIENTED_EDGE('', *, *, #3460, .F.);
#4505 = ORIENTED_EDGE('', *, *, #3458, .T.);
#4506 = ORIENTED_EDGE('', *, *, #3477, .T.);
#4507 = ORIENTED_EDGE('', *, *, #3468, .T.);
#4508 = EDGE_LOOP('', (#4501, #4502, #4503, #4504, #4505, #4506, #4507));
#4509 = FACE_BOUND('', #4508, .T.);
#4510 = ADVANCED_FACE('', (#4509), #3819, .F.);
#4511 = ORIENTED_EDGE('', *, *, #3481, .F.);
#4512 = ORIENTED_EDGE('', *, *, #3463, .T.);
#4513 = ORIENTED_EDGE('', *, *, #3453, .F.);
#4514 = ORIENTED_EDGE('', *, *, #3473, .F.);
#4515 = ORIENTED_EDGE('', *, *, #3472, .F.);
#4516 = EDGE_LOOP('', (#4511, #4512, #4513, #4514, #4515));
#4517 = FACE_BOUND('', #4516, .T.);
#4518 = ADVANCED_FACE('', (#4517), #3833, .F.);
#4519 = ORIENTED_EDGE('', *, *, #3479, .F.);
#4520 = ORIENTED_EDGE('', *, *, #3462, .T.);
#4521 = ORIENTED_EDGE('', *, *, #3481, .T.);
#4522 = ORIENTED_EDGE('', *, *, #3471, .F.);
#4523 = EDGE_LOOP('', (#4519, #4520, #4521, #4522));
#4524 = FACE_BOUND('', #4523, .T.);
#4525 = ADVANCED_FACE('', (#4524), #3829, .F.);
#4526 = ORIENTED_EDGE('', *, *, #3480, .T.);
#4527 = ORIENTED_EDGE('', *, *, #3453, .T.);
#4528 = ORIENTED_EDGE('', *, *, #3461, .F.);
#4529 = EDGE_LOOP('', (#4526, #4527, #4528));
#4530 = FACE_BOUND('', #4529, .T.);
#4531 = ADVANCED_FACE('', (#4530), #3824, .F.);
#4532 = ORIENTED_EDGE('', *, *, #3467, .T.);
#4533 = ORIENTED_EDGE('', *, *, #3477, .F.);
#4534 = ORIENTED_EDGE('', *, *, #3457, .F.);
#4535 = ORIENTED_EDGE('', *, *, #3476, .T.);
#4536 = EDGE_LOOP('', (#4532, #4533, #4534, #4535));
#4537 = FACE_BOUND('', #4536, .T.);
#4538 = ADVANCED_FACE('', (#4537), #3815, .F.);
#4539 = ORIENTED_EDGE('', *, *, #3466, .T.);
#4540 = ORIENTED_EDGE('', *, *, #3476, .F.);
#4541 = ORIENTED_EDGE('', *, *, #3456, .T.);
#4542 = ORIENTED_EDGE('', *, *, #3475, .T.);
#4543 = EDGE_LOOP('', (#4539, #4540, #4541, #4542));
#4544 = FACE_BOUND('', #4543, .T.);
#4545 = ADVANCED_FACE('', (#4544), #3810, .F.);
#4546 = ORIENTED_EDGE('', *, *, #3465, .T.);
#4547 = ORIENTED_EDGE('', *, *, #3475, .F.);
#4548 = ORIENTED_EDGE('', *, *, #3455, .F.);
#4549 = ORIENTED_EDGE('', *, *, #3474, .T.);
#4550 = EDGE_LOOP('', (#4546, #4547, #4548, #4549));
#4551 = FACE_BOUND('', #4550, .T.);
#4552 = ADVANCED_FACE('', (#4551), #3806, .F.);
#4553 = ORIENTED_EDGE('', *, *, #3495, .T.);
#4554 = ORIENTED_EDGE('', *, *, #3488, .T.);
#4555 = ORIENTED_EDGE('', *, *, #3499, .T.);
#4556 = ORIENTED_EDGE('', *, *, #3494, .F.);
#4557 = EDGE_LOOP('', (#4553, #4554, #4555, #4556));
#4558 = FACE_BOUND('', #4557, .T.);
#4559 = ADVANCED_FACE('', (#4558), #3849, .T.);
#4560 = ORIENTED_EDGE('', *, *, #3491, .T.);
#4561 = ORIENTED_EDGE('', *, *, #3496, .T.);
#4562 = ORIENTED_EDGE('', *, *, #3485, .T.);
#4563 = ORIENTED_EDGE('', *, *, #3497, .F.);
#4564 = EDGE_LOOP('', (#4560, #4561, #4562, #4563));
#4565 = FACE_BOUND('', #4564, .T.);
#4566 = ADVANCED_FACE('', (#4565), #3845, .F.);
#4567 = ORIENTED_EDGE('', *, *, #3499, .F.);
#4568 = ORIENTED_EDGE('', *, *, #3487, .F.);
#4569 = ORIENTED_EDGE('', *, *, #3484, .T.);
#4570 = ORIENTED_EDGE('', *, *, #3496, .F.);
#4571 = ORIENTED_EDGE('', *, *, #3490, .T.);
#4572 = ORIENTED_EDGE('', *, *, #3493, .F.);
#4573 = EDGE_LOOP('', (#4567, #4568, #4569, #4570, #4571, #4572));
#4574 = FACE_BOUND('', #4573, .T.);
#4575 = ADVANCED_FACE('', (#4574), #3841, .F.);
#4576 = ORIENTED_EDGE('', *, *, #3489, .T.);
#4577 = ORIENTED_EDGE('', *, *, #3497, .T.);
#4578 = ORIENTED_EDGE('', *, *, #3483, .T.);
#4579 = ORIENTED_EDGE('', *, *, #3486, .T.);
#4580 = ORIENTED_EDGE('', *, *, #3495, .F.);
#4581 = ORIENTED_EDGE('', *, *, #3492, .F.);
#4582 = EDGE_LOOP('', (#4576, #4577, #4578, #4579, #4580, #4581));
#4583 = FACE_BOUND('', #4582, .T.);
#4584 = ADVANCED_FACE('', (#4583), #3837, .F.);
#4585 = ORIENTED_EDGE('', *, *, #3508, .T.);
#4586 = ORIENTED_EDGE('', *, *, #3509, .T.);
#4587 = ORIENTED_EDGE('', *, *, #3504, .T.);
#4588 = ORIENTED_EDGE('', *, *, #3511, .F.);
#4589 = EDGE_LOOP('', (#4585, #4586, #4587, #4588));
#4590 = FACE_BOUND('', #4589, .T.);
#4591 = ADVANCED_FACE('', (#4590), #3865, .F.);
#4592 = ORIENTED_EDGE('', *, *, #3507, .T.);
#4593 = ORIENTED_EDGE('', *, *, #3510, .T.);
#4594 = ORIENTED_EDGE('', *, *, #3503, .T.);
#4595 = ORIENTED_EDGE('', *, *, #3509, .F.);
#4596 = EDGE_LOOP('', (#4592, #4593, #4594, #4595));
#4597 = FACE_BOUND('', #4596, .T.);
#4598 = ADVANCED_FACE('', (#4597), #3861, .F.);
#4599 = ORIENTED_EDGE('', *, *, #3506, .T.);
#4600 = ORIENTED_EDGE('', *, *, #3512, .T.);
#4601 = ORIENTED_EDGE('', *, *, #3502, .T.);
#4602 = ORIENTED_EDGE('', *, *, #3510, .F.);
#4603 = EDGE_LOOP('', (#4599, #4600, #4601, #4602));
#4604 = FACE_BOUND('', #4603, .T.);
#4605 = ADVANCED_FACE('', (#4604), #3857, .F.);
#4606 = ORIENTED_EDGE('', *, *, #3505, .T.);
#4607 = ORIENTED_EDGE('', *, *, #3511, .T.);
#4608 = ORIENTED_EDGE('', *, *, #3501, .T.);
#4609 = ORIENTED_EDGE('', *, *, #3512, .F.);
#4610 = EDGE_LOOP('', (#4606, #4607, #4608, #4609));
#4611 = FACE_BOUND('', #4610, .T.);
#4612 = ADVANCED_FACE('', (#4611), #3853, .F.);
#4613 = ORIENTED_EDGE('', *, *, #3520, .T.);
#4614 = ORIENTED_EDGE('', *, *, #3521, .T.);
#4615 = ORIENTED_EDGE('', *, *, #3516, .T.);
#4616 = ORIENTED_EDGE('', *, *, #3523, .F.);
#4617 = EDGE_LOOP('', (#4613, #4614, #4615, #4616));
#4618 = FACE_BOUND('', #4617, .T.);
#4619 = ADVANCED_FACE('', (#4618), #3881, .F.);
#4620 = ORIENTED_EDGE('', *, *, #3519, .T.);
#4621 = ORIENTED_EDGE('', *, *, #3522, .T.);
#4622 = ORIENTED_EDGE('', *, *, #3515, .T.);
#4623 = ORIENTED_EDGE('', *, *, #3521, .F.);
#4624 = EDGE_LOOP('', (#4620, #4621, #4622, #4623));
#4625 = FACE_BOUND('', #4624, .T.);
#4626 = ADVANCED_FACE('', (#4625), #3877, .F.);
#4627 = ORIENTED_EDGE('', *, *, #3518, .T.);
#4628 = ORIENTED_EDGE('', *, *, #3524, .T.);
#4629 = ORIENTED_EDGE('', *, *, #3514, .T.);
#4630 = ORIENTED_EDGE('', *, *, #3522, .F.);
#4631 = EDGE_LOOP('', (#4627, #4628, #4629, #4630));
#4632 = FACE_BOUND('', #4631, .T.);
#4633 = ADVANCED_FACE('', (#4632), #3873, .F.);
#4634 = ORIENTED_EDGE('', *, *, #3517, .T.);
#4635 = ORIENTED_EDGE('', *, *, #3523, .T.);
#4636 = ORIENTED_EDGE('', *, *, #3513, .T.);
#4637 = ORIENTED_EDGE('', *, *, #3524, .F.);
#4638 = EDGE_LOOP('', (#4634, #4635, #4636, #4637));
#4639 = FACE_BOUND('', #4638, .T.);
#4640 = ADVANCED_FACE('', (#4639), #3869, .F.);
#4641 = ORIENTED_EDGE('', *, *, #3532, .T.);
#4642 = ORIENTED_EDGE('', *, *, #3533, .T.);
#4643 = ORIENTED_EDGE('', *, *, #3528, .T.);
#4644 = ORIENTED_EDGE('', *, *, #3535, .F.);
#4645 = EDGE_LOOP('', (#4641, #4642, #4643, #4644));
#4646 = FACE_BOUND('', #4645, .T.);
#4647 = ADVANCED_FACE('', (#4646), #3897, .F.);
#4648 = ORIENTED_EDGE('', *, *, #3531, .T.);
#4649 = ORIENTED_EDGE('', *, *, #3534, .T.);
#4650 = ORIENTED_EDGE('', *, *, #3527, .T.);
#4651 = ORIENTED_EDGE('', *, *, #3533, .F.);
#4652 = EDGE_LOOP('', (#4648, #4649, #4650, #4651));
#4653 = FACE_BOUND('', #4652, .T.);
#4654 = ADVANCED_FACE('', (#4653), #3893, .F.);
#4655 = ORIENTED_EDGE('', *, *, #3530, .T.);
#4656 = ORIENTED_EDGE('', *, *, #3536, .T.);
#4657 = ORIENTED_EDGE('', *, *, #3526, .T.);
#4658 = ORIENTED_EDGE('', *, *, #3534, .F.);
#4659 = EDGE_LOOP('', (#4655, #4656, #4657, #4658));
#4660 = FACE_BOUND('', #4659, .T.);
#4661 = ADVANCED_FACE('', (#4660), #3889, .F.);
#4662 = ORIENTED_EDGE('', *, *, #3529, .T.);
#4663 = ORIENTED_EDGE('', *, *, #3535, .T.);
#4664 = ORIENTED_EDGE('', *, *, #3525, .T.);
#4665 = ORIENTED_EDGE('', *, *, #3536, .F.);
#4666 = EDGE_LOOP('', (#4662, #4663, #4664, #4665));
#4667 = FACE_BOUND('', #4666, .T.);
#4668 = ADVANCED_FACE('', (#4667), #3885, .F.);
#4669 = ORIENTED_EDGE('', *, *, #3544, .T.);
#4670 = ORIENTED_EDGE('', *, *, #3545, .T.);
#4671 = ORIENTED_EDGE('', *, *, #3540, .T.);
#4672 = ORIENTED_EDGE('', *, *, #3547, .F.);
#4673 = EDGE_LOOP('', (#4669, #4670, #4671, #4672));
#4674 = FACE_BOUND('', #4673, .T.);
#4675 = ADVANCED_FACE('', (#4674), #3913, .F.);
#4676 = ORIENTED_EDGE('', *, *, #3543, .T.);
#4677 = ORIENTED_EDGE('', *, *, #3546, .T.);
#4678 = ORIENTED_EDGE('', *, *, #3539, .T.);
#4679 = ORIENTED_EDGE('', *, *, #3545, .F.);
#4680 = EDGE_LOOP('', (#4676, #4677, #4678, #4679));
#4681 = FACE_BOUND('', #4680, .T.);
#4682 = ADVANCED_FACE('', (#4681), #3909, .F.);
#4683 = ORIENTED_EDGE('', *, *, #3542, .T.);
#4684 = ORIENTED_EDGE('', *, *, #3548, .T.);
#4685 = ORIENTED_EDGE('', *, *, #3538, .T.);
#4686 = ORIENTED_EDGE('', *, *, #3546, .F.);
#4687 = EDGE_LOOP('', (#4683, #4684, #4685, #4686));
#4688 = FACE_BOUND('', #4687, .T.);
#4689 = ADVANCED_FACE('', (#4688), #3905, .F.);
#4690 = ORIENTED_EDGE('', *, *, #3541, .T.);
#4691 = ORIENTED_EDGE('', *, *, #3547, .T.);
#4692 = ORIENTED_EDGE('', *, *, #3537, .T.);
#4693 = ORIENTED_EDGE('', *, *, #3548, .F.);
#4694 = EDGE_LOOP('', (#4690, #4691, #4692, #4693));
#4695 = FACE_BOUND('', #4694, .T.);
#4696 = ADVANCED_FACE('', (#4695), #3901, .F.);
#4697 = ORIENTED_EDGE('', *, *, #3563, .T.);
#4698 = ORIENTED_EDGE('', *, *, #3551, .F.);
#4699 = ORIENTED_EDGE('', *, *, #3550, .F.);
#4700 = ORIENTED_EDGE('', *, *, #3549, .T.);
#4701 = EDGE_LOOP('', (#4697, #4698, #4699, #4700));
#4702 = FACE_BOUND('', #4701, .T.);
#4703 = ADVANCED_FACE('', (#4702), #3918, .T.);
#4704 = ORIENTED_EDGE('', *, *, #3561, .F.);
#4705 = ORIENTED_EDGE('', *, *, #3549, .F.);
#4706 = ORIENTED_EDGE('', *, *, #3594, .F.);
#4707 = ORIENTED_EDGE('', *, *, #3595, .T.);
#4708 = ORIENTED_EDGE('', *, *, #3596, .T.);
#4709 = ORIENTED_EDGE('', *, *, #3597, .F.);
#4710 = EDGE_LOOP('', (#4704, #4705));
#4711 = FACE_BOUND('', #4710, .T.);
#4712 = EDGE_LOOP('', (#4706, #4707, #4708, #4709));
#4713 = FACE_BOUND('', #4712, .T.);
#4714 = ADVANCED_FACE('', (#4711, #4713), #3922, .F.);
#4715 = ORIENTED_EDGE('', *, *, #3551, .T.);
#4716 = ORIENTED_EDGE('', *, *, #3562, .T.);
#4717 = EDGE_LOOP('', (#4715, #4716));
#4718 = FACE_BOUND('', #4717, .T.);
#4719 = ADVANCED_FACE('', (#4718), #3926, .T.);
#4720 = ORIENTED_EDGE('', *, *, #3566, .T.);
#4721 = ORIENTED_EDGE('', *, *, #3554, .F.);
#4722 = ORIENTED_EDGE('', *, *, #3553, .F.);
#4723 = ORIENTED_EDGE('', *, *, #3552, .T.);
#4724 = EDGE_LOOP('', (#4720, #4721, #4722, #4723));
#4725 = FACE_BOUND('', #4724, .T.);
#4726 = ADVANCED_FACE('', (#4725), #3931, .T.);
#4727 = ORIENTED_EDGE('', *, *, #3564, .F.);
#4728 = ORIENTED_EDGE('', *, *, #3552, .F.);
#4729 = ORIENTED_EDGE('', *, *, #3581, .F.);
#4730 = ORIENTED_EDGE('', *, *, #3582, .T.);
#4731 = ORIENTED_EDGE('', *, *, #3583, .T.);
#4732 = ORIENTED_EDGE('', *, *, #3584, .F.);
#4733 = EDGE_LOOP('', (#4727, #4728));
#4734 = FACE_BOUND('', #4733, .T.);
#4735 = EDGE_LOOP('', (#4729, #4730, #4731, #4732));
#4736 = FACE_BOUND('', #4735, .T.);
#4737 = ADVANCED_FACE('', (#4734, #4736), #3935, .F.);
#4738 = ORIENTED_EDGE('', *, *, #3554, .T.);
#4739 = ORIENTED_EDGE('', *, *, #3565, .T.);
#4740 = EDGE_LOOP('', (#4738, #4739));
#4741 = FACE_BOUND('', #4740, .T.);
#4742 = ADVANCED_FACE('', (#4741), #3939, .T.);
#4743 = ORIENTED_EDGE('', *, *, #3569, .T.);
#4744 = ORIENTED_EDGE('', *, *, #3557, .F.);
#4745 = ORIENTED_EDGE('', *, *, #3556, .F.);
#4746 = ORIENTED_EDGE('', *, *, #3555, .T.);
#4747 = EDGE_LOOP('', (#4743, #4744, #4745, #4746));
#4748 = FACE_BOUND('', #4747, .T.);
#4749 = ADVANCED_FACE('', (#4748), #3944, .T.);
#4750 = ORIENTED_EDGE('', *, *, #3567, .F.);
#4751 = ORIENTED_EDGE('', *, *, #3555, .F.);
#4752 = ORIENTED_EDGE('', *, *, #3620, .F.);
#4753 = ORIENTED_EDGE('', *, *, #3621, .T.);
#4754 = ORIENTED_EDGE('', *, *, #3622, .T.);
#4755 = ORIENTED_EDGE('', *, *, #3623, .F.);
#4756 = EDGE_LOOP('', (#4750, #4751));
#4757 = FACE_BOUND('', #4756, .T.);
#4758 = EDGE_LOOP('', (#4752, #4753, #4754, #4755));
#4759 = FACE_BOUND('', #4758, .T.);
#4760 = ADVANCED_FACE('', (#4757, #4759), #3948, .F.);
#4761 = ORIENTED_EDGE('', *, *, #3557, .T.);
#4762 = ORIENTED_EDGE('', *, *, #3568, .T.);
#4763 = EDGE_LOOP('', (#4761, #4762));
#4764 = FACE_BOUND('', #4763, .T.);
#4765 = ADVANCED_FACE('', (#4764), #3952, .T.);
#4766 = ORIENTED_EDGE('', *, *, #3572, .T.);
#4767 = ORIENTED_EDGE('', *, *, #3560, .F.);
#4768 = ORIENTED_EDGE('', *, *, #3559, .F.);
#4769 = ORIENTED_EDGE('', *, *, #3558, .T.);
#4770 = EDGE_LOOP('', (#4766, #4767, #4768, #4769));
#4771 = FACE_BOUND('', #4770, .T.);
#4772 = ADVANCED_FACE('', (#4771), #3957, .T.);
#4773 = ORIENTED_EDGE('', *, *, #3570, .F.);
#4774 = ORIENTED_EDGE('', *, *, #3558, .F.);
#4775 = ORIENTED_EDGE('', *, *, #3607, .F.);
#4776 = ORIENTED_EDGE('', *, *, #3608, .T.);
#4777 = ORIENTED_EDGE('', *, *, #3609, .T.);
#4778 = ORIENTED_EDGE('', *, *, #3610, .F.);
#4779 = EDGE_LOOP('', (#4773, #4774));
#4780 = FACE_BOUND('', #4779, .T.);
#4781 = EDGE_LOOP('', (#4775, #4776, #4777, #4778));
#4782 = FACE_BOUND('', #4781, .T.);
#4783 = ADVANCED_FACE('', (#4780, #4782), #3961, .F.);
#4784 = ORIENTED_EDGE('', *, *, #3560, .T.);
#4785 = ORIENTED_EDGE('', *, *, #3571, .T.);
#4786 = EDGE_LOOP('', (#4784, #4785));
#4787 = FACE_BOUND('', #4786, .T.);
#4788 = ADVANCED_FACE('', (#4787), #3965, .T.);
#4789 = ORIENTED_EDGE('', *, *, #3563, .F.);
#4790 = ORIENTED_EDGE('', *, *, #3561, .T.);
#4791 = ORIENTED_EDGE('', *, *, #3550, .T.);
#4792 = ORIENTED_EDGE('', *, *, #3562, .F.);
#4793 = EDGE_LOOP('', (#4789, #4790, #4791, #4792));
#4794 = FACE_BOUND('', #4793, .T.);
#4795 = ADVANCED_FACE('', (#4794), #3918, .T.);
#4796 = ORIENTED_EDGE('', *, *, #3566, .F.);
#4797 = ORIENTED_EDGE('', *, *, #3564, .T.);
#4798 = ORIENTED_EDGE('', *, *, #3553, .T.);
#4799 = ORIENTED_EDGE('', *, *, #3565, .F.);
#4800 = EDGE_LOOP('', (#4796, #4797, #4798, #4799));
#4801 = FACE_BOUND('', #4800, .T.);
#4802 = ADVANCED_FACE('', (#4801), #3931, .T.);
#4803 = ORIENTED_EDGE('', *, *, #3569, .F.);
#4804 = ORIENTED_EDGE('', *, *, #3567, .T.);
#4805 = ORIENTED_EDGE('', *, *, #3556, .T.);
#4806 = ORIENTED_EDGE('', *, *, #3568, .F.);
#4807 = EDGE_LOOP('', (#4803, #4804, #4805, #4806));
#4808 = FACE_BOUND('', #4807, .T.);
#4809 = ADVANCED_FACE('', (#4808), #3944, .T.);
#4810 = ORIENTED_EDGE('', *, *, #3572, .F.);
#4811 = ORIENTED_EDGE('', *, *, #3570, .T.);
#4812 = ORIENTED_EDGE('', *, *, #3559, .T.);
#4813 = ORIENTED_EDGE('', *, *, #3571, .F.);
#4814 = EDGE_LOOP('', (#4810, #4811, #4812, #4813));
#4815 = FACE_BOUND('', #4814, .T.);
#4816 = ADVANCED_FACE('', (#4815), #3957, .T.);
#4817 = ORIENTED_EDGE('', *, *, #3573, .T.);
#4818 = ORIENTED_EDGE('', *, *, #3575, .T.);
#4819 = EDGE_LOOP('', (#4817, #4818));
#4820 = FACE_BOUND('', #4819, .T.);
#4821 = ADVANCED_FACE('', (#4820), #3974, .T.);
#4822 = ORIENTED_EDGE('', *, *, #3584, .T.);
#4823 = ORIENTED_EDGE('', *, *, #3576, .F.);
#4824 = ORIENTED_EDGE('', *, *, #3573, .F.);
#4825 = ORIENTED_EDGE('', *, *, #3574, .T.);
#4826 = ORIENTED_EDGE('', *, *, #3581, .T.);
#4827 = EDGE_LOOP('', (#4822, #4823, #4824, #4825, #4826));
#4828 = FACE_BOUND('', #4827, .T.);
#4829 = ADVANCED_FACE('', (#4828), #3970, .F.);
#4830 = ORIENTED_EDGE('', *, *, #3582, .F.);
#4831 = ORIENTED_EDGE('', *, *, #3574, .F.);
#4832 = ORIENTED_EDGE('', *, *, #3575, .F.);
#4833 = ORIENTED_EDGE('', *, *, #3576, .T.);
#4834 = ORIENTED_EDGE('', *, *, #3583, .F.);
#4835 = EDGE_LOOP('', (#4830, #4831, #4832, #4833, #4834));
#4836 = FACE_BOUND('', #4835, .T.);
#4837 = ADVANCED_FACE('', (#4836), #3970, .F.);
#4838 = ORIENTED_EDGE('', *, *, #3579, .T.);
#4839 = ORIENTED_EDGE('', *, *, #3585, .T.);
#4840 = ORIENTED_EDGE('', *, *, #3578, .T.);
#4841 = EDGE_LOOP('', (#4838, #4839, #4840));
#4842 = FACE_BOUND('', #4841, .T.);
#4843 = ADVANCED_FACE('', (#4842), #3970, .F.);
#4844 = ORIENTED_EDGE('', *, *, #3580, .T.);
#4845 = ORIENTED_EDGE('', *, *, #3585, .F.);
#4846 = ORIENTED_EDGE('', *, *, #3577, .T.);
#4847 = EDGE_LOOP('', (#4844, #4845, #4846));
#4848 = FACE_BOUND('', #4847, .T.);
#4849 = ADVANCED_FACE('', (#4848), #3978, .F.);
#4850 = ORIENTED_EDGE('', *, *, #3586, .T.);
#4851 = ORIENTED_EDGE('', *, *, #3588, .T.);
#4852 = EDGE_LOOP('', (#4850, #4851));
#4853 = FACE_BOUND('', #4852, .T.);
#4854 = ADVANCED_FACE('', (#4853), #3987, .T.);
#4855 = ORIENTED_EDGE('', *, *, #3597, .T.);
#4856 = ORIENTED_EDGE('', *, *, #3589, .F.);
#4857 = ORIENTED_EDGE('', *, *, #3586, .F.);
#4858 = ORIENTED_EDGE('', *, *, #3587, .T.);
#4859 = ORIENTED_EDGE('', *, *, #3594, .T.);
#4860 = EDGE_LOOP('', (#4855, #4856, #4857, #4858, #4859));
#4861 = FACE_BOUND('', #4860, .T.);
#4862 = ADVANCED_FACE('', (#4861), #3983, .F.);
#4863 = ORIENTED_EDGE('', *, *, #3595, .F.);
#4864 = ORIENTED_EDGE('', *, *, #3587, .F.);
#4865 = ORIENTED_EDGE('', *, *, #3588, .F.);
#4866 = ORIENTED_EDGE('', *, *, #3589, .T.);
#4867 = ORIENTED_EDGE('', *, *, #3596, .F.);
#4868 = EDGE_LOOP('', (#4863, #4864, #4865, #4866, #4867));
#4869 = FACE_BOUND('', #4868, .T.);
#4870 = ADVANCED_FACE('', (#4869), #3983, .F.);
#4871 = ORIENTED_EDGE('', *, *, #3592, .T.);
#4872 = ORIENTED_EDGE('', *, *, #3598, .T.);
#4873 = ORIENTED_EDGE('', *, *, #3591, .T.);
#4874 = EDGE_LOOP('', (#4871, #4872, #4873));
#4875 = FACE_BOUND('', #4874, .T.);
#4876 = ADVANCED_FACE('', (#4875), #3983, .F.);
#4877 = ORIENTED_EDGE('', *, *, #3593, .T.);
#4878 = ORIENTED_EDGE('', *, *, #3598, .F.);
#4879 = ORIENTED_EDGE('', *, *, #3590, .T.);
#4880 = EDGE_LOOP('', (#4877, #4878, #4879));
#4881 = FACE_BOUND('', #4880, .T.);
#4882 = ADVANCED_FACE('', (#4881), #3991, .F.);
#4883 = ORIENTED_EDGE('', *, *, #3599, .T.);
#4884 = ORIENTED_EDGE('', *, *, #3601, .T.);
#4885 = EDGE_LOOP('', (#4883, #4884));
#4886 = FACE_BOUND('', #4885, .T.);
#4887 = ADVANCED_FACE('', (#4886), #4000, .T.);
#4888 = ORIENTED_EDGE('', *, *, #3608, .F.);
#4889 = ORIENTED_EDGE('', *, *, #3600, .F.);
#4890 = ORIENTED_EDGE('', *, *, #3601, .F.);
#4891 = ORIENTED_EDGE('', *, *, #3602, .T.);
#4892 = ORIENTED_EDGE('', *, *, #3609, .F.);
#4893 = EDGE_LOOP('', (#4888, #4889, #4890, #4891, #4892));
#4894 = FACE_BOUND('', #4893, .T.);
#4895 = ADVANCED_FACE('', (#4894), #3996, .F.);
#4896 = ORIENTED_EDGE('', *, *, #3605, .T.);
#4897 = ORIENTED_EDGE('', *, *, #3611, .F.);
#4898 = ORIENTED_EDGE('', *, *, #3604, .T.);
#4899 = EDGE_LOOP('', (#4896, #4897, #4898));
#4900 = FACE_BOUND('', #4899, .T.);
#4901 = ADVANCED_FACE('', (#4900), #4004, .F.);
#4902 = ORIENTED_EDGE('', *, *, #3610, .T.);
#4903 = ORIENTED_EDGE('', *, *, #3602, .F.);
#4904 = ORIENTED_EDGE('', *, *, #3599, .F.);
#4905 = ORIENTED_EDGE('', *, *, #3600, .T.);
#4906 = ORIENTED_EDGE('', *, *, #3607, .T.);
#4907 = EDGE_LOOP('', (#4902, #4903, #4904, #4905, #4906));
#4908 = FACE_BOUND('', #4907, .T.);
#4909 = ADVANCED_FACE('', (#4908), #3996, .F.);
#4910 = ORIENTED_EDGE('', *, *, #3606, .T.);
#4911 = ORIENTED_EDGE('', *, *, #3611, .T.);
#4912 = ORIENTED_EDGE('', *, *, #3603, .T.);
#4913 = EDGE_LOOP('', (#4910, #4911, #4912));
#4914 = FACE_BOUND('', #4913, .T.);
#4915 = ADVANCED_FACE('', (#4914), #3996, .F.);
#4916 = ORIENTED_EDGE('', *, *, #3612, .T.);
#4917 = ORIENTED_EDGE('', *, *, #3614, .T.);
#4918 = EDGE_LOOP('', (#4916, #4917));
#4919 = FACE_BOUND('', #4918, .T.);
#4920 = ADVANCED_FACE('', (#4919), #4013, .T.);
#4921 = ORIENTED_EDGE('', *, *, #3621, .F.);
#4922 = ORIENTED_EDGE('', *, *, #3613, .F.);
#4923 = ORIENTED_EDGE('', *, *, #3614, .F.);
#4924 = ORIENTED_EDGE('', *, *, #3615, .T.);
#4925 = ORIENTED_EDGE('', *, *, #3622, .F.);
#4926 = EDGE_LOOP('', (#4921, #4922, #4923, #4924, #4925));
#4927 = FACE_BOUND('', #4926, .T.);
#4928 = ADVANCED_FACE('', (#4927), #4009, .F.);
#4929 = ORIENTED_EDGE('', *, *, #3618, .T.);
#4930 = ORIENTED_EDGE('', *, *, #3624, .F.);
#4931 = ORIENTED_EDGE('', *, *, #3617, .T.);
#4932 = EDGE_LOOP('', (#4929, #4930, #4931));
#4933 = FACE_BOUND('', #4932, .T.);
#4934 = ADVANCED_FACE('', (#4933), #4017, .F.);
#4935 = ORIENTED_EDGE('', *, *, #3623, .T.);
#4936 = ORIENTED_EDGE('', *, *, #3615, .F.);
#4937 = ORIENTED_EDGE('', *, *, #3612, .F.);
#4938 = ORIENTED_EDGE('', *, *, #3613, .T.);
#4939 = ORIENTED_EDGE('', *, *, #3620, .T.);
#4940 = EDGE_LOOP('', (#4935, #4936, #4937, #4938, #4939));
#4941 = FACE_BOUND('', #4940, .T.);
#4942 = ADVANCED_FACE('', (#4941), #4009, .F.);
#4943 = ORIENTED_EDGE('', *, *, #3619, .T.);
#4944 = ORIENTED_EDGE('', *, *, #3624, .T.);
#4945 = ORIENTED_EDGE('', *, *, #3616, .T.);
#4946 = EDGE_LOOP('', (#4943, #4944, #4945));
#4947 = FACE_BOUND('', #4946, .T.);
#4948 = ADVANCED_FACE('', (#4947), #4009, .F.);
#4949 = CLOSED_SHELL('', (#4028, #4039, #4070, #4077, #4090, #4103, #4110, #4117, #4138, #4159, #4170, #4187, #4218, #4231, #4244, #4262, #4269, #4282, #4289, #4296, #4303, #4310, #4317, #4324, #4331, #4338, #4349, #4364, #4371, #4400, #4407, #4415, #4420, #4428, #4436, #4441, #4449, #4457, #4462, #4470, #4478, #4483, #4491, #4500, #4510, #4518, #4525, #4531, #4538, #4545, #4552, #4559, #4566, #4575, #4584, #4591, #4598, #4605, #4612, #4619, #4626, #4633, #4640, #4647, #4654, #4661, #4668, #4675, #4682, #4689, #4696, #4703, #4714, #4719, #4726, #4737, #4742, #4749, #4760, #4765, #4772, #4783, #4788, #4795, #4802, #4809, #4816, #4821, #4829, #4837, #4843, #4849, #4854, #4862, #4870, #4876, #4882, #4887, #4895, #4901, #4909, #4915, #4920, #4928, #4934, #4942, #4948));
#4950 = MANIFOLD_SOLID_BREP('', #4949);
#4951 = APPLICATION_CONTEXT('configuration controlled 3D design of mechanical parts and assemblies');
#4952 = PRODUCT_DEFINITION_CONTEXT('part definition', #4951, 'design');
#4953 = PRODUCT('UNIDENTIFIED_PRODUCT', '', $, ());
#4954 = PRODUCT_DEFINITION_FORMATION('', $, #4953);
#4955 = PRODUCT_DEFINITION('design', $, #4954, #4952);
#4956 = PRODUCT_DEFINITION_SHAPE('', $, #4955);
#4957 = ADVANCED_BREP_SHAPE_REPRESENTATION('', (#4950), #4);
#4958 = SHAPE_DEFINITION_REPRESENTATION(#4956, #4957);
#4959 = COLOUR_RGB('', 0.8999999761581421, 0.8999999761581421, 0.8999999761581421);
#4960 = FILL_AREA_STYLE_COLOUR('', #4959);
#4961 = FILL_AREA_STYLE('', (#4960));
#4962 = SURFACE_STYLE_FILL_AREA(#4961);
#4963 = SURFACE_SIDE_STYLE('', (#4962));
#4964 = SURFACE_STYLE_USAGE(.BOTH., #4963);
#4965 = PRESENTATION_STYLE_ASSIGNMENT((#4964));
#4966 = STYLED_ITEM('', (#4965), #4950);
#4967 = MECHANICAL_DESIGN_GEOMETRIC_PRESENTATION_REPRESENTATION('', (#4966), #4);
ENDSEC;
END-ISO-10303-21;

